cod_municipio,uf,pib,Ano,pop
110001,RO,734469,2021,22516
110002,RO,3209761,2021,111148
110003,RO,238412,2021,5067
110004,RO,2792383,2021,86416
110005,RO,743037,2021,16088
110006,RO,424807,2021,15213
110007,RO,396728,2021,7052
110008,RO,316671,2021,19255
110009,RO,773381,2021,33009
110010,RO,1054179,2021,46930
110011,RO,1765089,2021,51469
110012,RO,4231113,2021,131026
110013,RO,890320,2021,41724
110014,RO,548734,2021,20504
110015,RO,985868,2021,35445
110018,RO,1642516,2021,37098
110020,RO,20059522,2021,548952
110025,RO,559990,2021,18165
110026,RO,184430,2021,3843
110028,RO,1565194,2021,55748
110029,RO,213556,2021,5942
110030,RO,4215046,2021,104517
110032,RO,905335,2021,23147
110033,RO,742687,2021,32184
110034,RO,352628,2021,13807
110037,RO,483672,2021,13268
110040,RO,510361,2021,22258
110045,RO,966552,2021,41043
110050,RO,231502,2021,8125
110060,RO,275338,2021,6307
110070,RO,369377,2021,14391
110080,RO,655606,2021,28068
110090,RO,99627,2021,2923
110092,RO,468793,2021,11755
110094,RO,487480,2021,27131
110100,RO,239330,2021,7130
110110,RO,210031,2021,10819
110120,RO,297878,2021,9461
110130,RO,262640,2021,10691
110140,RO,389891,2021,16158
110143,RO,157321,2021,6822
110145,RO,155434,2021,6319
110146,RO,246209,2021,2127
110147,RO,107030,2021,2697
110148,RO,130676,2021,4962
110149,RO,488043,2021,21088
110150,RO,332987,2021,11846
110155,RO,121301,2021,4160
110160,RO,257426,2021,10348
110170,RO,273501,2021,11081
110175,RO,220588,2021,11545
110180,RO,185648,2021,6490
120001,AC,398725,2021,15721
120005,AC,133916,2021,7649
120010,AC,685636,2021,27123
120013,AC,300830,2021,10572
120017,AC,512353,2021,12280
120020,AC,2058630,2021,89760
120025,AC,644542,2021,18979
120030,AC,567040,2021,34986
120032,AC,113975,2021,8628
120033,AC,269205,2021,19643
120034,AC,184904,2021,9701
120035,AC,256865,2021,19727
120038,AC,601471,2021,20147
120039,AC,160535,2021,12497
120040,AC,10955675,2021,419452
120042,AC,255649,2021,19767
120043,AC,108545,2021,6893
120045,AC,779672,2021,23446
120050,AC,748094,2021,47168
120060,AC,711884,2021,43730
120070,AC,454981,2021,19866
120080,AC,471315,2021,19141
130002,AM,217333,2021,16396
130006,AM,118872,2021,11934
130008,AM,138599,2021,14292
130010,AM,248435,2021,21937
130014,AM,297810,2021,22739
130020,AM,184947,2021,20868
130030,AM,506341,2021,41005
130040,AM,245622,2021,27772
130050,AM,344890,2021,32919
130060,AM,388781,2021,44873
130063,AM,211871,2021,20503
130068,AM,182412,2021,20040
130070,AM,512796,2021,34958
130080,AM,402131,2021,42328
130083,AM,177894,2021,13482
130090,AM,154316,2021,15981
130100,AM,370657,2021,28719
130110,AM,395194,2021,38820
130115,AM,413374,2021,31459
130120,AM,3380278,2021,86713
130130,AM,531995,2021,29691
130140,AM,568039,2021,36121
130150,AM,215527,2021,20748
130160,AM,222773,2021,16409
130165,AM,177320,2021,17193
130170,AM,860168,2021,57195
130180,AM,216519,2021,31172
130185,AM,1001862,2021,49718
130190,AM,2350463,2021,104046
130195,AM,135620,2021,7777
130200,AM,152509,2021,9312
130210,AM,85809,2021,1755
130220,AM,138074,2021,15495
130230,AM,266377,2021,13462
130240,AM,625199,2021,47685
130250,AM,1544675,2021,99613
130255,AM,311335,2021,33981
130260,AM,103281436,2021,2255903
130270,AM,686279,2021,57405
130280,AM,176217,2021,18298
130290,AM,595827,2021,66159
130300,AM,207005,2021,21710
130310,AM,341652,2021,38665
130320,AM,186533,2021,20395
130330,AM,252422,2021,26443
130340,AM,1426984,2021,116439
130350,AM,199541,2021,19616
130353,AM,1031905,2021,38095
130356,AM,407146,2021,34856
130360,AM,185817,2021,26566
130370,AM,237314,2021,20889
130380,AM,423054,2021,47031
130390,AM,334131,2021,40837
130395,AM,136609,2021,14678
130400,AM,175042,2021,9289
130406,AM,758036,2021,68502
130410,AM,239944,2021,16876
130420,AM,1098392,2021,59250
130423,AM,185410,2021,19038
130426,AM,229209,2021,13839
130430,AM,205656,2021,16007
130440,AM,232661,2021,24098
140002,RR,240826,2021,13561
140005,RR,385507,2021,15249
140010,RR,13493364,2021,436591
140015,RR,522405,2021,12701
140017,RR,353071,2021,19257
140020,RR,453298,2021,22635
140023,RR,236788,2021,10595
140028,RR,208477,2021,12637
140030,RR,393852,2021,18482
140040,RR,202859,2021,11772
140045,RR,329092,2021,20108
140047,RR,732356,2021,31387
140050,RR,327768,2021,8492
140060,RR,178972,2021,8232
140070,RR,143945,2021,11014
150010,PA,1949341,2021,160439
150013,PA,105496,2021,7536
150020,PA,1433440,2021,55744
150030,PA,444236,2021,39910
150034,PA,643132,2021,27797
150040,PA,745403,2021,57390
150050,PA,688370,2021,34044
150060,PA,3120219,2021,117320
150070,PA,259020,2021,30091
150080,PA,8939830,2021,540410
150085,PA,588032,2021,29312
150090,PA,363771,2021,46937
150095,PA,308633,2021,32200
150100,PA,151969,2021,16421
150110,PA,250548,2021,31967
150120,PA,562147,2021,49454
150125,PA,129007,2021,3239
150130,PA,9243937,2021,129333
150140,PA,33467126,2021,1506420
150145,PA,237196,2021,17944
150150,PA,1986729,2021,64780
150157,PA,243883,2021,17254
150160,PA,206682,2021,16769
150170,PA,1389573,2021,130122
150172,PA,379813,2021,14883
150175,PA,115088,2021,7357
150178,PA,794309,2021,68597
150180,PA,893933,2021,104280
150190,PA,536730,2021,29717
150195,PA,227634,2021,35307
150200,PA,255830,2021,24355
150210,PA,1393690,2021,140814
150215,PA,34989610,2021,39103
150220,PA,1427144,2021,69828
150230,PA,615773,2021,54545
150240,PA,4709312,2021,205667
150250,PA,248270,2021,24175
150260,PA,100969,2021,12175
150270,PA,662825,2021,48115
150275,PA,420236,2021,34236
150276,PA,406927,2021,14044
150277,PA,3667341,2021,17764
150280,PA,282512,2021,35530
150285,PA,149717,2021,14776
150290,PA,369777,2021,41093
150293,PA,940611,2021,61206
150295,PA,556042,2021,34069
150300,PA,76730,2021,6949
150304,PA,602623,2021,20742
150307,PA,276033,2021,26155
150309,PA,506638,2021,41678
150310,PA,334287,2021,34127
150320,PA,415894,2021,39234
150330,PA,691233,2021,63367
150340,PA,174628,2021,12009
150345,PA,625213,2021,67170
150350,PA,278006,2021,32639
150360,PA,3078558,2021,101541
150370,PA,841956,2021,53439
150375,PA,625760,2021,6952
150380,PA,615695,2021,60517
150390,PA,1451756,2021,59961
150400,PA,503051,2021,29623
150405,PA,340311,2021,30389
150410,PA,98432,2021,8598
150420,PA,13523145,2021,287664
150430,PA,289997,2021,29559
150440,PA,263657,2021,28563
150442,PA,2578541,2021,135812
150445,PA,1023972,2021,32347
150450,PA,216855,2021,28121
150460,PA,452082,2021,31917
150470,PA,1348481,2021,84251
150475,PA,288644,2021,16282
150480,PA,807340,2021,58289
150490,PA,338764,2021,41454
150495,PA,350842,2021,21519
150497,PA,192605,2021,17027
150500,PA,147491,2021,15646
150503,PA,971539,2021,25769
150506,PA,1117034,2021,78488
150510,PA,965930,2021,52473
150520,PA,419077,2021,33182
150530,PA,2278575,2021,74921
150540,PA,200629,2021,18079
150543,PA,1302429,2021,33831
150548,PA,867605,2021,49110
150549,PA,98769,2021,7575
150550,PA,4280508,2021,115838
150553,PA,49763040,2021,218787
150555,PA,114870,2021,5339
150560,PA,72327,2021,8084
150563,PA,292755,2021,12976
150565,PA,323263,2021,32325
150570,PA,275230,2021,32007
150580,PA,945733,2021,63831
150590,PA,404677,2021,42456
150600,PA,442969,2021,29827
150610,PA,321726,2021,10889
150611,PA,120882,2021,13794
150613,PA,2552479,2021,86326
150616,PA,601872,2021,18208
150618,PA,734050,2021,53242
150619,PA,496837,2021,52473
150620,PA,641901,2021,41164
150630,PA,210371,2021,24392
150635,PA,240524,2021,21811
150640,PA,96043,2021,10496
150650,PA,935129,2021,72856
150655,PA,196168,2021,19839
150658,PA,1072244,2021,22244
150660,PA,371642,2021,25127
150670,PA,1381972,2021,75995
150680,PA,6390528,2021,308339
150690,PA,60065,2021,6796
150700,PA,475569,2021,32346
150710,PA,183191,2021,18207
150715,PA,359021,2021,25945
150720,PA,438410,2021,32285
150730,PA,2009122,2021,135732
150740,PA,264374,2021,15978
150745,PA,710684,2021,24566
150746,PA,57407,2021,6294
150747,PA,182168,2021,23440
150750,PA,186890,2021,14105
150760,PA,793139,2021,60268
150770,PA,245028,2021,27302
150775,PA,141176,2021,6088
150780,PA,246281,2021,11305
150790,PA,241803,2021,25752
150795,PA,1291722,2021,111554
150796,PA,83046,2021,11971
150797,PA,519541,2021,19063
150800,PA,1040635,2021,64604
150803,PA,285330,2021,31549
150805,PA,327523,2021,19344
150808,PA,984423,2021,40661
150810,PA,5614501,2021,116605
150812,PA,1995884,2021,62286
150815,PA,774530,2021,45395
150820,PA,476787,2021,54650
150830,PA,618568,2021,62093
150835,PA,4230778,2021,15421
150840,PA,1605020,2021,45416
160005,AP,92155,2021,5577
160010,AP,159543,2021,9265
160015,AP,453324,2021,17625
160020,AP,184496,2021,11493
160021,AP,94625,2021,6217
160023,AP,578381,2021,8151
160025,AP,87891,2021,5730
160027,AP,1134587,2021,52302
160030,AP,12938060,2021,522357
160040,AP,377734,2021,22468
160050,AP,528919,2021,28534
160053,AP,373966,2021,22927
160055,AP,84589,2021,5370
160060,AP,2512717,2021,124808
160070,AP,261938,2021,18217
160080,AP,236925,2021,16572
170025,TO,112135,2021,2609
170030,TO,165480,2021,7049
170035,TO,616571,2021,5303
170040,TO,273741,2021,6905
170070,TO,474111,2021,8381
170100,TO,159769,2021,9435
170105,TO,48276,2021,3475
170110,TO,255912,2021,4901
170130,TO,98441,2021,5705
170190,TO,240246,2021,7223
170200,TO,349050,2021,8418
170210,TO,5239050,2021,186245
170215,TO,101858,2021,5856
170220,TO,529290,2021,36573
170230,TO,324523,2021,6590
170240,TO,223310,2021,10502
170255,TO,305118,2021,18870
170270,TO,58806,2021,3809
170290,TO,141092,2021,9817
170300,TO,158741,2021,10668
170305,TO,178654,2021,3631
170307,TO,113260,2021,4673
170310,TO,122016,2021,5669
170320,TO,102684,2021,4439
170330,TO,139410,2021,5120
170360,TO,75634,2021,2221
170370,TO,272945,2021,5540
170380,TO,161641,2021,11644
170382,TO,58547,2021,2293
170384,TO,1004931,2021,10505
170386,TO,517715,2021,4499
170388,TO,69222,2021,2627
170389,TO,50561,2021,4165
170390,TO,389493,2021,5514
170410,TO,64557,2021,2966
170460,TO,39824,2021,1415
170510,TO,148973,2021,3330
170550,TO,862139,2021,36271
170555,TO,76524,2021,4870
170560,TO,67829,2021,4070
170600,TO,203473,2021,5690
170610,TO,177294,2021,7268
170625,TO,78645,2021,1749
170650,TO,241932,2021,6250
170700,TO,644829,2021,22704
170710,TO,249235,2021,6986
170720,TO,216149,2021,7173
170730,TO,204765,2021,4686
170740,TO,118724,2021,11280
170755,TO,89100,2021,3824
170765,TO,256752,2021,5222
170770,TO,129323,2021,8892
170820,TO,1414038,2021,18358
170825,TO,232898,2021,2615
170830,TO,193502,2021,5136
170900,TO,230924,2021,13169
170930,TO,880403,2021,26403
170950,TO,2648420,2021,88428
170980,TO,47772,2021,2088
171050,TO,186260,2021,7471
171070,TO,82611,2021,5801
171090,TO,171522,2021,3814
171110,TO,69980,2021,2412
171150,TO,97865,2021,3906
171180,TO,44395,2021,2174
171190,TO,998445,2021,13989
171195,TO,89429,2021,4470
171200,TO,64405,2021,3199
171215,TO,37870,2021,1984
171240,TO,66332,2021,3727
171245,TO,71180,2021,3200
171250,TO,252331,2021,5332
171270,TO,252360,2021,2773
171280,TO,55911,2021,3470
171320,TO,642003,2021,17628
171330,TO,390325,2021,13551
171360,TO,296288,2021,8182
171370,TO,75004,2021,2311
171380,TO,95357,2021,6830
171395,TO,69465,2021,3623
171420,TO,247340,2021,9256
171430,TO,58139,2021,3772
171488,TO,320311,2021,12014
171500,TO,100915,2021,4348
171510,TO,84723,2021,4450
171515,TO,35521,2021,2332
171525,TO,42672,2021,2768
171550,TO,29469,2021,1124
171570,TO,185349,2021,6234
171575,TO,170118,2021,7694
171610,TO,1513693,2021,52521
171620,TO,315397,2021,10426
171630,TO,91169,2021,4885
171650,TO,848671,2021,13964
171660,TO,733929,2021,11996
171665,TO,107606,2021,5546
171670,TO,182796,2021,8078
171700,TO,85006,2021,4414
171720,TO,89940,2021,3038
171750,TO,361915,2021,7830
171780,TO,66158,2021,4586
171790,TO,121170,2021,8192
171800,TO,47043,2021,3200
171820,TO,3649421,2021,53618
171830,TO,93139,2021,8563
171840,TO,65165,2021,3668
171845,TO,82663,2021,2746
171850,TO,91480,2021,4389
171855,TO,68536,2021,4723
171865,TO,29142,2021,2211
171870,TO,85928,2021,2879
171875,TO,111443,2021,6498
171880,TO,145863,2021,4876
171884,TO,116736,2021,3371
171886,TO,175927,2021,7678
171888,TO,139630,2021,3537
171889,TO,180273,2021,2407
171890,TO,307685,2021,4864
171900,TO,48098,2021,2928
172000,TO,41931,2021,2530
172010,TO,73590,2021,5457
172015,TO,36541,2021,1610
172020,TO,255814,2021,12445
172025,TO,49467,2021,3106
172030,TO,61804,2021,4898
172049,TO,156734,2021,3848
172065,TO,240329,2021,5452
172080,TO,132862,2021,8965
172085,TO,532374,2021,2007
172090,TO,318253,2021,16966
172093,TO,35246,2021,2183
172097,TO,146708,2021,2831
172100,TO,10333419,2021,313349
172110,TO,191373,2021,7688
172120,TO,372642,2021,22820
172125,TO,118839,2021,1952
172130,TO,38619,2021,2785
172208,TO,183424,2021,11783
172210,TO,471020,2021,11500
210005,MA,3828780,2021,113783
210010,MA,85068,2021,6631
210015,MA,101672,2021,12731
210020,MA,148797,2021,22126
210030,MA,249450,2021,26979
210040,MA,71526,2021,8250
210043,MA,303156,2021,28066
210047,MA,251786,2021,31967
210050,MA,578991,2021,11233
210055,MA,70213,2021,7047
210060,MA,388693,2021,42017
210070,MA,207643,2021,27170
210080,MA,149133,2021,16054
210083,MA,133979,2021,17582
210087,MA,101754,2021,15675
210090,MA,282823,2021,47095
210095,MA,290362,2021,32825
210100,MA,313303,2021,30014
210110,MA,97443,2021,12234
210120,MA,1514711,2021,105094
210125,MA,599322,2021,17446
210130,MA,122906,2021,18726
210135,MA,39600,2021,5696
210140,MA,6307610,2021,96951
210150,MA,268565,2021,19026
210160,MA,889327,2021,88895
210170,MA,635796,2021,63891
210173,MA,60734,2021,7586
210177,MA,107575,2021,11347
210180,MA,73162,2021,5643
210190,MA,138140,2021,21317
210193,MA,105126,2021,6102
210197,MA,67554,2021,8494
210200,MA,411430,2021,42010
210203,MA,375736,2021,35095
210207,MA,117983,2021,16578
210210,MA,328697,2021,36900
210215,MA,71082,2021,8841
210220,MA,277995,2021,28916
210230,MA,238710,2021,23993
210232,MA,748132,2021,73595
210235,MA,122497,2021,15503
210237,MA,60992,2021,9524
210240,MA,70673,2021,11255
210250,MA,128111,2021,19521
210255,MA,214038,2021,14530
210260,MA,146821,2021,20376
210270,MA,153436,2021,22236
210275,MA,284011,2021,10937
210280,MA,525940,2021,24151
210290,MA,202040,2021,24095
210300,MA,2112941,2021,166159
210310,MA,78602,2021,10711
210312,MA,58363,2021,8806
210315,MA,103761,2021,13876
210317,MA,200805,2021,22056
210320,MA,894509,2021,80705
210325,MA,183588,2021,14855
210330,MA,1648786,2021,123368
210340,MA,462763,2021,49804
210350,MA,553253,2021,41443
210355,MA,147232,2021,16559
210360,MA,533670,2021,65788
210370,MA,264588,2021,32559
210375,MA,190230,2021,12923
210380,MA,262586,2021,23393
210390,MA,86926,2021,11451
210400,MA,159009,2021,16971
210405,MA,1138794,2021,43097
210407,MA,118019,2021,8506
210408,MA,100433,2021,10559
210409,MA,202181,2021,19425
210410,MA,346720,2021,12662
210420,MA,143321,2021,17812
210430,MA,2658714,2021,12104
210440,MA,150088,2021,17953
210450,MA,91925,2021,10931
210455,MA,375030,2021,18740
210460,MA,118448,2021,14703
210462,MA,71094,2021,7878
210465,MA,84191,2021,10121
210467,MA,258016,2021,25502
210470,MA,54166,2021,6261
210480,MA,1149837,2021,70692
210490,MA,93414,2021,11966
210500,MA,184411,2021,29143
210510,MA,178973,2021,27423
210515,MA,370692,2021,14470
210520,MA,117754,2021,11453
210530,MA,7693511,2021,259980
210535,MA,107310,2021,16158
210540,MA,772940,2021,69233
210542,MA,489270,2021,26134
210545,MA,75706,2021,10464
210547,MA,125762,2021,17123
210550,MA,270665,2021,23677
210560,MA,116564,2021,16228
210565,MA,61714,2021,4334
210570,MA,550477,2021,50959
210580,MA,86662,2021,10900
210590,MA,135765,2021,16369
210592,MA,97026,2021,11280
210594,MA,83998,2021,8841
210596,MA,102454,2021,11534
210598,MA,101485,2021,7653
210600,MA,274574,2021,11943
210610,MA,413287,2021,12271
210620,MA,57351,2021,7016
210630,MA,140989,2021,20228
210632,MA,207076,2021,21773
210635,MA,90824,2021,7757
210637,MA,120934,2021,16754
210640,MA,179239,2021,17122
210650,MA,196785,2021,23591
210660,MA,256405,2021,34099
210663,MA,99343,2021,17316
210667,MA,64355,2021,8502
210670,MA,277841,2021,21045
210675,MA,788634,2021,29121
210680,MA,112073,2021,15059
210690,MA,257693,2021,33888
210700,MA,86501,2021,9064
210710,MA,149936,2021,19708
210720,MA,88539,2021,14826
210725,MA,86441,2021,5469
210730,MA,50977,2021,4682
210735,MA,183185,2021,21228
210740,MA,188405,2021,19616
210745,MA,107307,2021,14968
210750,MA,1240527,2021,125265
210760,MA,139135,2021,19840
210770,MA,183383,2021,21571
210780,MA,323004,2021,35108
210790,MA,200120,2021,19253
210800,MA,309545,2021,19693
210805,MA,118360,2021,16295
210810,MA,194181,2021,21092
210820,MA,787721,2021,39153
210825,MA,157904,2021,25560
210830,MA,253791,2021,38987
210840,MA,95959,2021,14371
210845,MA,230472,2021,23530
210850,MA,296247,2021,33186
210860,MA,1040054,2021,84160
210870,MA,191368,2021,21274
210880,MA,130801,2021,18814
210890,MA,163110,2021,17321
210900,MA,1026129,2021,24294
210905,MA,45867,2021,5936
210910,MA,755768,2021,48264
210920,MA,84499,2021,12939
210923,MA,60695,2021,7124
210927,MA,165015,2021,19217
210930,MA,76191,2021,11328
210940,MA,89108,2021,15545
210945,MA,286199,2021,31586
210950,MA,673241,2021,20288
210955,MA,124208,2021,7859
210960,MA,443240,2021,43243
210970,MA,474716,2021,5686
210975,MA,60216,2021,7878
210980,MA,358032,2021,42829
210990,MA,1466090,2021,89927
211000,MA,743553,2021,73105
211003,MA,253366,2021,25487
211010,MA,218496,2021,25884
211020,MA,354687,2021,38732
211023,MA,74107,2021,13704
211027,MA,95956,2021,16219
211030,MA,3055591,2021,14516
211040,MA,143478,2021,18769
211050,MA,312229,2021,45989
211060,MA,281230,2021,28825
211065,MA,320539,2021,7448
211070,MA,355969,2021,34391
211080,MA,86169,2021,4540
211085,MA,121274,2021,12082
211090,MA,98997,2021,12226
211100,MA,135625,2021,20736
211102,MA,123039,2021,15768
211105,MA,151478,2021,11207
211107,MA,156403,2021,18746
211110,MA,341012,2021,26063
211120,MA,2293966,2021,180345
211125,MA,61953,2021,7639
211130,MA,36535226,2021,1115932
211140,MA,170085,2021,18600
211150,MA,429291,2021,41750
211153,MA,127634,2021,12779
211157,MA,83552,2021,4700
211160,MA,739661,2021,19090
211163,MA,43968,2021,5028
211167,MA,45779,2021,6856
211170,MA,145781,2021,22452
211172,MA,93100,2021,14274
211174,MA,101851,2021,11285
211176,MA,187168,2021,13981
211178,MA,72464,2021,10343
211180,MA,221539,2021,18237
211190,MA,126237,2021,10631
211195,MA,48010,2021,5692
211200,MA,2351452,2021,8642
211210,MA,196385,2021,29241
211220,MA,2320942,2021,171317
211223,MA,525551,2021,22223
211227,MA,60071,2021,5868
211230,MA,365257,2021,42242
211240,MA,295967,2021,35811
211245,MA,223113,2021,26112
211250,MA,546267,2021,59927
211260,MA,247541,2021,33791
211270,MA,433576,2021,57813
211280,MA,490490,2021,52852
211285,MA,156939,2021,13800
211290,MA,318224,2021,32956
211300,MA,325567,2021,31520
211400,MA,567166,2021,52190
220005,PI,73561,2021,7119
220010,PI,47283,2021,5123
220020,PI,243971,2021,17525
220025,PI,65442,2021,7678
220027,PI,48184,2021,4921
220030,PI,130955,2021,14371
220040,PI,537774,2021,40681
220045,PI,82125,2021,5469
220050,PI,192592,2021,17609
220060,PI,66748,2021,6779
220070,PI,98945,2021,9994
220080,PI,143815,2021,3175
220090,PI,57305,2021,5819
220095,PI,24625,2021,2551
220100,PI,48922,2021,4713
220105,PI,64266,2021,7879
220110,PI,97601,2021,11361
220115,PI,1768579,2021,11751
220117,PI,38963,2021,3953
220120,PI,497599,2021,47298
220130,PI,163172,2021,3356
220140,PI,89830,2021,7022
220150,PI,250803,2021,26951
220155,PI,46876,2021,4044
220157,PI,41264,2021,3607
220160,PI,91895,2021,10479
220170,PI,72158,2021,5512
220173,PI,62561,2021,6214
220177,PI,62507,2021,6848
220180,PI,47772,2021,4509
220190,PI,1410185,2021,25584
220191,PI,70166,2021,5670
220192,PI,52945,2021,5700
220194,PI,51725,2021,6443
220196,PI,69324,2021,8364
220198,PI,43978,2021,3824
220200,PI,214747,2021,19832
220202,PI,69690,2021,8282
220205,PI,86134,2021,10671
220207,PI,34182,2021,3586
220208,PI,115376,2021,7704
220209,PI,195079,2021,5786
220210,PI,57496,2021,5628
220211,PI,51371,2021,5093
220213,PI,62135,2021,5987
220217,PI,56554,2021,7342
220220,PI,705863,2021,46950
220225,PI,41948,2021,3938
220230,PI,271388,2021,21326
220240,PI,106410,2021,11471
220245,PI,43675,2021,4127
220250,PI,97485,2021,11009
220253,PI,57437,2021,5910
220255,PI,50031,2021,5102
220260,PI,202443,2021,19716
220265,PI,53140,2021,5477
220270,PI,272767,2021,27901
220271,PI,46961,2021,4908
220272,PI,56960,2021,6180
220273,PI,37708,2021,4044
220275,PI,70559,2021,6545
220277,PI,68111,2021,7665
220280,PI,60446,2021,4811
220285,PI,40760,2021,4688
220290,PI,680693,2021,26771
220300,PI,75069,2021,8350
220310,PI,121550,2021,10464
220320,PI,141390,2021,11461
220323,PI,409013,2021,4982
220325,PI,39660,2021,4475
220327,PI,78394,2021,5390
220330,PI,211639,2021,13862
220335,PI,67492,2021,7046
220340,PI,78045,2021,6940
220342,PI,46532,2021,4352
220345,PI,164346,2021,9574
220350,PI,164731,2021,14550
220360,PI,55592,2021,4943
220370,PI,456546,2021,39953
220375,PI,46774,2021,5330
220380,PI,48120,2021,4461
220385,PI,25258,2021,2561
220390,PI,1469174,2021,60111
220400,PI,44797,2021,5345
220410,PI,46763,2021,4300
220415,PI,32841,2021,3216
220420,PI,83027,2021,9423
220430,PI,112454,2021,11690
220435,PI,59253,2021,5477
220440,PI,416894,2021,10698
220450,PI,637192,2021,10496
220455,PI,45099,2021,4573
220460,PI,34066,2021,3880
220465,PI,119725,2021,9487
220470,PI,163624,2021,15330
220480,PI,82417,2021,9863
220490,PI,80798,2021,8582
220500,PI,108192,2021,11571
220510,PI,131853,2021,11037
220515,PI,69064,2021,5718
220520,PI,191771,2021,19233
220525,PI,39632,2021,4522
220527,PI,58747,2021,4885
220530,PI,63528,2021,4443
220535,PI,69289,2021,3003
220540,PI,118894,2021,14396
220545,PI,46226,2021,5488
220550,PI,390718,2021,39457
220551,PI,56058,2021,5491
220552,PI,80794,2021,5653
220553,PI,43566,2021,4790
220554,PI,40519,2021,2870
220555,PI,77314,2021,8610
220556,PI,534683,2021,4658
220557,PI,54980,2021,6795
220558,PI,75615,2021,4086
220559,PI,48595,2021,5219
220560,PI,109799,2021,5272
220570,PI,378697,2021,30558
220580,PI,241221,2021,25521
220585,PI,75141,2021,8372
220590,PI,54807,2021,5352
220595,PI,198352,2021,8590
220600,PI,54884,2021,4546
220605,PI,52130,2021,6456
220610,PI,95555,2021,10979
220620,PI,312819,2021,33901
220630,PI,23604,2021,1239
220635,PI,53563,2021,6603
220640,PI,127469,2021,10563
220650,PI,72882,2021,7785
220660,PI,298089,2021,10618
220665,PI,39152,2021,4527
220667,PI,62450,2021,6825
220669,PI,74909,2021,9258
220670,PI,67046,2021,7307
220672,PI,94817,2021,8632
220675,PI,47885,2021,4911
220680,PI,78547,2021,8751
220690,PI,58172,2021,6548
220695,PI,31237,2021,3014
220700,PI,584373,2021,37138
220710,PI,28731,2021,2477
220720,PI,73909,2021,6879
220730,PI,44249,2021,4124
220735,PI,52581,2021,3416
220740,PI,141457,2021,5029
220750,PI,138692,2021,14633
220755,PI,44237,2021,3931
220760,PI,119215,2021,10846
220770,PI,2968947,2021,153863
220775,PI,48758,2021,4331
220777,PI,64629,2021,6420
220779,PI,33612,2021,4084
220780,PI,267709,2021,20583
220785,PI,37693,2021,3662
220790,PI,386275,2021,38812
220793,PI,31322,2021,2551
220795,PI,43931,2021,4392
220800,PI,1940259,2021,78627
220810,PI,106973,2021,12150
220820,PI,202627,2021,18492
220830,PI,363522,2021,28952
220840,PI,916771,2021,63829
220850,PI,118547,2021,12646
220855,PI,39212,2021,2728
220860,PI,27584,2021,3149
220865,PI,253485,2021,9041
220870,PI,97930,2021,8814
220880,PI,264514,2021,17979
220885,PI,46279,2021,4306
220887,PI,217390,2021,4499
220890,PI,695855,2021,7408
220900,PI,61491,2021,6434
220910,PI,61011,2021,6254
220915,PI,45472,2021,4046
220920,PI,615987,2021,6256
220930,PI,62480,2021,5903
220935,PI,40807,2021,4650
220937,PI,50228,2021,5254
220940,PI,71849,2021,6466
220945,PI,18051,2021,2172
220950,PI,40377,2021,3809
220955,PI,39471,2021,4454
220960,PI,32116,2021,2923
220965,PI,55545,2021,5801
220970,PI,58406,2021,6417
220975,PI,54607,2021,3071
220980,PI,56735,2021,5044
220985,PI,49321,2021,4619
220987,PI,60925,2021,6084
220990,PI,59723,2021,6106
220995,PI,36648,2021,4856
220997,PI,68235,2021,8085
221000,PI,426951,2021,20720
221005,PI,63753,2021,5361
221010,PI,42836,2021,3737
221020,PI,68075,2021,6696
221030,PI,59534,2021,6379
221035,PI,45315,2021,4581
221037,PI,25332,2021,2648
221038,PI,27272,2021,2456
221039,PI,47464,2021,3037
221040,PI,163378,2021,17617
221050,PI,134821,2021,14356
221060,PI,566178,2021,35035
221062,PI,46712,2021,3434
221063,PI,255415,2021,4311
221065,PI,78161,2021,10074
221070,PI,434444,2021,14664
221080,PI,182823,2021,12778
221090,PI,41067,2021,4557
221093,PI,76888,2021,6801
221095,PI,30388,2021,2939
221097,PI,33181,2021,2781
221100,PI,23895231,2021,871126
221110,PI,420316,2021,44649
221120,PI,2815208,2021,21746
221130,PI,289656,2021,20940
221135,PI,44540,2021,4930
221140,PI,40995,2021,4382
221150,PI,31077,2021,3082
221160,PI,37035,2021,2935
221170,PI,38008,2021,4479
230010,CE,117971,2021,11965
230015,CE,179994,2021,15140
230020,CE,1020201,2021,63556
230030,CE,564520,2021,54687
230040,CE,151596,2021,17584
230050,CE,98202,2021,11846
230060,CE,74654,2021,7712
230070,CE,232268,2021,16077
230075,CE,665472,2021,44195
230080,CE,78953,2021,7402
230090,CE,120978,2021,14742
230100,CE,3854310,2021,81581
230110,CE,1706691,2021,75392
230120,CE,266422,2021,26600
230125,CE,106784,2021,10983
230130,CE,207982,2021,21707
230140,CE,151645,2021,11759
230150,CE,70224,2021,7848
230160,CE,237259,2021,23537
230170,CE,216792,2021,24567
230180,CE,67541,2021,6318
230185,CE,260031,2021,18313
230190,CE,1345205,2021,61662
230195,CE,240016,2021,22715
230200,CE,242027,2021,22834
230205,CE,133335,2021,15069
230210,CE,448272,2021,36127
230220,CE,1059006,2021,54315
230230,CE,322244,2021,32851
230240,CE,539218,2021,54680
230250,CE,817034,2021,50195
230260,CE,839500,2021,64147
230270,CE,292357,2021,27513
230280,CE,911356,2021,77484
230290,CE,176809,2021,17830
230300,CE,186169,2021,23011
230310,CE,193105,2021,18470
230320,CE,253127,2021,27008
230330,CE,180984,2021,18700
230340,CE,166772,2021,17763
230350,CE,1074377,2021,72706
230360,CE,154108,2021,21041
230365,CE,112081,2021,10410
230370,CE,10414373,2021,368918
230380,CE,247325,2021,25612
230390,CE,110318,2021,13112
230393,CE,178989,2021,13608
230395,CE,260273,2021,20286
230400,CE,225090,2021,23340
230410,CE,952649,2021,75241
230420,CE,1871587,2021,133913
230423,CE,224437,2021,18201
230425,CE,372662,2021,25121
230426,CE,100883,2021,9698
230427,CE,80690,2021,7254
230428,CE,3577747,2021,55035
230430,CE,202248,2021,19330
230435,CE,304957,2021,24680
230440,CE,73436128,2021,2703391
230445,CE,312460,2021,16776
230450,CE,275921,2021,14195
230460,CE,86963,2021,7767
230465,CE,129711,2021,14415
230470,CE,469407,2021,55170
230480,CE,51337,2021,4784
230490,CE,110755,2021,11219
230495,CE,231993,2021,26508
230500,CE,669209,2021,40921
230510,CE,80396,2021,5073
230520,CE,185025,2021,20126
230523,CE,2117193,2021,69688
230526,CE,132265,2021,13385
230530,CE,348540,2021,25165
230533,CE,124951,2021,12730
230535,CE,411021,2021,20183
230540,CE,737489,2021,68303
230550,CE,1904815,2021,103633
230560,CE,306809,2021,26196
230565,CE,114127,2021,11597
230570,CE,143451,2021,12507
230580,CE,519845,2021,42148
230590,CE,328115,2021,38064
230600,CE,195282,2021,14351
230610,CE,220294,2021,24450
230620,CE,82855,2021,7904
230625,CE,1258826,2021,38661
230630,CE,594581,2021,53448
230640,CE,1784007,2021,131687
230650,CE,170314,2021,20653
230655,CE,766786,2021,42595
230660,CE,174029,2021,22018
230670,CE,226644,2021,18133
230680,CE,154002,2021,11580
230690,CE,561175,2021,34592
230700,CE,566961,2021,33960
230710,CE,294154,2021,27187
230720,CE,129729,2021,8150
230725,CE,551638,2021,20351
230730,CE,5114793,2021,278264
230740,CE,319373,2021,24949
230750,CE,343304,2021,31476
230760,CE,1423366,2021,60232
230763,CE,174831,2021,20031
230765,CE,12337017,2021,230986
230770,CE,1649528,2021,131677
230780,CE,390969,2021,27822
230790,CE,96327,2021,11407
230800,CE,378718,2021,39341
230810,CE,517496,2021,48370
230820,CE,129293,2021,15309
230830,CE,287223,2021,27413
230835,CE,195290,2021,13129
230837,CE,112599,2021,13965
230840,CE,515937,2021,35566
230850,CE,446847,2021,43917
230860,CE,160699,2021,17264
230870,CE,1276864,2021,61590
230880,CE,75575,2021,8833
230890,CE,193204,2021,22830
230900,CE,131292,2021,14561
230910,CE,123801,2021,11056
230920,CE,163381,2021,15798
230930,CE,336930,2021,32487
230940,CE,283185,2021,28737
230945,CE,284836,2021,25958
230950,CE,218899,2021,21342
230960,CE,1360520,2021,74145
230970,CE,1235158,2021,85647
230980,CE,148366,2021,12313
230990,CE,59940,2021,6565
231000,CE,98773,2021,9458
231010,CE,115124,2021,13553
231020,CE,555931,2021,35526
231025,CE,535129,2021,33232
231030,CE,288689,2021,31391
231040,CE,110908,2021,12276
231050,CE,389914,2021,43359
231060,CE,122162,2021,9207
231070,CE,484760,2021,38045
231080,CE,560571,2021,16356
231085,CE,274852,2021,20964
231090,CE,162092,2021,17210
231095,CE,84230,2021,11052
231100,CE,109402,2021,12358
231110,CE,186375,2021,14920
231120,CE,110570,2021,11165
231123,CE,96816,2021,6455
231126,CE,184720,2021,21246
231130,CE,1109869,2021,88899
231135,CE,198820,2021,16116
231140,CE,1402461,2021,82455
231150,CE,637015,2021,22432
231160,CE,409867,2021,29238
231170,CE,190710,2021,18279
231180,CE,1158523,2021,79550
231190,CE,169856,2021,15757
231195,CE,159284,2021,16714
231200,CE,280072,2021,32851
231210,CE,159277,2021,17726
231220,CE,633710,2021,43719
231230,CE,627180,2021,48354
231240,CE,8633637,2021,49306
231250,CE,107898,2021,7557
231260,CE,133109,2021,13086
231270,CE,352272,2021,25418
231280,CE,62766,2021,7758
231290,CE,5395130,2021,212437
231300,CE,303284,2021,18389
231310,CE,450593,2021,32079
231320,CE,282247,2021,26199
231325,CE,85682,2021,8555
231330,CE,711836,2021,59259
231335,CE,136988,2021,19551
231340,CE,1732690,2021,77111
231350,CE,1115144,2021,56653
231355,CE,138079,2021,16588
231360,CE,642046,2021,35295
231370,CE,69441,2021,7740
231375,CE,172797,2021,19976
231380,CE,299474,2021,22223
231390,CE,298207,2021,13988
231395,CE,375819,2021,18520
231400,CE,468101,2021,41078
231410,CE,603321,2021,61916
240010,RN,141994,2021,11106
240020,RN,1467571,2021,58743
240030,RN,138265,2021,11024
240040,RN,34553,2021,3293
240050,RN,150790,2021,13529
240060,RN,50062,2021,4685
240070,RN,616327,2021,14923
240080,RN,180166,2021,11695
240090,RN,65526,2021,7162
240100,RN,709591,2021,35904
240110,RN,935974,2021,28156
240120,RN,386634,2021,14526
240130,RN,105356,2021,9686
240140,RN,325032,2021,9373
240145,RN,746402,2021,29112
240150,RN,45865,2021,3989
240160,RN,88430,2021,5552
240165,RN,286575,2021,2171
240170,RN,109338,2021,10323
240180,RN,139466,2021,12873
240185,RN,112178,2021,6572
240190,RN,60457,2021,3745
240200,RN,1394849,2021,68726
240210,RN,106968,2021,11363
240220,RN,605678,2021,34814
240230,RN,373661,2021,20588
240240,RN,118373,2021,8297
240250,RN,210950,2021,10972
240260,RN,1002205,2021,74268
240270,RN,140412,2021,11182
240280,RN,52507,2021,5501
240290,RN,48167,2021,4918
240300,RN,123142,2021,7968
240310,RN,804231,2021,45022
240320,RN,78557,2021,7068
240325,RN,6845403,2021,272490
240330,RN,62293,2021,5697
240340,RN,81977,2021,6064
240350,RN,97586,2021,10463
240360,RN,570425,2021,29282
240370,RN,173827,2021,6009
240375,RN,39070,2021,3081
240380,RN,120493,2021,9772
240390,RN,32759,2021,2801
240400,RN,44912,2021,4015
240410,RN,162617,2021,2903
240420,RN,546576,2021,27004
240430,RN,386262,2021,13115
240440,RN,158310,2021,10541
240450,RN,2042144,2021,16261
240460,RN,140721,2021,14033
240470,RN,196501,2021,15759
240480,RN,34930,2021,2264
240485,RN,99445,2021,7641
240490,RN,73782,2021,5916
240500,RN,86390,2021,9341
240510,RN,101431,2021,6907
240520,RN,84499,2021,5228
240530,RN,84900,2021,10367
240540,RN,51548,2021,4935
240550,RN,64392,2021,2600
240560,RN,213316,2021,15044
240570,RN,207993,2021,12397
240580,RN,1269841,2021,35360
240590,RN,27991,2021,2653
240600,RN,67415,2021,5941
240610,RN,315841,2021,18335
240615,RN,42148,2021,3945
240620,RN,70839,2021,6851
240630,RN,81382,2021,7624
240640,RN,38242,2021,2732
240650,RN,269036,2021,15880
240660,RN,94313,2021,8348
240670,RN,165930,2021,11410
240680,RN,51595,2021,4768
240690,RN,51510,2021,4053
240700,RN,87827,2021,10175
240710,RN,1828152,2021,82828
240720,RN,1111123,2021,32260
240725,RN,48004,2021,4102
240730,RN,82890,2021,8325
240740,RN,108195,2021,8790
240750,RN,134894,2021,12714
240760,RN,55530,2021,4665
240770,RN,130284,2021,11166
240780,RN,271456,2021,22698
240790,RN,32367,2021,2063
240800,RN,8071762,2021,303792
240810,RN,24186262,2021,896708
240820,RN,474722,2021,28266
240830,RN,560501,2021,37554
240840,RN,47533,2021,4231
240850,RN,61704,2021,4813
240860,RN,43932,2021,4298
240870,RN,55258,2021,3732
240880,RN,606241,2021,5307
240890,RN,368927,2021,21611
240895,RN,185593,2021,10961
240910,RN,152324,2021,13667
240920,RN,46129,2021,3114
240930,RN,160914,2021,12861
240933,RN,78032,2021,5689
240940,RN,709333,2021,30802
240950,RN,293285,2021,3163
240960,RN,36128,2021,2419
240970,RN,79996,2021,6591
240980,RN,173619,2021,14881
240990,RN,757494,2021,15411
241000,RN,41829,2021,3900
241010,RN,131862,2021,15646
241020,RN,78934,2021,7944
241025,RN,149473,2021,6605
241030,RN,109308,2021,10646
241040,RN,169430,2021,9825
241050,RN,53271,2021,5158
241060,RN,43451,2021,3214
241070,RN,37508,2021,3648
241080,RN,43514,2021,4194
241090,RN,192158,2021,8310
241100,RN,59194,2021,4457
241105,RN,115024,2021,4173
241110,RN,126773,2021,3584
241120,RN,619042,2021,40295
241140,RN,147040,2021,11808
241142,RN,36354,2021,2699
241150,RN,302537,2021,24422
241160,RN,549243,2021,2687
241170,RN,45624,2021,4541
241180,RN,63598,2021,3606
241190,RN,54448,2021,4281
241200,RN,1905023,2021,104919
241210,RN,84586,2021,6221
241220,RN,1040964,2021,44566
241230,RN,125093,2021,12901
241240,RN,83855,2021,4696
241250,RN,319744,2021,23789
241255,RN,492640,2021,10441
241260,RN,231555,2021,17858
241270,RN,55801,2021,5889
241280,RN,88676,2021,8183
241290,RN,111776,2021,11051
241300,RN,76922,2021,6476
241310,RN,60476,2021,6167
241320,RN,116487,2021,4527
241330,RN,57411,2021,5739
241335,RN,858724,2021,12225
241340,RN,118876,2021,8105
241350,RN,71899,2021,6128
241355,RN,49787,2021,4832
241360,RN,63100,2021,1743
241370,RN,53784,2021,5600
241380,RN,32473,2021,2606
241390,RN,155199,2021,12314
241400,RN,201785,2021,16008
241410,RN,113588,2021,10923
241415,RN,107286,2021,6085
241420,RN,415833,2021,14694
241430,RN,43618,2021,2427
241440,RN,814845,2021,33716
241445,RN,45831,2021,3195
241450,RN,151207,2021,10485
241460,RN,214155,2021,14937
241470,RN,56556,2021,5529
241475,RN,43203,2021,4232
241480,RN,133471,2021,12789
241490,RN,23239,2021,1731
241500,RN,44404,2021,3217
250010,PB,92036,2021,10375
250020,PB,60096,2021,5622
250030,PB,300116,2021,28384
250040,PB,335056,2021,20992
250050,PB,138510,2021,14629
250053,PB,55097,2021,5527
250057,PB,28629,2021,2588
250060,PB,3399775,2021,19865
250070,PB,225531,2021,18020
250073,PB,29433,2021,2264
250077,PB,105226,2021,8482
250080,PB,185877,2021,16857
250090,PB,112308,2021,13613
250100,PB,204298,2021,20610
250110,PB,257222,2021,22493
250115,PB,26095,2021,2105
250120,PB,62578,2021,7054
250130,PB,167985,2021,19081
250135,PB,48498,2021,4067
250140,PB,107854,2021,9197
250150,PB,278904,2021,21220
250153,PB,49784,2021,5033
250157,PB,90801,2021,8338
250160,PB,150845,2021,15607
250170,PB,84815,2021,6095
250180,PB,1366842,2021,97519
250190,PB,218067,2021,17733
250200,PB,78557,2021,7356
250205,PB,40037,2021,3571
250210,PB,51615,2021,5248
250215,PB,206387,2021,7218
250220,PB,32051,2021,2588
250230,PB,54513,2021,4937
250240,PB,96549,2021,12126
250250,PB,256636,2021,17934
250260,PB,60774,2021,6092
250270,PB,69205,2021,5311
250280,PB,147154,2021,14287
250290,PB,64311,2021,6479
250300,PB,467127,2021,22079
250310,PB,116487,2021,5710
250320,PB,3152546,2021,69773
250330,PB,124811,2021,10364
250340,PB,39106,2021,3708
250350,PB,154036,2021,17169
250355,PB,67103,2021,7225
250360,PB,65661,2021,7182
250370,PB,1231740,2021,62576
250375,PB,42009,2021,3217
250380,PB,74706,2021,6077
250390,PB,71642,2021,6048
250400,PB,10373107,2021,413830
250403,PB,75638,2021,6715
250407,PB,42197,2021,4206
250410,PB,30950,2021,2714
250415,PB,70018,2021,7530
250420,PB,52899,2021,4938
250430,PB,505607,2021,30819
250435,PB,61665,2021,4898
250440,PB,209010,2021,19030
250450,PB,90373,2021,6662
250460,PB,1286990,2021,25341
250470,PB,61704,2021,4787
250480,PB,249601,2021,15438
250485,PB,24017,2021,1948
250490,PB,191194,2021,17599
250500,PB,76814,2021,7866
250510,PB,220439,2021,20331
250520,PB,66742,2021,6748
250523,PB,74110,2021,6360
250527,PB,55526,2021,5209
250530,PB,26783,2021,2508
250535,PB,50276,2021,5409
250540,PB,72715,2021,8332
250550,PB,39390,2021,3850
250560,PB,59345,2021,6506
250570,PB,93830,2021,10375
250580,PB,45025,2021,3569
250590,PB,41639,2021,3556
250600,PB,507256,2021,33386
250610,PB,105312,2021,11180
250620,PB,30264,2021,2989
250625,PB,76211,2021,8292
250630,PB,1790168,2021,59389
250640,PB,150970,2021,14125
250650,PB,38324,2021,3477
250660,PB,57772,2021,5877
250670,PB,98314,2021,11877
250680,PB,194961,2021,18184
250690,PB,335812,2021,24363
250700,PB,341235,2021,24960
250710,PB,206433,2021,18978
250720,PB,155216,2021,11069
250730,PB,165130,2021,14467
250740,PB,76303,2021,7751
250750,PB,22244284,2021,825796
250760,PB,73121,2021,8014
250770,PB,210329,2021,18422
250780,PB,96602,2021,7238
250790,PB,117363,2021,10830
250800,PB,87266,2021,9831
250810,PB,51232,2021,4640
250820,PB,83537,2021,7754
250830,PB,309763,2021,27728
250840,PB,29495,2021,2698
250850,PB,70043,2021,7274
250855,PB,48651,2021,4406
250860,PB,223066,2021,13344
250870,PB,38604,2021,3988
250880,PB,79659,2021,5745
250890,PB,805007,2021,45385
250900,PB,101428,2021,10988
250905,PB,95670,2021,8746
250910,PB,241807,2021,21895
250915,PB,81944,2021,6689
250920,PB,130381,2021,14077
250930,PB,240531,2021,8642
250933,PB,54035,2021,4528
250937,PB,31801,2021,2944
250939,PB,61811,2021,6690
250940,PB,164372,2021,13238
250950,PB,55245,2021,5806
250960,PB,48074,2021,4867
250970,PB,635380,2021,33638
250980,PB,98150,2021,9962
250990,PB,95465,2021,10449
251000,PB,65965,2021,7271
251010,PB,99606,2021,10614
251020,PB,57802,2021,5892
251030,PB,48983,2021,5011
251040,PB,61851,2021,6399
251050,PB,43585,2021,3989
251060,PB,38279,2021,3052
251065,PB,21495,2021,1747
251070,PB,28860,2021,2453
251080,PB,1993586,2021,108766
251090,PB,157014,2021,12411
251100,PB,37463,2021,3802
251110,PB,80075,2021,7954
251120,PB,556476,2021,28607
251130,PB,206302,2021,16147
251140,PB,213192,2021,18737
251150,PB,121700,2021,12036
251160,PB,95436,2021,6518
251170,PB,51216,2021,4937
251180,PB,95103,2021,10590
251190,PB,430316,2021,19478
251200,PB,284640,2021,18848
251203,PB,40230,2021,3877
251207,PB,46792,2021,4366
251210,PB,465068,2021,32803
251220,PB,64688,2021,4265
251230,PB,266345,2021,23749
251240,PB,137837,2021,13801
251250,PB,605759,2021,44388
251260,PB,26746,2021,2009
251270,PB,181360,2021,19973
251272,PB,57186,2021,6139
251274,PB,36492,2021,3650
251275,PB,50101,2021,4562
251276,PB,56187,2021,4571
251278,PB,30562,2021,1999
251280,PB,92585,2021,8555
251290,PB,321971,2021,24258
251300,PB,33444,2021,3975
251310,PB,128636,2021,12123
251315,PB,65649,2021,6526
251320,PB,62114,2021,6579
251330,PB,62162,2021,5853
251335,PB,36756,2021,3591
251340,PB,372292,2021,15470
251350,PB,51046,2021,5098
251360,PB,67142,2021,6942
251365,PB,33004,2021,2640
251370,PB,2616825,2021,138093
251380,PB,57191,2021,4550
251385,PB,29350,2021,2496
251390,PB,567017,2021,34650
251392,PB,55030,2021,4602
251394,PB,28699,2021,2645
251396,PB,36167,2021,3119
251398,PB,39118,2021,3377
251400,PB,55295,2021,4170
251410,PB,40920,2021,4408
251420,PB,71954,2021,7622
251430,PB,55614,2021,6394
251440,PB,54850,2021,4631
251445,PB,86595,2021,6037
251450,PB,230383,2021,20406
251455,PB,34031,2021,3898
251460,PB,32366,2021,3619
251465,PB,29091,2021,1821
251470,PB,125142,2021,4153
251480,PB,36927,2021,3607
251490,PB,82238,2021,7682
251500,PB,82626,2021,7450
251510,PB,105791,2021,11793
251520,PB,40405,2021,3534
251530,PB,675778,2021,52977
251540,PB,89888,2021,10919
251550,PB,147662,2021,13807
251560,PB,37034,2021,3114
251570,PB,33183,2021,2921
251580,PB,71218,2021,7001
251590,PB,67690,2021,6037
251593,PB,54676,2021,5152
251597,PB,112659,2021,7845
251600,PB,353078,2021,26051
251610,PB,203480,2021,15211
251615,PB,38719,2021,3631
251620,PB,1318529,2021,69997
251630,PB,200877,2021,17096
251640,PB,91696,2021,11024
251650,PB,139192,2021,15505
251660,PB,139900,2021,14791
251670,PB,169085,2021,15333
251675,PB,34478,2021,3103
251680,PB,87468,2021,9473
251690,PB,192520,2021,15356
251700,PB,91142,2021,9914
251710,PB,37561,2021,2870
251720,PB,52689,2021,5395
251740,PB,26961,2021,2269
260005,PE,1724258,2021,100698
260010,PE,541816,2021,37546
260020,PE,209815,2021,19981
260030,PE,352858,2021,25240
260040,PE,259866,2021,37386
260050,PE,401111,2021,43923
260060,PE,144945,2021,14798
260070,PE,413314,2021,38408
260080,PE,222589,2021,22996
260090,PE,294407,2021,22910
260100,PE,142260,2021,11301
260105,PE,161884,2021,20936
260110,PE,1272092,2021,85301
260120,PE,1215383,2021,75295
260130,PE,146943,2021,14632
260140,PE,503988,2021,42866
260150,PE,99499,2021,12169
260160,PE,366293,2021,20730
260170,PE,2765036,2021,76930
260180,PE,105307,2021,12811
260190,PE,962826,2021,60960
260200,PE,317010,2021,38605
260210,PE,643151,2021,48975
260220,PE,366988,2021,40038
260230,PE,539340,2021,38101
260240,PE,183679,2021,8981
260250,PE,83879,2021,7489
260260,PE,461357,2021,51696
260270,PE,133152,2021,13224
260280,PE,549015,2021,59448
260290,PE,13706389,2021,210796
260300,PE,440863,2021,34778
260310,PE,254369,2021,20618
260320,PE,423727,2021,29065
260330,PE,115299,2021,10983
260340,PE,50300,2021,5744
260345,PE,2229680,2021,159945
260350,PE,181161,2021,19032
260360,PE,285369,2021,8592
260370,PE,253171,2021,24743
260380,PE,244054,2021,20048
260390,PE,193546,2021,19666
260392,PE,83423,2021,13117
260400,PE,1744915,2021,85131
260410,PE,8663525,2021,369343
260415,PE,101521,2021,14395
260420,PE,360566,2021,43778
260430,PE,125401,2021,11972
260440,PE,168758,2021,13641
260450,PE,251193,2021,21929
260460,PE,250915,2021,26755
260470,PE,192016,2021,18327
260480,PE,121502,2021,12543
260490,PE,109260,2021,9494
260500,PE,283576,2021,24237
260510,PE,593880,2021,37633
260515,PE,246023,2021,19246
260520,PE,1306431,2021,69701
260530,PE,325117,2021,31709
260540,PE,247550,2021,22360
260545,PE,229562,2021,3140
260550,PE,132503,2021,12216
260560,PE,192902,2021,22612
260570,PE,445213,2021,33488
260580,PE,131441,2021,15633
260590,PE,274258,2021,31578
260600,PE,3077112,2021,141347
260610,PE,554616,2021,30847
260620,PE,10662964,2021,80345
260630,PE,78432,2021,7586
260640,PE,1359681,2021,85309
260650,PE,195800,2021,19284
260660,PE,330119,2021,29585
260670,PE,85527,2021,7773
260680,PE,3471427,2021,119690
260690,PE,112369,2021,12265
260700,PE,196880,2021,24034
260710,PE,50497,2021,4537
260720,PE,14929346,2021,99101
260730,PE,340374,2021,31515
260740,PE,71286,2021,5013
260750,PE,283413,2021,26268
260760,PE,299232,2021,27076
260765,PE,522657,2021,36495
260770,PE,139873,2021,13492
260775,PE,2383641,2021,27144
260780,PE,160857,2021,17056
260790,PE,16133556,2021,711330
260795,PE,111801,2021,11632
260800,PE,154862,2021,17305
260805,PE,153793,2021,14904
260810,PE,316644,2021,33570
260820,PE,181310,2021,15999
260825,PE,129270,2021,11545
260830,PE,214224,2021,15007
260840,PE,132840,2021,15483
260845,PE,300635,2021,18429
260850,PE,482859,2021,21490
260860,PE,139223,2021,13300
260870,PE,135443,2021,16345
260875,PE,456844,2021,26090
260880,PE,585576,2021,40883
260890,PE,838343,2021,56149
260900,PE,283578,2021,25565
260910,PE,216295,2021,16549
260915,PE,139153,2021,22110
260920,PE,92490,2021,11098
260930,PE,163406,2021,15548
260940,PE,892506,2021,63792
260950,PE,688468,2021,32673
260960,PE,5788250,2021,393734
260970,PE,398794,2021,23985
260980,PE,186448,2021,15309
260990,PE,780513,2021,70466
261000,PE,924146,2021,63745
261010,PE,79959,2021,7509
261020,PE,229556,2021,26438
261030,PE,285773,2021,11608
261040,PE,213190,2021,22198
261050,PE,264547,2021,28856
261060,PE,926328,2021,57346
261070,PE,5591652,2021,336919
261080,PE,306398,2021,22716
261090,PE,869651,2021,68067
261100,PE,1675876,2021,37246
261110,PE,7994036,2021,359372
261120,PE,102107,2021,11308
261130,PE,532583,2021,27204
261140,PE,291696,2021,15231
261150,PE,192325,2021,26309
261153,PE,67064,2021,6796
261160,PE,54970305,2021,1661017
261170,PE,260563,2021,20744
261180,PE,576407,2021,47813
261190,PE,379871,2021,23719
261200,PE,176225,2021,9600
261210,PE,80938,2021,11214
261220,PE,1002105,2021,61561
261230,PE,171051,2021,15880
261240,PE,248264,2021,27308
261245,PE,133592,2021,15713
261247,PE,113554,2021,12708
261250,PE,1925734,2021,111812
261255,PE,111830,2021,14645
261260,PE,564000,2021,42266
261270,PE,122262,2021,14308
261280,PE,114824,2021,11914
261290,PE,117017,2021,16239
261300,PE,1485706,2021,60567
261310,PE,447679,2021,37488
261320,PE,390211,2021,23002
261330,PE,185467,2021,21439
261340,PE,291007,2021,21868
261350,PE,341544,2021,34082
261360,PE,441117,2021,34210
261370,PE,1444200,2021,114910
261380,PE,209528,2021,18150
261390,PE,1693347,2021,87467
261400,PE,161153,2021,19226
261410,PE,367389,2021,36189
261420,PE,722495,2021,46845
261430,PE,90987,2021,11269
261440,PE,56661,2021,6034
261450,PE,915558,2021,66192
261460,PE,314903,2021,28860
261470,PE,149159,2021,12843
261480,PE,251978,2021,26439
261485,PE,395834,2021,23852
261500,PE,334642,2021,29472
261510,PE,75618,2021,7227
261520,PE,95262,2021,10314
261530,PE,746607,2021,52587
261540,PE,764572,2021,47088
261550,PE,176619,2021,13856
261560,PE,419024,2021,31103
261570,PE,157358,2021,15232
261580,PE,227130,2021,27793
261590,PE,89139,2021,8266
261600,PE,247349,2021,18835
261610,PE,80931,2021,9572
261618,PE,74060,2021,7526
261620,PE,194511,2021,21172
261630,PE,519426,2021,32897
261640,PE,4551843,2021,140389
261650,PE,141411,2021,14789
270010,AL,202655,2021,20263
270020,AL,250457,2021,17507
270030,AL,5915938,2021,234309
270040,AL,1500344,2021,47540
270050,AL,262005,2021,16201
270060,AL,238431,2021,8434
270070,AL,229933,2021,18440
270080,AL,191318,2021,4226
270090,AL,151387,2021,6717
270100,AL,506028,2021,27429
270110,AL,775410,2021,10426
270120,AL,140461,2021,10920
270130,AL,207869,2021,21397
270135,AL,87759,2021,6972
270140,AL,734648,2021,57997
270150,AL,106114,2021,9576
270160,AL,166475,2021,17715
270170,AL,247981,2021,16907
270180,AL,90775,2021,9568
270190,AL,175471,2021,7311
270200,AL,211484,2021,10594
270210,AL,397369,2021,21935
270220,AL,96036,2021,5882
270230,AL,1782442,2021,57647
270235,AL,480702,2021,24396
270240,AL,673800,2021,52501
270250,AL,105248,2021,11059
270255,AL,154329,2021,18304
270260,AL,427545,2021,22192
270270,AL,164023,2021,4803
270280,AL,297765,2021,12823
270290,AL,549523,2021,41549
270300,AL,196463,2021,15637
270310,AL,311914,2021,25596
270320,AL,571817,2021,24670
270330,AL,174741,2021,18398
270340,AL,74940,2021,5185
270350,AL,194514,2021,6992
270360,AL,251980,2021,8444
270370,AL,77882,2021,5751
270375,AL,381989,2021,11495
270380,AL,520955,2021,24167
270390,AL,54787,2021,4119
270400,AL,550024,2021,24716
270410,AL,273016,2021,17692
270420,AL,685127,2021,28904
270430,AL,27484016,2021,1031597
270440,AL,283425,2021,19923
270450,AL,1118831,2021,33351
270460,AL,90740,2021,8850
270470,AL,3409483,2021,52848
270480,AL,187982,2021,13123
270490,AL,50940,2021,3474
270500,AL,354594,2021,25200
270510,AL,385866,2021,24627
270520,AL,221090,2021,18201
270530,AL,74500,2021,5315
270540,AL,80981,2021,7171
270550,AL,588108,2021,28428
270560,AL,187226,2021,12837
270570,AL,271775,2021,21690
270580,AL,92933,2021,9507
270590,AL,69586,2021,5133
270600,AL,108843,2021,11681
270610,AL,110449,2021,11573
270620,AL,45911,2021,5061
270630,AL,1181478,2021,73452
270640,AL,266596,2021,24307
270642,AL,144982,2021,10546
270644,AL,236804,2021,13484
270650,AL,337319,2021,15270
270660,AL,109870,2021,7556
270670,AL,983851,2021,64005
270680,AL,458381,2021,17868
270690,AL,676106,2021,35310
270700,AL,59434,2021,2903
270710,AL,344018,2021,25324
270720,AL,125601,2021,14447
270730,AL,412849,2021,27331
270740,AL,333198,2021,7618
270750,AL,268867,2021,20158
270760,AL,189051,2021,11202
270770,AL,1422909,2021,75662
270780,AL,204122,2021,6634
270790,AL,277385,2021,7344
270800,AL,646282,2021,47910
270810,AL,1408563,2021,10637
270820,AL,129322,2021,6977
270830,AL,587965,2021,24064
270840,AL,332789,2021,32462
270850,AL,943656,2021,34825
270860,AL,1372933,2021,62328
270870,AL,243468,2021,8073
270880,AL,858796,2021,34424
270890,AL,260967,2021,14042
270895,AL,121169,2021,13893
270900,AL,92156,2021,6115
270910,AL,510804,2021,20162
270915,AL,1357674,2021,44570
270920,AL,296950,2021,27934
270930,AL,1416031,2021,65963
270940,AL,594121,2021,25655
280010,SE,37967,2021,2386
280020,SE,287874,2021,21796
280030,SE,18405678,2021,672614
280040,SE,140122,2021,9840
280050,SE,252263,2021,18825
280060,SE,2581592,2021,31439
280067,SE,333080,2021,26980
280070,SE,95886,2021,8396
280100,SE,237677,2021,18325
280110,SE,84436,2021,4003
280120,SE,2895222,2021,30894
280130,SE,385290,2021,34808
280140,SE,379818,2021,22393
280150,SE,422601,2021,17232
280160,SE,64293,2021,5929
280170,SE,250777,2021,18181
280190,SE,69489,2021,4008
280200,SE,188619,2021,5290
280210,SE,2126563,2021,69919
280220,SE,114918,2021,5617
280230,SE,324741,2021,15688
280240,SE,179511,2021,11599
280250,SE,43532,2021,3421
280260,SE,100982,2021,5831
280270,SE,101815,2021,8522
280280,SE,229670,2021,18337
280290,SE,2213275,2021,96839
280300,SE,535797,2021,42399
280310,SE,81127,2021,4869
280320,SE,880245,2021,35054
280330,SE,527939,2021,19067
280340,SE,210654,2021,13422
280350,SE,1798319,2021,106015
280360,SE,1162007,2021,30327
280370,SE,89535,2021,7002
280380,SE,52760,2021,3715
280390,SE,173218,2021,12689
280400,SE,448414,2021,17328
280410,SE,206468,2021,11361
280420,SE,218953,2021,15315
280430,SE,96660,2021,7653
280440,SE,330966,2021,18688
280445,SE,109900,2021,8822
280450,SE,790790,2021,37715
280460,SE,415736,2021,26957
280470,SE,91165,2021,6509
280480,SE,3232698,2021,187733
280490,SE,236643,2021,14650
280500,SE,48012,2021,3309
280510,SE,98936,2021,9727
280520,SE,91574,2021,6678
280530,SE,137922,2021,9436
280540,SE,416245,2021,35461
280550,SE,322302,2021,24003
280560,SE,366553,2021,28788
280570,SE,554299,2021,29756
280580,SE,328904,2021,19813
280590,SE,222401,2021,10354
280600,SE,339443,2021,18891
280610,SE,468956,2021,11158
280620,SE,217519,2021,20051
280630,SE,192690,2021,14205
280640,SE,106773,2021,7906
280650,SE,55084,2021,3933
280660,SE,167665,2021,12200
280670,SE,1031740,2021,92090
280680,SE,135227,2021,11276
280690,SE,56034,2021,3837
280700,SE,49842,2021,3964
280710,SE,790408,2021,40724
280720,SE,176736,2021,9046
280730,SE,44121,2021,3271
280740,SE,655791,2021,52861
280750,SE,146965,2021,13534
280760,SE,401569,2021,25800
290010,BA,70195,2021,8681
290020,BA,208558,2021,20594
290030,BA,144529,2021,15214
290035,BA,240690,2021,17209
290040,BA,158468,2021,17096
290050,BA,78063,2021,10513
290060,BA,53718,2021,4387
290070,BA,4532743,2021,153023
290080,BA,347478,2021,22509
290090,BA,62876,2021,5273
290100,BA,463881,2021,37631
290110,BA,437584,2021,24997
290115,BA,167946,2021,16086
290120,BA,224877,2021,21229
290130,BA,134558,2021,13122
290135,BA,223452,2021,14416
290140,BA,190448,2021,13902
290150,BA,78758,2021,11369
290160,BA,160798,2021,19659
290170,BA,124218,2021,11670
290180,BA,82702,2021,11955
290190,BA,148644,2021,17840
290195,BA,74300,2021,7274
290200,BA,145739,2021,12960
290205,BA,299165,2021,12237
290210,BA,491399,2021,54903
290220,BA,103771,2021,11519
290225,BA,101501,2021,10904
290230,BA,79976,2021,8848
290240,BA,137001,2021,11079
290250,BA,263823,2021,13979
290260,BA,194657,2021,20431
290265,BA,113597,2021,13251
290270,BA,430649,2021,54225
290280,BA,377673,2021,20198
290290,BA,573526,2021,30831
290300,BA,115910,2021,13128
290310,BA,77901,2021,5515
290320,BA,7006121,2021,158432
290323,BA,112884,2021,15171
290327,BA,346146,2021,16225
290330,BA,79914,2021,5312
290340,BA,373714,2021,23540
290350,BA,169601,2021,17013
290360,BA,145438,2021,15989
290370,BA,111607,2021,12039
290380,BA,155317,2021,18491
290390,BA,1357879,2021,70151
290395,BA,69959,2021,9768
290400,BA,117992,2021,14518
290405,BA,270741,2021,16999
290410,BA,189091,2021,21486
290420,BA,110038,2021,10050
290430,BA,144331,2021,14155
290440,BA,126261,2021,10675
290450,BA,96549,2021,10705
290460,BA,1783351,2021,67468
290470,BA,208933,2021,18269
290475,BA,154989,2021,21374
290480,BA,77401,2021,6232
290485,BA,141199,2021,19010
290490,BA,479279,2021,33659
290500,BA,364286,2021,23407
290510,BA,92294,2021,8912
290515,BA,102571,2021,14671
290520,BA,1098650,2021,51184
290530,BA,217397,2021,18585
290540,BA,1505542,2021,18666
290550,BA,101982,2021,13452
290560,BA,354422,2021,32023
290570,BA,33971705,2021,309208
290580,BA,468403,2021,35444
290590,BA,295491,2021,28839
290600,BA,2072637,2021,71754
290610,BA,84960,2021,9694
290620,BA,258822,2021,26468
290630,BA,395602,2021,30722
290640,BA,67793,2021,8109
290650,BA,6819267,2021,87820
290660,BA,140828,2021,14415
290670,BA,244706,2021,24921
290680,BA,352801,2021,34929
290682,BA,153151,2021,16832
290685,BA,129534,2021,11597
290687,BA,579808,2021,31055
290689,BA,86202,2021,8659
290690,BA,357882,2021,22166
290700,BA,117727,2021,9395
290710,BA,288562,2021,29118
290720,BA,875278,2021,73092
290730,BA,317241,2021,26369
290740,BA,80901,2021,3619
290750,BA,695391,2021,55222
290755,BA,78262,2021,9303
290760,BA,154525,2021,17293
290770,BA,105494,2021,11221
290780,BA,400073,2021,32636
290790,BA,155394,2021,17402
290800,BA,191076,2021,16128
290810,BA,559871,2021,18835
290820,BA,376055,2021,22933
290830,BA,200262,2021,17087
290840,BA,884633,2021,67394
290850,BA,2761128,2021,33631
290860,BA,288929,2021,26223
290870,BA,171066,2021,17113
290880,BA,50778,2021,4025
290890,BA,226366,2021,22391
290900,BA,70770,2021,8667
290910,BA,169096,2021,14108
290920,BA,175256,2021,15549
290930,BA,3280079,2021,32243
290940,BA,171353,2021,13756
290950,BA,45909,2021,5352
290960,BA,206124,2021,21219
290970,BA,157843,2021,13981
290980,BA,1042406,2021,63923
290990,BA,355221,2021,35065
291000,BA,126141,2021,10347
291005,BA,3050432,2021,83705
291010,BA,142303,2021,12281
291020,BA,43212,2021,4072
291030,BA,76733,2021,8129
291040,BA,256185,2021,15914
291050,BA,681650,2021,42014
291060,BA,731909,2021,37902
291070,BA,795415,2021,61112
291072,BA,3203016,2021,115360
291075,BA,280112,2021,17801
291077,BA,63085,2021,5656
291080,BA,17282198,2021,624107
291085,BA,139371,2021,16314
291090,BA,70867,2021,5641
291100,BA,101546,2021,10525
291110,BA,4608377,2021,26111
291120,BA,461233,2021,32778
291125,BA,49919,2021,4417
291130,BA,133459,2021,11284
291140,BA,254127,2021,15247
291150,BA,76467,2021,6852
291160,BA,221997,2021,20800
291165,BA,68686,2021,6371
291170,BA,1654710,2021,85353
291180,BA,279481,2021,20565
291185,BA,140665,2021,12946
291190,BA,237150,2021,23950
291200,BA,98956,2021,8849
291210,BA,206801,2021,21083
291220,BA,443354,2021,19990
291230,BA,196349,2021,16262
291240,BA,177793,2021,18421
291250,BA,117480,2021,14989
291260,BA,37334,2021,4047
291270,BA,285846,2021,23433
291280,BA,450707,2021,8740
291290,BA,207383,2021,14476
291300,BA,113705,2021,16463
291310,BA,155482,2021,17048
291320,BA,415583,2021,27076
291330,BA,56391,2021,6232
291340,BA,198335,2021,15661
291345,BA,211145,2021,12963
291350,BA,246443,2021,27006
291360,BA,5163623,2021,157639
291370,BA,625799,2021,40720
291380,BA,105153,2021,14229
291390,BA,568817,2021,45969
291400,BA,664915,2021,59281
291410,BA,100551,2021,9954
291420,BA,77979,2021,7295
291430,BA,102698,2021,7874
291440,BA,897366,2021,25728
291450,BA,286137,2021,29305
291460,BA,1532414,2021,74050
291465,BA,514441,2021,30901
291470,BA,996855,2021,64795
291480,BA,4200814,2021,214123
291490,BA,426484,2021,29051
291500,BA,126762,2021,16164
291510,BA,128626,2021,12140
291520,BA,1103084,2021,14331
291530,BA,127457,2021,6784
291535,BA,152685,2021,14650
291540,BA,89528,2021,6515
291550,BA,255563,2021,20309
291560,BA,1111051,2021,64423
291570,BA,103382,2021,7971
291580,BA,294796,2021,22474
291590,BA,81912,2021,6433
291600,BA,293786,2021,19231
291610,BA,246957,2021,22440
291620,BA,106489,2021,8300
291630,BA,335646,2021,10173
291640,BA,1467062,2021,77408
291650,BA,439107,2021,36173
291660,BA,94689,2021,10284
291670,BA,100737,2021,8375
291680,BA,331171,2021,19937
291685,BA,430100,2021,14588
291690,BA,120734,2021,12482
291700,BA,351714,2021,36140
291710,BA,251064,2021,20394
291720,BA,256803,2021,19095
291730,BA,367659,2021,28870
291733,BA,133416,2021,11038
291735,BA,1344197,2021,8176
291740,BA,122925,2021,14855
291750,BA,1867866,2021,80749
291760,BA,678165,2021,54913
291770,BA,1198205,2021,33915
291780,BA,206756,2021,19162
291790,BA,168215,2021,10742
291800,BA,3176446,2021,156277
291810,BA,501339,2021,40832
291820,BA,150341,2021,14576
291830,BA,175604,2021,10470
291835,BA,297143,2021,25606
291840,BA,5181529,2021,219544
291845,BA,127679,2021,8856
291850,BA,113638,2021,15241
291855,BA,71486,2021,5706
291860,BA,68737,2021,5777
291870,BA,55267,2021,3663
291875,BA,119609,2021,15870
291880,BA,292402,2021,24214
291890,BA,113008,2021,3993
291900,BA,60886,2021,3735
291905,BA,78352,2021,8591
291910,BA,65028,2021,8078
291915,BA,302371,2021,27323
291920,BA,7322778,2021,204669
291930,BA,169645,2021,11586
291940,BA,157521,2021,12357
291950,BA,575720,2021,46372
291955,BA,8820648,2021,92671
291960,BA,90789,2021,11318
291970,BA,227125,2021,19056
291980,BA,431374,2021,50481
291990,BA,67535,2021,7752
291992,BA,515514,2021,21754
291995,BA,50121,2021,2386
292000,BA,204931,2021,10294
292010,BA,158813,2021,18535
292020,BA,188065,2021,16875
292030,BA,80639,2021,8326
292040,BA,139859,2021,12944
292045,BA,93688,2021,13822
292050,BA,656427,2021,19973
292060,BA,402859,2021,44902
292070,BA,341379,2021,20664
292080,BA,94412,2021,10357
292090,BA,161497,2021,13619
292100,BA,1328755,2021,47643
292105,BA,91738,2021,12359
292110,BA,514679,2021,22741
292120,BA,273161,2021,25771
292130,BA,144015,2021,10838
292140,BA,141427,2021,18603
292145,BA,78632,2021,8264
292150,BA,460032,2021,49145
292160,BA,78667,2021,8476
292170,BA,625934,2021,35466
292180,BA,106818,2021,12063
292190,BA,774940,2021,8725
292200,BA,2212818,2021,42729
292205,BA,212902,2021,10469
292210,BA,199233,2021,27153
292220,BA,66810,2021,7464
292225,BA,210290,2021,11479
292230,BA,276778,2021,29420
292240,BA,471382,2021,22340
292250,BA,330753,2021,28661
292260,BA,185997,2021,14156
292265,BA,160863,2021,13197
292270,BA,174263,2021,16482
292273,BA,95198,2021,7830
292275,BA,101681,2021,6518
292280,BA,73287,2021,8328
292285,BA,75597,2021,9126
292290,BA,271743,2021,27047
292300,BA,576012,2021,44170
292303,BA,105235,2021,12653
292305,BA,103932,2021,15445
292310,BA,242182,2021,28373
292320,BA,291928,2021,21797
292330,BA,80644,2021,8575
292335,BA,280185,2021,17567
292340,BA,238177,2021,21840
292350,BA,107785,2021,9123
292360,BA,270933,2021,21777
292370,BA,260593,2021,32274
292380,BA,454635,2021,29124
292390,BA,105727,2021,9550
292400,BA,3965326,2021,119213
292405,BA,131455,2021,13535
292410,BA,52275,2021,7438
292420,BA,119313,2021,16698
292430,BA,242783,2021,16854
292440,BA,291383,2021,35295
292450,BA,296543,2021,16308
292460,BA,157115,2021,20048
292465,BA,109340,2021,10353
292467,BA,117016,2021,10050
292470,BA,79408,2021,10253
292480,BA,187904,2021,25162
292490,BA,79205,2021,9415
292500,BA,309885,2021,26581
292510,BA,573506,2021,46885
292520,BA,1843465,2021,40401
292525,BA,142630,2021,14729
292530,BA,3767887,2021,152529
292540,BA,114973,2021,6623
292550,BA,624631,2021,28214
292560,BA,132177,2021,15180
292570,BA,100403,2021,12028
292575,BA,338356,2021,28272
292580,BA,257882,2021,25428
292590,BA,227798,2021,27672
292593,BA,77083,2021,8939
292595,BA,396182,2021,22643
292600,BA,486810,2021,41324
292610,BA,149912,2021,14588
292620,BA,1539603,2021,22330
292630,BA,410347,2021,33498
292640,BA,317672,2021,35757
292650,BA,192342,2021,14631
292660,BA,716571,2021,54097
292665,BA,111017,2021,4896
292670,BA,155934,2021,12878
292680,BA,115695,2021,15521
292690,BA,100423,2021,11672
292700,BA,1031585,2021,41209
292710,BA,143553,2021,9548
292720,BA,392811,2021,30900
292730,BA,201393,2021,16047
292740,BA,62954487,2021,2900319
292750,BA,180576,2021,20971
292760,BA,119330,2021,13917
292770,BA,548442,2021,28058
292780,BA,71181,2021,6241
292790,BA,76184,2021,10583
292800,BA,522258,2021,37704
292805,BA,124294,2021,12308
292810,BA,600557,2021,39707
292820,BA,344033,2021,26792
292830,BA,68861,2021,8987
292840,BA,286079,2021,28613
292850,BA,101418,2021,10520
292860,BA,1137909,2021,60190
292870,BA,2450763,2021,103204
292880,BA,914071,2021,53666
292890,BA,5845432,2021,34764
292895,BA,88481,2021,9085
292900,BA,172907,2021,14784
292905,BA,238411,2021,15543
292910,BA,212344,2021,21083
292920,BA,13086121,2021,40664
292925,BA,152905,2021,18785
292930,BA,1155355,2021,38315
292935,BA,67085,2021,5562
292937,BA,126708,2021,10546
292940,BA,176536,2021,11733
292950,BA,850111,2021,44554
292960,BA,213356,2021,17421
292970,BA,257850,2021,17330
292975,BA,146345,2021,12163
292980,BA,103098,2021,12971
292990,BA,625789,2021,44370
293000,BA,107243,2021,11586
293010,BA,998686,2021,79813
293015,BA,411522,2021,31362
293020,BA,1714786,2021,41279
293030,BA,200071,2021,17261
293040,BA,138135,2021,14531
293050,BA,1086778,2021,81693
293060,BA,118466,2021,13490
293070,BA,6334359,2021,137117
293075,BA,119993,2021,13104
293076,BA,103331,2021,9431
293077,BA,843210,2021,23274
293080,BA,135994,2021,17118
293090,BA,268317,2021,12515
293100,BA,253394,2021,20383
293105,BA,182934,2021,17518
293110,BA,66686,2021,7936
293120,BA,221755,2021,21421
293130,BA,148893,2021,16939
293135,BA,2875867,2021,164290
293140,BA,177355,2021,7296
293150,BA,191165,2021,22590
293160,BA,216766,2021,15097
293170,BA,170404,2021,13018
293180,BA,133737,2021,15996
293190,BA,544966,2021,50903
293200,BA,235072,2021,23991
293210,BA,229271,2021,19860
293220,BA,244969,2021,18647
293230,BA,223942,2021,27481
293240,BA,175893,2021,13894
293245,BA,262961,2021,19573
293250,BA,336909,2021,18108
293260,BA,199853,2021,16672
293270,BA,296049,2021,20312
293280,BA,185966,2021,19330
293290,BA,1740635,2021,97873
293300,BA,268908,2021,29111
293305,BA,112201,2021,14135
293310,BA,116187,2021,9247
293315,BA,231908,2021,12556
293317,BA,135267,2021,8734
293320,BA,602735,2021,44185
293325,BA,92715,2021,6105
293330,BA,8215793,2021,343643
293340,BA,89606,2021,9342
293345,BA,167757,2021,12125
293350,BA,331642,2021,20862
293360,BA,461160,2021,46562
310010,MG,176774,2021,7022
310020,MG,541239,2021,23263
310030,MG,262687,2021,13434
310040,MG,64907,2021,3995
310050,MG,165824,2021,9270
310060,MG,192074,2021,13319
310070,MG,229831,2021,1986
310080,MG,94615,2021,4557
310090,MG,287599,2021,19285
310100,MG,236649,2021,13656
310110,MG,638010,2021,25116
310120,MG,128549,2021,5949
310130,MG,47717,2021,2657
310140,MG,153961,2021,3015
310150,MG,971810,2021,35438
310160,MG,3485867,2021,80973
310163,MG,150663,2021,7052
310170,MG,674900,2021,42380
310180,MG,94597,2021,7448
310190,MG,524218,2021,20059
310200,MG,296525,2021,14566
310205,MG,97111,2021,5938
310210,MG,180132,2021,10723
310220,MG,54648,2021,3783
310230,MG,340215,2021,15135
310240,MG,64855,2021,3605
310250,MG,55926,2021,4643
310260,MG,1183812,2021,41704
310270,MG,125598,2021,9470
310280,MG,291937,2021,12189
310285,MG,144541,2021,8594
310290,MG,241904,2021,11471
310300,MG,894624,2021,9233
310310,MG,28571,2021,1577
310320,MG,59998,2021,2360
310330,MG,31362,2021,2056
310340,MG,520019,2021,36715
310350,MG,5837823,2021,118361
310360,MG,88542,2021,2779
310370,MG,122296,2021,8467
310375,MG,1294616,2021,6992
310380,MG,172816,2021,2836
310390,MG,474337,2021,9523
310400,MG,8950863,2021,108403
310410,MG,346704,2021,10990
310420,MG,2346520,2021,40658
310430,MG,309348,2021,15288
310440,MG,40092,2021,2681
310445,MG,67084,2021,5305
310450,MG,318620,2021,17850
310460,MG,292035,2021,14358
310470,MG,199016,2021,12496
310480,MG,89041,2021,4833
310490,MG,381042,2021,19249
310500,MG,201277,2021,7780
310510,MG,780013,2021,23964
310520,MG,59116,2021,4738
310530,MG,86583,2021,5808
310540,MG,2439013,2021,33232
310550,MG,63115,2021,5311
310560,MG,3523135,2021,139061
310570,MG,81927,2021,4905
310590,MG,608921,2021,20981
310600,MG,568260,2021,10269
310610,MG,61571,2021,3422
310620,MG,105829675,2021,2530701
310630,MG,2114722,2021,27277
310640,MG,279906,2021,7723
310650,MG,112832,2021,11813
310660,MG,53792,2021,4609
310665,MG,61026,2021,4792
310670,MG,33132919,2021,450024
310680,MG,41578,2021,3282
310690,MG,277609,2021,14612
310700,MG,64479,2021,2482
310710,MG,1058550,2021,40308
310720,MG,80221,2021,5088
310730,MG,1225284,2021,50521
310740,MG,1814096,2021,51436
310750,MG,127774,2021,6444
310760,MG,196096,2021,4270
310770,MG,160334,2021,6182
310780,MG,171128,2021,14792
310790,MG,160232,2021,10527
310800,MG,445078,2021,17612
310810,MG,135482,2021,6852
310820,MG,458719,2021,5397
310825,MG,101039,2021,11502
310830,MG,374865,2021,19809
310840,MG,325926,2021,14927
310850,MG,75753,2021,6259
310855,MG,415095,2021,16950
310860,MG,377425,2021,32460
310870,MG,50032,2021,4255
310880,MG,213084,2021,4737
310890,MG,198032,2021,14364
310900,MG,4624938,2021,41208
310910,MG,240738,2021,10982
310920,MG,180725,2021,10342
310925,MG,47558,2021,3984
310930,MG,1164015,2021,25179
310940,MG,736130,2021,28184
310945,MG,477388,2021,7025
310950,MG,290843,2021,14074
310960,MG,51864,2021,3580
310970,MG,537009,2021,11609
310980,MG,269619,2021,2720
310990,MG,315264,2021,11869
311000,MG,1074938,2021,45364
311010,MG,88656,2021,5584
311020,MG,97321,2021,3961
311030,MG,337663,2021,14600
311040,MG,70874,2021,2839
311050,MG,990373,2021,21831
311060,MG,1865719,2021,30068
311070,MG,370862,2021,12810
311080,MG,53464,2021,3739
311090,MG,439877,2021,16855
311100,MG,486392,2021,21052
311110,MG,536834,2021,19759
311115,MG,40662,2021,3830
311120,MG,1244647,2021,54338
311130,MG,231132,2021,11648
311140,MG,710907,2021,8383
311150,MG,434286,2021,15661
311160,MG,704550,2021,28908
311170,MG,77460,2021,4533
311180,MG,678012,2021,12251
311190,MG,80138,2021,5585
311200,MG,371149,2021,14890
311205,MG,56761,2021,4575
311210,MG,97624,2021,5464
311220,MG,62476,2021,4616
311230,MG,888063,2021,38321
311240,MG,207280,2021,6860
311250,MG,123379,2021,9896
311260,MG,666601,2021,16294
311265,MG,60813,2021,5559
311270,MG,501518,2021,15388
311280,MG,328449,2021,8693
311290,MG,143751,2021,9318
311300,MG,210428,2021,23872
311310,MG,41483,2021,3150
311320,MG,751899,2021,25831
311330,MG,639260,2021,33022
311340,MG,2283288,2021,93124
311350,MG,220682,2021,9423
311360,MG,174197,2021,6826
311370,MG,474792,2021,18516
311380,MG,39788,2021,2660
311390,MG,321643,2021,12193
311400,MG,265730,2021,11546
311410,MG,290443,2021,15031
311420,MG,629040,2021,22900
311430,MG,1060224,2021,30339
311440,MG,694617,2021,21310
311450,MG,461604,2021,19756
311455,MG,407481,2021,10103
311460,MG,177651,2021,4052
311470,MG,71387,2021,3614
311480,MG,80638,2021,4445
311490,MG,69241,2021,2251
311500,MG,80004,2021,3108
311510,MG,436435,2021,17741
311520,MG,68733,2021,3939
311530,MG,1651609,2021,75942
311535,MG,5032358,2021,5465
311540,MG,40793,2021,3665
311545,MG,83289,2021,6206
311547,MG,56844,2021,4944
311550,MG,371035,2021,21566
311560,MG,22406,2021,1150
311570,MG,87071,2021,7059
311580,MG,351070,2021,10343
311590,MG,47151,2021,3216
311600,MG,114181,2021,5695
311610,MG,111127,2021,15334
311615,MG,403118,2021,14217
311620,MG,37253,2021,2657
311630,MG,73306,2021,6811
311640,MG,182017,2021,4873
311650,MG,83730,2021,7478
311660,MG,1118680,2021,29093
311670,MG,139845,2021,7631
311680,MG,121196,2021,8810
311690,MG,154809,2021,3128
311700,MG,68129,2021,6624
311710,MG,274177,2021,10351
311720,MG,61043,2021,2814
311730,MG,1318367,2021,28782
311740,MG,81016,2021,4581
311750,MG,9051036,2021,17438
311760,MG,494122,2021,5558
311770,MG,343578,2021,13729
311780,MG,225127,2021,11852
311783,MG,63480,2021,7730
311787,MG,485732,2021,6867
311790,MG,220411,2021,12209
311800,MG,4115644,2021,55836
311810,MG,49300,2021,5047
311820,MG,490137,2021,6997
311830,MG,3118549,2021,130584
311840,MG,383878,2021,22975
311850,MG,31451,2021,1786
311860,MG,36479765,2021,673849
311870,MG,234166,2021,9099
311880,MG,272891,2021,26620
311890,MG,146187,2021,8903
311900,MG,113770,2021,3546
311910,MG,612295,2021,23607
311920,MG,125593,2021,9897
311930,MG,1535205,2021,27958
311940,MG,1996019,2021,110709
311950,MG,119865,2021,9209
311960,MG,60102,2021,3095
311970,MG,90916,2021,3448
311980,MG,165603,2021,3168
311990,MG,45638,2021,3685
311995,MG,320637,2021,6425
312000,MG,38526,2021,2688
312010,MG,63270,2021,4436
312015,MG,76419,2021,6814
312020,MG,295530,2021,13060
312030,MG,59171,2021,5992
312040,MG,123694,2021,5161
312050,MG,233896,2021,10211
312060,MG,83098,2021,5072
312070,MG,184043,2021,3651
312080,MG,317748,2021,15529
312083,MG,74054,2021,5026
312087,MG,80453,2021,7867
312090,MG,2230617,2021,81085
312100,MG,73964,2021,5431
312110,MG,125715,2021,8007
312120,MG,247245,2021,7146
312125,MG,466767,2021,10994
312130,MG,81745,2021,5044
312140,MG,261204,2021,7266
312150,MG,50625,2021,2867
312160,MG,984259,2021,47924
312170,MG,42942,2021,3779
312180,MG,90883,2021,7493
312190,MG,63715,2021,3430
312200,MG,319462,2021,20020
312210,MG,61695,2021,4969
312220,MG,82295,2021,7655
312230,MG,8331346,2021,242505
312235,MG,178208,2021,6946
312240,MG,129555,2021,6039
312245,MG,93202,2021,11396
312247,MG,69302,2021,3635
312250,MG,69648,2021,5025
312260,MG,67823,2021,4436
312270,MG,107932,2021,5227
312280,MG,39052,2021,2992
312290,MG,109905,2021,6664
312300,MG,320215,2021,10291
312310,MG,190683,2021,5139
312320,MG,352232,2021,13373
312330,MG,66847,2021,4202
312340,MG,84134,2021,1539
312350,MG,79333,2021,1915
312352,MG,122893,2021,7898
312360,MG,705930,2021,28556
312370,MG,157033,2021,11268
312380,MG,92061,2021,7240
312385,MG,64926,2021,5383
312390,MG,270226,2021,15458
312400,MG,409477,2021,19019
312410,MG,973105,2021,72512
312420,MG,411020,2021,25287
312430,MG,363982,2021,31603
312440,MG,122239,2021,4728
312450,MG,601894,2021,11416
312460,MG,42898,2021,2308
312470,MG,165292,2021,3483
312480,MG,351924,2021,8057
312490,MG,221830,2021,11383
312500,MG,54364,2021,3932
312510,MG,13651225,2021,37649
312520,MG,58635,2021,2374
312530,MG,64378,2021,3202
312540,MG,73739,2021,4656
312550,MG,48754,2021,3178
312560,MG,75707,2021,7548
312570,MG,281155,2021,15528
312580,MG,45856,2021,3500
312590,MG,147924,2021,9576
312595,MG,156889,2021,11100
312600,MG,142809,2021,7602
312610,MG,2214110,2021,67956
312620,MG,314917,2021,9810
312630,MG,111306,2021,4460
312640,MG,51272,2021,2986
312650,MG,77814,2021,10311
312660,MG,75609,2021,5268
312670,MG,451860,2021,26459
312675,MG,102828,2021,5287
312680,MG,80106,2021,5858
312690,MG,150490,2021,9716
312695,MG,35559,2021,3496
312700,MG,935152,2021,18866
312705,MG,48953,2021,4542
312707,MG,47086,2021,5232
312710,MG,2473118,2021,60508
312720,MG,83333,2021,4434
312730,MG,113734,2021,6764
312733,MG,57339,2021,5084
312735,MG,41129,2021,3177
312737,MG,49908,2021,3402
312738,MG,62270,2021,4014
312740,MG,94285,2021,4360
312750,MG,68973,2021,6184
312760,MG,198923,2021,11811
312770,MG,7382837,2021,282164
312780,MG,770889,2021,15943
312790,MG,44200,2021,1386
312800,MG,996965,2021,34818
312810,MG,390784,2021,14269
312820,MG,115228,2021,10307
312825,MG,78027,2021,5005
312830,MG,549336,2021,19014
312840,MG,173714,2021,8926
312850,MG,57636,2021,3755
312860,MG,750723,2021,6558
312870,MG,2806366,2021,52234
312880,MG,123659,2021,7026
312890,MG,327236,2021,8168
312900,MG,114431,2021,8296
312910,MG,180809,2021,5516
312920,MG,133454,2021,6623
312930,MG,176419,2021,11085
312940,MG,103561,2021,4999
312950,MG,1534749,2021,25511
312960,MG,114963,2021,8478
312965,MG,51265,2021,5340
312970,MG,728305,2021,14128
312980,MG,3203506,2021,184030
312990,MG,77638,2021,3497
313000,MG,59358,2021,3003
313005,MG,111447,2021,12200
313010,MG,967312,2021,44561
313020,MG,578190,2021,11146
313030,MG,587430,2021,7901
313040,MG,494882,2021,6667
313050,MG,265384,2021,12511
313055,MG,101174,2021,6976
313060,MG,132576,2021,7387
313065,MG,87312,2021,7328
313070,MG,875663,2021,7009
313080,MG,115702,2021,2785
313090,MG,404796,2021,24020
313100,MG,145789,2021,6352
313110,MG,90737,2021,7605
313115,MG,180315,2021,18926
313120,MG,344577,2021,20133
313130,MG,17609177,2021,267333
313140,MG,183084,2021,4229
313150,MG,188530,2021,10156
313160,MG,301551,2021,7067
313170,MG,14971929,2021,121717
313180,MG,136423,2021,11637
313190,MG,13139828,2021,52996
313200,MG,61721,2021,5447
313210,MG,226363,2021,18175
313220,MG,402464,2021,13510
313230,MG,121602,2021,12910
313240,MG,3288441,2021,97782
313250,MG,647509,2021,35130
313260,MG,67336,2021,4395
313270,MG,341052,2021,23207
313280,MG,35922,2021,2032
313290,MG,236365,2021,10122
313300,MG,1182177,2021,15844
313310,MG,470229,2021,15511
313320,MG,151296,2021,12259
313330,MG,308690,2021,20997
313340,MG,514269,2021,15511
313350,MG,629195,2021,21760
313360,MG,848636,2021,9976
313370,MG,6934792,2021,11354
313375,MG,724266,2021,16286
313380,MG,5084952,2021,94455
313390,MG,71363,2021,5321
313400,MG,148258,2021,15053
313410,MG,122207,2021,6074
313420,MG,3797932,2021,105818
313430,MG,91622,2021,5978
313440,MG,2017455,2021,40101
313450,MG,172515,2021,3749
313460,MG,297901,2021,20683
313470,MG,131584,2021,12320
313480,MG,150968,2021,7695
313490,MG,1143965,2021,26538
313500,MG,109845,2021,3151
313505,MG,849210,2021,39850
313507,MG,82540,2021,5453
313510,MG,1603651,2021,72374
313520,MG,824599,2021,67958
313530,MG,101337,2021,4418
313535,MG,77423,2021,7991
313540,MG,1953259,2021,4795
313545,MG,79480,2021,7781
313550,MG,193981,2021,12246
313560,MG,130474,2021,7407
313570,MG,126191,2021,5203
313580,MG,274832,2021,25555
313590,MG,104204,2021,4774
313600,MG,162644,2021,15476
313610,MG,110227,2021,4382
313620,MG,4851241,2021,80903
313630,MG,2156171,2021,47990
313640,MG,72335,2021,4757
313650,MG,107172,2021,10872
313652,MG,51745,2021,4474
313655,MG,72338,2021,5104
313657,MG,58028,2021,4911
313660,MG,107518,2021,5739
313665,MG,1437155,2021,27823
313670,MG,20297559,2021,577532
313680,MG,51609,2021,4359
313690,MG,274109,2021,10795
313695,MG,65633,2021,5706
313700,MG,147330,2021,18272
313710,MG,242527,2021,7588
313720,MG,1986274,2021,53236
313730,MG,59611,2021,4062
313740,MG,345418,2021,13115
313750,MG,565583,2021,18168
313753,MG,292506,2021,9681
313760,MG,2189391,2021,66744
313770,MG,399673,2021,19914
313780,MG,405064,2021,20995
313790,MG,52131,2021,3366
313800,MG,95788,2021,6856
313810,MG,192541,2021,6494
313820,MG,2941931,2021,105756
313830,MG,55510,2021,3222
313835,MG,66205,2021,4923
313840,MG,1113027,2021,52690
313850,MG,107638,2021,4994
313860,MG,339660,2021,16749
313862,MG,462851,2021,7640
313865,MG,93858,2021,9766
313867,MG,132789,2021,6249
313868,MG,65474,2021,6735
313870,MG,149070,2021,5431
313880,MG,657025,2021,18297
313890,MG,112451,2021,7112
313900,MG,1373850,2021,42682
313910,MG,301988,2021,5119
313920,MG,235819,2021,18556
313925,MG,60107,2021,6565
313930,MG,243371,2021,18051
313940,MG,3278527,2021,92074
313950,MG,563494,2021,22894
313960,MG,476940,2021,27651
313970,MG,233154,2021,8113
313980,MG,227578,2021,12985
313990,MG,203136,2021,14019
314000,MG,7367378,2021,61830
314010,MG,57719,2021,4079
314015,MG,198000,2021,15814
314020,MG,74979,2021,3000
314030,MG,60450,2021,4030
314040,MG,42794,2021,2701
314050,MG,474772,2021,13497
314053,MG,215681,2021,8640
314055,MG,91577,2021,8700
314060,MG,60534,2021,4415
314070,MG,1079651,2021,31631
314080,MG,628205,2021,14626
314085,MG,158638,2021,11360
314090,MG,425322,2021,19098
314100,MG,157578,2021,12367
314110,MG,1506154,2021,38469
314120,MG,97194,2021,3733
314130,MG,247330,2021,3861
314140,MG,253051,2021,20701
314150,MG,77396,2021,6446
314160,MG,151768,2021,10775
314170,MG,59463,2021,5489
314180,MG,350142,2021,31509
314190,MG,163786,2021,3891
314200,MG,163017,2021,13651
314210,MG,174006,2021,10818
314220,MG,334110,2021,15205
314225,MG,46808,2021,4939
314230,MG,76842,2021,4948
314240,MG,152615,2021,7589
314250,MG,46811,2021,2184
314260,MG,228158,2021,8764
314270,MG,165416,2021,14621
314280,MG,757892,2021,21349
314290,MG,256132,2021,20544
314300,MG,365890,2021,13139
314310,MG,1558716,2021,48049
314315,MG,44055,2021,4939
314320,MG,483352,2021,21504
314330,MG,10800251,2021,417478
314340,MG,606448,2021,24247
314345,MG,91071,2021,8379
314350,MG,541171,2021,8955
314360,MG,51051,2021,2413
314370,MG,44118,2021,3126
314380,MG,128563,2021,5960
314390,MG,2655056,2021,109997
314400,MG,508583,2021,26945
314410,MG,535441,2021,20522
314420,MG,37386,2021,3221
314430,MG,808599,2021,40583
314435,MG,90048,2021,7104
314437,MG,75129,2021,3306
314440,MG,115354,2021,4727
314450,MG,668882,2021,8710
314460,MG,618502,2021,26882
314465,MG,126384,2021,10355
314467,MG,83428,2021,3067
314470,MG,432891,2021,17524
314480,MG,21042646,2021,97378
314490,MG,58650,2021,3548
314500,MG,1116305,2021,16046
314505,MG,116257,2021,7493
314510,MG,385669,2021,16937
314520,MG,2635892,2021,108241
314530,MG,330447,2021,31339
314535,MG,121571,2021,10800
314537,MG,70417,2021,5348
314540,MG,31909,2021,1694
314545,MG,211931,2021,6243
314550,MG,43929,2021,2829
314560,MG,1105051,2021,41987
314570,MG,40532,2021,2128
314580,MG,64915,2021,3155
314585,MG,70864,2021,4671
314587,MG,122059,2021,8138
314590,MG,8842769,2021,40220
314600,MG,934189,2021,33938
314610,MG,9520035,2021,74824
314620,MG,67814,2021,5895
314625,MG,58192,2021,6466
314630,MG,213919,2021,20346
314640,MG,82825,2021,4440
314650,MG,531428,2021,8308
314655,MG,58645,2021,6098
314660,MG,27301,2021,1517
314670,MG,103673,2021,6606
314675,MG,63874,2021,5196
314690,MG,374343,2021,15922
314700,MG,7198617,2021,94539
314710,MG,4025297,2021,95616
314720,MG,650754,2021,21693
314730,MG,592590,2021,21353
314740,MG,918487,2021,24854
314750,MG,23595,2021,1619
314760,MG,472423,2021,16439
314770,MG,480322,2021,8031
314780,MG,42087,2021,2024
314790,MG,3024709,2021,115970
314795,MG,55018,2021,6031
314800,MG,6145130,2021,154641
314810,MG,3678404,2021,92116
314820,MG,116065,2021,5744
314830,MG,136815,2021,9597
314840,MG,67350,2021,4794
314850,MG,93078,2021,8390
314860,MG,270148,2021,17534
314870,MG,401448,2021,24333
314875,MG,96477,2021,7157
314880,MG,57727,2021,2960
314890,MG,116154,2021,3977
314900,MG,42293,2021,2559
314910,MG,182678,2021,11098
314915,MG,109590,2021,12313
314920,MG,204115,2021,3651
314930,MG,1939056,2021,65149
314940,MG,30268,2021,1804
314950,MG,62540,2021,3340
314960,MG,85506,2021,4457
314970,MG,227190,2021,11994
314980,MG,1629092,2021,16469
314990,MG,627041,2021,21577
314995,MG,111678,2021,6738
315000,MG,47101,2021,4261
315010,MG,92672,2021,2719
315015,MG,140778,2021,8832
315020,MG,62735,2021,4141
315030,MG,110401,2021,4436
315040,MG,89821,2021,5034
315050,MG,281722,2021,8715
315053,MG,52720,2021,5029
315057,MG,71219,2021,7540
315060,MG,303200,2021,6386
315070,MG,403824,2021,6491
315080,MG,200178,2021,17641
315090,MG,78368,2021,5504
315100,MG,136079,2021,8683
315110,MG,639090,2021,10791
315120,MG,2875259,2021,56845
315130,MG,200665,2021,10732
315140,MG,741338,2021,28433
315150,MG,1280835,2021,35137
315160,MG,574328,2021,12445
315170,MG,403867,2021,16900
315180,MG,8531692,2021,169838
315190,MG,121719,2021,8288
315200,MG,1170187,2021,32248
315210,MG,2144994,2021,60003
315213,MG,52076,2021,4305
315217,MG,122556,2021,12235
315220,MG,526939,2021,37823
315230,MG,130247,2021,11414
315240,MG,168795,2021,16675
315250,MG,10720093,2021,154293
315260,MG,277468,2021,5862
315270,MG,229201,2021,9128
315280,MG,1293341,2021,28173
315290,MG,228649,2021,8530
315300,MG,154731,2021,3658
315310,MG,67716,2021,5315
315320,MG,49095,2021,3572
315330,MG,36194,2021,3000
315340,MG,731489,2021,19680
315350,MG,125604,2021,8286
315360,MG,203136,2021,10931
315370,MG,77631,2021,3603
315380,MG,40046,2021,1948
315390,MG,193699,2021,16501
315400,MG,423415,2021,23663
315410,MG,123322,2021,10522
315415,MG,121225,2021,7247
315420,MG,207535,2021,11578
315430,MG,277857,2021,17396
315440,MG,373035,2021,4826
315445,MG,157263,2021,8132
315450,MG,532748,2021,9471
315460,MG,5181711,2021,341415
315470,MG,105348,2021,4061
315480,MG,472471,2021,10524
315490,MG,237367,2021,13384
315500,MG,51873,2021,2630
315510,MG,52673,2021,5117
315520,MG,59610,2021,5332
315530,MG,113745,2021,5924
315540,MG,120108,2021,8964
315550,MG,906353,2021,12356
315560,MG,345467,2021,31171
315570,MG,1339301,2021,14325
315580,MG,417439,2021,18007
315590,MG,69182,2021,5493
315600,MG,140768,2021,12635
315610,MG,90357,2021,4521
315620,MG,114736,2021,2335
315630,MG,550096,2021,8333
315640,MG,271547,2021,3507
315645,MG,67739,2021,4648
315650,MG,80085,2021,5609
315660,MG,111720,2021,10269
315670,MG,4201730,2021,137877
315680,MG,334745,2021,15364
315690,MG,2090987,2021,26556
315700,MG,667409,2021,41864
315710,MG,132072,2021,7014
315720,MG,1628493,2021,31873
315725,MG,111650,2021,8212
315727,MG,56244,2021,3212
315730,MG,70594,2021,4385
315733,MG,103519,2021,8723
315737,MG,49009,2021,4074
315740,MG,76965,2021,4693
315750,MG,51019,2021,4354
315760,MG,59942,2021,3806
315765,MG,57951,2021,6406
315770,MG,860482,2021,14497
315780,MG,5290589,2021,221705
315790,MG,354063,2021,16393
315800,MG,269043,2021,10867
315810,MG,49995,2021,5203
315820,MG,170840,2021,14607
315830,MG,242910,2021,7047
315840,MG,49933,2021,3909
315850,MG,116685,2021,7538
315860,MG,47378,2021,3985
315870,MG,39157,2021,2494
315880,MG,105993,2021,4847
315890,MG,189846,2021,8660
315895,MG,750463,2021,36048
315900,MG,103786,2021,4334
315910,MG,49866,2021,3753
315920,MG,227955,2021,8900
315930,MG,74817,2021,4843
315935,MG,151813,2021,7322
315940,MG,61761,2021,3380
315950,MG,179081,2021,5426
315960,MG,1944614,2021,44226
315970,MG,102034,2021,3364
315980,MG,802690,2021,19997
315990,MG,354432,2021,18697
316000,MG,67920,2021,3602
316010,MG,85672,2021,3861
316020,MG,44707,2021,3763
316030,MG,114554,2021,11570
316040,MG,843029,2021,28603
316045,MG,70750,2021,7316
316050,MG,28497,2021,1756
316060,MG,50200,2021,3044
316070,MG,1102977,2021,46357
316080,MG,89310,2021,5411
316090,MG,80505,2021,3770
316095,MG,91417,2021,5672
316100,MG,313491,2021,17296
316105,MG,43895,2021,3354
316110,MG,648148,2021,56625
316120,MG,150481,2021,6512
316130,MG,194087,2021,6309
316140,MG,72567,2021,4758
316150,MG,264434,2021,12751
316160,MG,44821,2021,3860
316165,MG,49944,2021,4104
316170,MG,325580,2021,8527
316180,MG,311248,2021,12776
316190,MG,7603851,2021,11114
316200,MG,987545,2021,25670
316210,MG,1189360,2021,36084
316220,MG,268158,2021,7541
316225,MG,60418,2021,4949
316230,MG,55082,2021,2743
316240,MG,268895,2021,25033
316245,MG,92400,2021,13232
316250,MG,3005052,2021,90897
316255,MG,183099,2021,11785
316257,MG,81243,2021,5975
316260,MG,101877,2021,7393
316265,MG,44646,2021,4476
316270,MG,285080,2021,23797
316280,MG,253108,2021,15761
316290,MG,506309,2021,26530
316292,MG,1083354,2021,32696
316294,MG,891476,2021,7532
316295,MG,625195,2021,24490
316300,MG,49560,2021,4291
316310,MG,114407,2021,5151
316320,MG,57940,2021,4222
316330,MG,53046,2021,3851
316340,MG,67388,2021,5356
316350,MG,99911,2021,6409
316360,MG,44175,2021,2821
316370,MG,1177922,2021,46539
316380,MG,105089,2021,6949
316390,MG,148166,2021,4563
316400,MG,134410,2021,7634
316410,MG,81787,2021,5160
316420,MG,243121,2021,12713
316430,MG,323185,2021,7100
316440,MG,443000,2021,5598
316443,MG,66816,2021,3039
316447,MG,104241,2021,6697
316450,MG,100816,2021,9884
316460,MG,597003,2021,6948
316470,MG,2236521,2021,71915
316480,MG,25970,2021,1478
316490,MG,35692,2021,2259
316500,MG,246094,2021,10979
316510,MG,195273,2021,6980
316520,MG,137362,2021,7151
316530,MG,206110,2021,7876
316540,MG,110272,2021,7045
316550,MG,68802,2021,6421
316553,MG,2190992,2021,34050
316555,MG,122686,2021,12493
316556,MG,36665,2021,2579
316557,MG,89448,2021,5365
316560,MG,38035,2021,2001
316570,MG,106777,2021,7902
316580,MG,35496,2021,1422
316590,MG,92207,2021,4056
316600,MG,81083,2021,5786
316610,MG,49778,2021,3516
316620,MG,115769,2021,10474
316630,MG,104985,2021,7340
316640,MG,45232,2021,1857
316650,MG,45066,2021,4292
316660,MG,21891,2021,771
316670,MG,91034,2021,8725
316680,MG,983222,2021,11750
316690,MG,161647,2021,7667
316695,MG,47456,2021,4836
316700,MG,38562,2021,1949
316710,MG,292440,2021,20915
316720,MG,12659740,2021,243950
316730,MG,35150,2021,2267
316740,MG,141556,2021,6258
316750,MG,104072,2021,2621
316760,MG,285287,2021,19834
316770,MG,67373,2021,5476
316780,MG,81877,2021,6226
316790,MG,65731,2021,3669
316800,MG,557419,2021,34653
316805,MG,49070,2021,3093
316810,MG,689238,2021,4890
316820,MG,56041,2021,1869
316830,MG,65923,2021,4120
316840,MG,188341,2021,14280
316850,MG,191322,2021,11680
316860,MG,2951670,2021,141269
316870,MG,5611339,2021,91268
316880,MG,205707,2021,8160
316890,MG,379859,2021,6369
316900,MG,349691,2021,16769
316905,MG,70719,2021,4117
316910,MG,107161,2021,6336
316920,MG,130979,2021,7683
316930,MG,2959361,2021,80561
316935,MG,3151633,2021,33062
316940,MG,1879264,2021,57127
316950,MG,82915,2021,6797
316960,MG,946559,2021,25466
316970,MG,443706,2021,20280
316980,MG,139820,2021,5099
316990,MG,3573940,2021,117995
317000,MG,117219,2021,12661
317005,MG,167991,2021,12514
317010,MG,20397519,2021,340277
317020,MG,43129285,2021,706597
317030,MG,44172,2021,2582
317040,MG,4319563,2021,85461
317043,MG,130424,2021,4265
317047,MG,97097,2021,3256
317050,MG,239997,2021,10333
317052,MG,193242,2021,17470
317057,MG,77331,2021,6460
317060,MG,87637,2021,2143
317065,MG,68130,2021,5045
317070,MG,8093810,2021,137608
317075,MG,316199,2021,7235
317080,MG,1067613,2021,40101
317090,MG,187206,2021,19290
317100,MG,1168648,2021,20692
317103,MG,115451,2021,9527
317107,MG,133052,2021,5733
317110,MG,170434,2021,4090
317115,MG,64216,2021,4852
317120,MG,3020537,2021,131849
317130,MG,1811859,2021,79910
317140,MG,53459,2021,3570
317150,MG,43931,2021,3157
317160,MG,131604,2021,13729
317170,MG,180446,2021,8652
317180,MG,183953,2021,10459
317190,MG,62674,2021,5303
317200,MG,1351679,2021,43351
317210,MG,140361,2021,5270
317220,MG,33088,2021,2543
320010,ES,569771,2021,30326
320013,ES,246004,2021,9621
320016,ES,184402,2021,10801
320020,ES,575138,2021,29869
320030,ES,457719,2021,14670
320035,ES,113034,2021,7911
320040,ES,5764148,2021,30285
320050,ES,118193,2021,7542
320060,ES,5313106,2021,104942
320070,ES,360866,2021,12270
320080,ES,928265,2021,31263
320090,ES,1165006,2021,45301
320100,ES,271044,2021,15146
320110,ES,186832,2021,9988
320115,ES,294750,2021,12450
320120,ES,6146964,2021,212172
320130,ES,13698973,2021,386495
320140,ES,1170595,2021,37956
320150,ES,4378306,2021,124283
320160,ES,607069,2021,31479
320170,ES,279078,2021,12887
320180,ES,82578,2021,4236
320190,ES,957684,2021,34120
320200,ES,159782,2021,6793
320210,ES,411089,2021,22748
320220,ES,468479,2021,22379
320225,ES,334329,2021,13047
320230,ES,612495,2021,31372
320240,ES,2537472,2021,128504
320245,ES,450090,2021,26762
320250,ES,289514,2021,12701
320255,ES,171983,2021,8830
320260,ES,314849,2021,14083
320265,ES,236224,2021,13672
320270,ES,325867,2021,13982
320280,ES,5744186,2021,34957
320290,ES,266030,2021,10433
320300,ES,538444,2021,29417
320305,ES,963635,2021,31589
320310,ES,172125,2021,12336
320313,ES,646255,2021,16774
320316,ES,187688,2021,10919
320320,ES,8036008,2021,179755
320330,ES,203075,2021,15653
320332,ES,6659696,2021,39259
320334,ES,516906,2021,17141
320335,ES,312886,2021,13091
320340,ES,607415,2021,26079
320350,ES,410506,2021,18954
320360,ES,96748,2021,5468
320370,ES,383338,2021,17176
320380,ES,234321,2021,15602
320390,ES,1339644,2021,50751
320400,ES,358499,2021,23426
320405,ES,401437,2021,26575
320410,ES,861702,2021,27601
320420,ES,876050,2021,22388
320425,ES,107548,2021,8016
320430,ES,6811825,2021,11741
320435,ES,525682,2021,19398
320440,ES,229883,2021,11630
320450,ES,330158,2021,12171
320455,ES,1631424,2021,41588
320460,ES,577185,2021,23853
320465,ES,331339,2021,8735
320470,ES,762065,2021,39085
320480,ES,203596,2021,10536
320490,ES,2947644,2021,134629
320495,ES,228984,2021,12602
320500,ES,37279406,2021,536765
320501,ES,667529,2021,31278
320503,ES,430100,2021,21778
320506,ES,702153,2021,26204
320510,ES,4227568,2021,80735
320515,ES,180643,2021,9280
320517,ES,434064,2021,14065
320520,ES,16305842,2021,508655
320530,ES,31423573,2021,369534
330010,RJ,11194244,2021,210171
330015,RJ,249125,2021,12036
330020,RJ,4234265,2021,136109
330022,RJ,427444,2021,12763
330023,RJ,2970333,2021,35060
330025,RJ,2705477,2021,30827
330030,RJ,2713911,2021,101139
330040,RJ,6449309,2021,185237
330045,RJ,8839808,2021,515239
330050,RJ,887304,2021,27779
330060,RJ,908167,2021,37306
330070,RJ,12359627,2021,234077
330080,RJ,1305514,2021,59652
330090,RJ,400563,2021,15521
330093,RJ,726769,2021,16859
330095,RJ,603975,2021,8590
330100,RJ,37179860,2021,514643
330110,RJ,841421,2021,20163
330115,RJ,395482,2021,12818
330120,RJ,561153,2021,19161
330130,RJ,2352168,2021,45864
330140,RJ,434144,2021,23561
330150,RJ,456176,2021,22152
330160,RJ,249220,2021,11563
330170,RJ,53136666,2021,929449
330180,RJ,406744,2021,14138
330185,RJ,1364014,2021,62225
330187,RJ,631409,2021,29344
330190,RJ,5640738,2021,244416
330200,RJ,10502749,2021,136547
330205,RJ,418766,2021,15387
330210,RJ,635896,2021,23211
330220,RJ,3394972,2021,104354
330225,RJ,6893431,2021,32312
330227,RJ,1530205,2021,106296
330230,RJ,184165,2021,7298
330240,RJ,17747016,2021,266136
330245,RJ,214875,2021,5646
330250,RJ,4765844,2021,247741
330260,RJ,3211900,2021,45941
330270,RJ,85814296,2021,167668
330280,RJ,357694,2021,18681
330285,RJ,2619229,2021,177016
330290,RJ,632510,2021,25622
330300,RJ,662192,2021,27134
330310,RJ,324266,2021,15305
330320,RJ,3059486,2021,162893
330330,RJ,66345730,2021,516981
330340,RJ,6324935,2021,191664
330350,RJ,17794593,2021,825388
330360,RJ,1162885,2021,53093
330370,RJ,1253032,2021,44741
330380,RJ,1955303,2021,44175
330385,RJ,684863,2021,27942
330390,RJ,15665448,2021,307144
330395,RJ,1452647,2021,25563
330400,RJ,2449990,2021,29802
330410,RJ,415950,2021,19068
330411,RJ,4245742,2021,20254
330412,RJ,305015,2021,14562
330414,RJ,4361718,2021,152311
330415,RJ,5996913,2021,25535
330420,RJ,10754410,2021,133244
330430,RJ,1831415,2021,60930
330440,RJ,435971,2021,18677
330450,RJ,294391,2021,9401
330452,RJ,8949070,2021,159529
330455,RJ,359634753,2021,6775561
330460,RJ,234582,2021,10380
330470,RJ,1284644,2021,42705
330475,RJ,1184531,2021,42214
330480,RJ,845192,2021,38749
330490,RJ,20324883,2021,1098357
330500,RJ,9886875,2021,36731
330510,RJ,8963782,2021,473385
330513,RJ,196862,2021,7240
330515,RJ,738568,2021,22032
330520,RJ,2743661,2021,107556
330530,RJ,241289,2021,9416
330540,RJ,1000575,2021,18270
330550,RJ,42178208,2021,91938
330555,RJ,4777037,2021,83841
330560,RJ,602644,2021,21775
330570,RJ,600127,2021,15709
330575,RJ,694549,2021,34898
330580,RJ,5923947,2021,185820
330590,RJ,242020,2021,10653
330600,RJ,6348173,2021,82468
330610,RJ,3122612,2021,77202
330615,RJ,264154,2021,11208
330620,RJ,1321272,2021,37262
330630,RJ,19671281,2021,274925
350010,SP,1370866,2021,35153
350020,SP,115490,2021,3545
350030,SP,1314737,2021,36981
350040,SP,209004,2021,8262
350050,SP,585604,2021,18908
350055,SP,217296,2021,6142
350060,SP,147855,2021,3588
350070,SP,2638623,2021,37582
350075,SP,129390,2021,6231
350080,SP,120355,2021,4201
350090,SP,112274,2021,4211
350100,SP,833396,2021,16221
350110,SP,113585,2021,4078
350115,SP,3982313,2021,18903
350120,SP,124351,2021,3616
350130,SP,709876,2021,25078
350140,SP,58586,2021,5320
350150,SP,58405,2021,3251
350160,SP,15217280,2021,244370
350170,SP,1230444,2021,41545
350180,SP,126802,2021,5993
350190,SP,5152156,2021,73145
350200,SP,208314,2021,5115
350210,SP,2845285,2021,57245
350220,SP,1474152,2021,25724
350230,SP,169558,2021,6911
350240,SP,105621,2021,4172
350250,SP,1041067,2021,36211
350260,SP,151540,2021,4122
350270,SP,897713,2021,24081
350275,SP,4814504,2021,23343
350280,SP,9017958,2021,199210
350290,SP,1205884,2021,35389
350300,SP,150277,2021,5689
350310,SP,194818,2021,6373
350315,SP,45568,2021,2452
350320,SP,11953237,2021,240542
350330,SP,6942567,2021,136739
350335,SP,62096,2021,1755
350340,SP,227083,2021,8665
350350,SP,58113,2021,3906
350360,SP,163060,2021,11186
350370,SP,1136911,2021,9851
350380,SP,1721737,2021,56247
350390,SP,8293370,2021,92453
350395,SP,39546,2021,1815
350400,SP,4082516,2021,105768
350410,SP,8361032,2021,145378
350420,SP,358544,2021,15316
350430,SP,376094,2021,5467
350440,SP,199389,2021,14063
350450,SP,3278922,2021,91792
350460,SP,551849,2021,18013
350470,SP,65400,2021,6127
350480,SP,278642,2021,9209
350490,SP,216018,2021,11039
350500,SP,74956,2021,3525
350510,SP,109125,2021,7532
350520,SP,1623406,2021,35844
350530,SP,1515653,2021,36125
350535,SP,133738,2021,5794
350540,SP,125821,2021,7606
350550,SP,5903516,2021,123546
350560,SP,624816,2021,33537
350570,SP,58027667,2021,279704
350580,SP,1067217,2021,20952
350590,SP,2416803,2021,63438
350600,SP,16721368,2021,381706
350610,SP,4080485,2021,77612
350620,SP,210460,2021,3028
350630,SP,377950,2021,11168
350635,SP,2067677,2021,66154
350640,SP,292577,2021,8197
350650,SP,3947388,2021,126094
350660,SP,971016,2021,33265
350670,SP,380753,2021,15111
350680,SP,281964,2021,12571
350690,SP,212434,2021,12107
350700,SP,3393229,2021,63310
350710,SP,1463036,2021,26506
350715,SP,63857,2021,4013
350720,SP,74195,2021,839
350730,SP,519153,2021,4913
350740,SP,518182,2021,16278
350745,SP,73943,2021,2713
350750,SP,5979359,2021,149718
350760,SP,7954300,2021,172346
350770,SP,120687,2021,5795
350775,SP,75675,2021,2911
350780,SP,894831,2021,25605
350790,SP,1123987,2021,24862
350800,SP,684130,2021,20050
350810,SP,627565,2021,17414
350820,SP,244488,2021,4547
350830,SP,102882,2021,4222
350840,SP,5961333,2021,51130
350850,SP,5214553,2021,95752
350860,SP,673632,2021,33827
350870,SP,574395,2021,19031
350880,SP,682544,2021,17917
350890,SP,69806,2021,4195
350900,SP,4858858,2021,104044
350910,SP,96255,2021,6017
350920,SP,22713160,2021,79034
350925,SP,1755226,2021,28441
350930,SP,170916,2021,10649
350940,SP,761749,2021,26613
350945,SP,151087,2021,6088
350950,SP,72946775,2021,1223237
350960,SP,2530950,2021,86407
350970,SP,1449808,2021,52713
350980,SP,194705,2021,5028
350990,SP,264410,2021,12542
350995,SP,130060,2021,5268
351000,SP,1518347,2021,31410
351010,SP,107108,2021,2805
351015,SP,164319,2021,5365
351020,SP,1269097,2021,47098
351030,SP,392354,2021,21257
351040,SP,2990810,2021,56973
351050,SP,4532236,2021,125194
351060,SP,6854706,2021,405375
351070,SP,321120,2021,12371
351080,SP,1179142,2021,30655
351090,SP,293111,2021,2488
351100,SP,1388287,2021,21521
351110,SP,5218361,2021,123114
351120,SP,152902,2021,7905
351130,SP,533104,2021,9452
351140,SP,956914,2021,20391
351150,SP,2343906,2021,50631
351160,SP,740569,2021,18595
351170,SP,515123,2021,17539
351190,SP,186411,2021,8894
351200,SP,1541673,2021,18601
351210,SP,373219,2021,6223
351220,SP,859274,2021,28491
351230,SP,432993,2021,18138
351240,SP,4107826,2021,25116
351250,SP,218777,2021,6197
351260,SP,141158,2021,4591
351270,SP,345026,2021,4072
351280,SP,2109640,2021,74662
351290,SP,506809,2021,7289
351300,SP,16114165,2021,257882
351310,SP,1753137,2021,35858
351320,SP,346566,2021,8803
351330,SP,137664,2021,2021
351340,SP,3182373,2021,82895
351350,SP,21946472,2021,132521
351360,SP,326362,2021,21373
351370,SP,2081162,2021,34097
351380,SP,18484356,2021,429550
351385,SP,69827,2021,1805
351390,SP,491457,2021,11027
351400,SP,138927,2021,9088
351410,SP,835299,2021,27704
351420,SP,58947,2021,2108
351430,SP,802299,2021,8883
351440,SP,1444978,2021,47287
351450,SP,252626,2021,12421
351460,SP,342332,2021,10174
351470,SP,152432,2021,6026
351480,SP,329349,2021,15592
351490,SP,1004655,2021,18095
351492,SP,76051,2021,3742
351495,SP,57200,2021,2446
351500,SP,14314754,2021,279264
351510,SP,1456125,2021,70402
351512,SP,79175,2021,3238
351515,SP,661053,2021,21712
351518,SP,2065824,2021,44607
351519,SP,91772,2021,4926
351520,SP,753257,2021,8420
351530,SP,62446,2021,2774
351535,SP,136498,2021,9280
351540,SP,473712,2021,16102
351550,SP,2468766,2021,69680
351560,SP,205594,2021,5805
351565,SP,80954,2021,1739
351570,SP,4740673,2021,198661
351580,SP,42156,2021,1397
351590,SP,81886,2021,2884
351600,SP,264841,2021,14936
351610,SP,171949,2021,2631
351620,SP,11276086,2021,358539
351630,SP,1872467,2021,179372
351640,SP,4297871,2021,158438
351650,SP,93705,2021,2776
351660,SP,172719,2021,6419
351670,SP,1725228,2021,44429
351680,SP,85828,2021,4911
351685,SP,1184185,2021,4841
351690,SP,275099,2021,10855
351700,SP,215988,2021,11485
351710,SP,125314,2021,4842
351720,SP,232241,2021,12416
351730,SP,442962,2021,5806
351740,SP,2704845,2021,41283
351750,SP,896415,2021,22087
351760,SP,439112,2021,16896
351770,SP,618205,2021,21394
351780,SP,326572,2021,8258
351790,SP,375453,2021,11382
351800,SP,37040,2021,1996
351810,SP,196319,2021,6685
351820,SP,1199678,2021,33257
351830,SP,1546741,2021,30465
351840,SP,7877882,2021,123192
351850,SP,313681,2021,19244
351860,SP,1135134,2021,40857
351870,SP,10494252,2021,324977
351880,SP,77376467,2021,1404694
351885,SP,245363,2021,7760
351890,SP,93585,2021,5346
351900,SP,355955,2021,9649
351905,SP,1463401,2021,15605
351907,SP,18377822,2021,237570
351910,SP,658010,2021,12002
351920,SP,316795,2021,6269
351925,SP,168922,2021,9786
351930,SP,1159253,2021,35830
351940,SP,318126,2021,12639
351950,SP,244614,2021,7926
351960,SP,1965223,2021,61150
351970,SP,2370586,2021,80062
351980,SP,209289,2021,8363
351990,SP,434356,2021,8228
352000,SP,381185,2021,24821
352010,SP,1299637,2021,30791
352020,SP,240165,2021,9631
352030,SP,1588620,2021,31117
352040,SP,13956618,2021,36194
352042,SP,1363561,2021,11552
352044,SP,706075,2021,26886
352050,SP,22817117,2021,260690
352060,SP,86968,2021,4873
352070,SP,111103,2021,3876
352080,SP,136681,2021,4045
352090,SP,499099,2021,15165
352100,SP,969694,2021,38771
352110,SP,947912,2021,7824
352115,SP,124259,2021,5557
352120,SP,63459,2021,4180
352130,SP,442715,2021,16794
352140,SP,2127925,2021,24982
352150,SP,186223,2021,8101
352160,SP,109595,2021,8356
352170,SP,1016119,2021,17405
352180,SP,924897,2021,27632
352190,SP,935220,2021,15331
352200,SP,232257,2021,3937
352210,SP,2369275,2021,104351
352215,SP,53345,2021,3332
352220,SP,4909299,2021,179574
352230,SP,6359723,2021,167106
352240,SP,3788992,2021,95241
352250,SP,12854995,2021,244131
352260,SP,4756331,2021,75683
352265,SP,52590,2021,4294
352270,SP,1630820,2021,43536
352280,SP,305514,2021,15197
352290,SP,1003729,2021,14297
352300,SP,104628,2021,4994
352310,SP,9519618,2021,379082
352320,SP,1182424,2021,50778
352330,SP,438980,2021,17754
352340,SP,8245498,2021,124254
352350,SP,396660,2021,21139
352360,SP,1273184,2021,18610
352370,SP,161835,2021,6587
352380,SP,198366,2021,7862
352390,SP,10540813,2021,177150
352400,SP,8423279,2021,64330
352410,SP,1907193,2021,42259
352420,SP,153278,2021,6963
352430,SP,3601183,2021,78029
352440,SP,16094435,2021,237119
352450,SP,676808,2021,7322
352460,SP,531089,2021,17911
352470,SP,13981302,2021,59921
352480,SP,1982125,2021,49291
352490,SP,352904,2021,6828
352500,SP,4908360,2021,127734
352510,SP,1580760,2021,45544
352520,SP,2997400,2021,31173
352530,SP,5582395,2021,153463
352540,SP,168937,2021,3143
352550,SP,261558,2021,13453
352560,SP,148675,2021,4577
352570,SP,1381751,2021,37707
352580,SP,58843,2021,4824
352585,SP,214000,2021,3467
352590,SP,57670893,2021,426935
352600,SP,807879,2021,20978
352610,SP,366459,2021,18627
352620,SP,573997,2021,31844
352630,SP,73967,2021,4882
352640,SP,1411101,2021,29047
352650,SP,184896,2021,12581
352660,SP,133317,2021,7361
352670,SP,4101867,2021,105273
352680,SP,4924228,2021,69533
352690,SP,16060739,2021,310783
352700,SP,246179,2021,8201
352710,SP,6763890,2021,78978
352720,SP,3876663,2021,89532
352725,SP,43489,2021,2311
352730,SP,19677151,2021,51007
352740,SP,584271,2021,22022
352750,SP,70465,2021,2412
352760,SP,1556607,2021,15628
352770,SP,93809,2021,5918
352780,SP,98337,2021,4608
352790,SP,101173,2021,2623
352800,SP,643783,2021,17263
352810,SP,196952,2021,8174
352820,SP,90931,2021,3686
352830,SP,104128,2021,3086
352840,SP,2695116,2021,47723
352850,SP,2288092,2021,103645
352860,SP,291908,2021,9972
352870,SP,157011,2021,6039
352880,SP,517398,2021,14069
352885,SP,119694,2021,3097
352890,SP,76482,2021,4098
352900,SP,9755960,2021,242249
352910,SP,40067,2021,2101
352920,SP,754950,2021,26791
352930,SP,5356571,2021,84069
352940,SP,20776213,2021,481725
352950,SP,374785,2021,5638
352960,SP,393842,2021,3813
352965,SP,81615,2021,1903
352970,SP,1016137,2021,22480
352980,SP,226257,2021,13023
352990,SP,456953,2021,19511
353000,SP,70362,2021,3125
353010,SP,738742,2021,29844
353020,SP,606917,2021,18415
353030,SP,2660334,2021,60768
353040,SP,213295,2021,4966
353050,SP,3043692,2021,69072
353060,SP,19604517,2021,455587
353070,SP,6865386,2021,154146
353080,SP,6313564,2021,94098
353090,SP,124517,2021,3523
353100,SP,58262,2021,2274
353110,SP,1254605,2021,58567
353120,SP,252218,2021,8181
353130,SP,2435240,2021,51039
353140,SP,766600,2021,25651
353150,SP,639162,2021,18928
353160,SP,128088,2021,4166
353170,SP,83030,2021,4739
353180,SP,4317764,2021,61707
353190,SP,1225918,2021,33598
353200,SP,633324,2021,13936
353205,SP,120696,2021,4831
353210,SP,88027,2021,4525
353215,SP,142301,2021,3215
353220,SP,639076,2021,4950
353230,SP,93391,2021,6624
353240,SP,465371,2021,18866
353250,SP,276248,2021,8917
353260,SP,367777,2021,11575
353270,SP,95892,2021,5381
353280,SP,325933,2021,7161
353282,SP,221079,2021,9962
353284,SP,46305,2021,1824
353286,SP,60665,2021,1290
353290,SP,377461,2021,11519
353300,SP,512829,2021,21871
353310,SP,36775,2021,2333
353320,SP,213155,2021,4135
353325,SP,78660,2021,6057
353330,SP,60214,2021,4217
353340,SP,4020494,2021,61716
353350,SP,1585955,2021,41765
353360,SP,868092,2021,7522
353370,SP,141366,2021,4294
353380,SP,128272,2021,2447
353390,SP,2551145,2021,55477
353400,SP,205636,2021,4462
353410,SP,129763,2021,6569
353420,SP,640841,2021,7318
353430,SP,2579406,2021,44682
353440,SP,86111260,2021,701428
353450,SP,112882,2021,2603
353460,SP,1087490,2021,33118
353470,SP,3961571,2021,115139
353475,SP,548740,2021,10712
353480,SP,134986,2021,8676
353490,SP,217695,2021,14326
353500,SP,420420,2021,13285
353510,SP,136419,2021,13691
353520,SP,215050,2021,9173
353530,SP,900627,2021,22322
353540,SP,317826,2021,15944
353550,SP,1801748,2021,46180
353560,SP,351772,2021,18302
353570,SP,275313,2021,6536
353580,SP,945145,2021,20588
353590,SP,133065,2021,4112
353600,SP,741786,2021,10934
353610,SP,368271,2021,6579
353620,SP,586024,2021,19797
353625,SP,53620,2021,2177
353630,SP,1360809,2021,14941
353640,SP,200145,2021,7540
353650,SP,52389437,2021,114508
353657,SP,48637,2021,1835
353660,SP,269675,2021,8973
353670,SP,3066261,2021,47523
353680,SP,118076,2021,6127
353690,SP,79887,2021,2468
353700,SP,1731364,2021,16876
353710,SP,1502008,2021,48992
353715,SP,176652,2021,3109
353720,SP,178609,2021,11507
353730,SP,2082458,2021,64098
353740,SP,1087485,2021,25685
353750,SP,317964,2021,8875
353760,SP,1966247,2021,69697
353770,SP,119025,2021,6093
353780,SP,1597083,2021,55731
353790,SP,1276180,2021,29612
353800,SP,13742498,2021,171885
353810,SP,498801,2021,17378
353820,SP,314651,2021,15564
353830,SP,67093,2021,3706
353850,SP,197854,2021,13495
353860,SP,661696,2021,27617
353870,SP,34555724,2021,410275
353880,SP,926203,2021,29930
353890,SP,540058,2021,25939
353900,SP,364798,2021,11524
353910,SP,826672,2021,19453
353920,SP,927781,2021,27974
353930,SP,3312332,2021,77330
353940,SP,278467,2021,13890
353950,SP,1389561,2021,40430
353960,SP,193762,2021,5370
353970,SP,120019,2021,3606
353980,SP,3769347,2021,119221
353990,SP,154423,2021,6166
354000,SP,1951861,2021,22326
354010,SP,94399,2021,3385
354020,SP,1462865,2021,51717
354025,SP,98030,2021,4719
354030,SP,126663,2021,2576
354040,SP,117260,2021,4136
354050,SP,233734,2021,10205
354060,SP,3754666,2021,53698
354070,SP,2495873,2021,56848
354075,SP,308459,2021,25603
354080,SP,620169,2021,17668
354085,SP,40969,2021,4327
354090,SP,1096526,2021,22239
354100,SP,8727831,2021,336454
354105,SP,126367,2021,5371
354110,SP,77333,2021,4067
354120,SP,331914,2021,12943
354130,SP,1325522,2021,44572
354140,SP,9242192,2021,231953
354150,SP,823130,2021,39648
354160,SP,2115365,2021,41211
354165,SP,144523,2021,3902
354170,SP,821159,2021,14309
354180,SP,684733,2021,3513
354190,SP,388523,2021,13788
354200,SP,276284,2021,6736
354210,SP,442883,2021,9126
354220,SP,1381836,2021,29743
354230,SP,66825,2021,3827
354240,SP,983725,2021,20523
354250,SP,184875,2021,10047
354260,SP,2357409,2021,56463
354270,SP,211752,2021,7762
354280,SP,62081,2021,3320
354290,SP,371778,2021,13376
354300,SP,595499,2021,15984
354310,SP,319058,2021,4786
354320,SP,224363,2021,4537
354323,SP,47001,2021,2222
354325,SP,116992,2021,7686
354330,SP,3891003,2021,125238
354340,SP,39955572,2021,720116
354350,SP,92796,2021,5364
354360,SP,191158,2021,3651
354370,SP,226043,2021,10824
354380,SP,349026,2021,9940
354390,SP,13245336,2021,209548
354400,SP,1787681,2021,36233
354410,SP,960727,2021,52009
354420,SP,268963,2021,12856
354425,SP,1928456,2021,15929
354430,SP,374786,2021,10888
354440,SP,78950,2021,3195
354450,SP,102857,2021,3191
354460,SP,175476,2021,5638
354470,SP,54769,2021,2427
354480,SP,169480,2021,6481
354490,SP,417237,2021,12103
354500,SP,251752,2021,17363
354510,SP,96895,2021,5372
354515,SP,377871,2021,8498
354520,SP,9303487,2021,120779
354530,SP,2221477,2021,46285
354540,SP,273943,2021,9396
354550,SP,318810,2021,4405
354560,SP,382546,2021,15639
354570,SP,214791,2021,6036
354580,SP,7825507,2021,195278
354600,SP,312819,2021,14925
354610,SP,96783,2021,2111
354620,SP,161651,2021,4584
354625,SP,63457,2021,2166
354630,SP,655974,2021,35102
354640,SP,2786906,2021,48207
354650,SP,104373,2021,5577
354660,SP,1344881,2021,32796
354670,SP,3895818,2021,27850
354680,SP,1658733,2021,58529
354690,SP,131128,2021,8889
354700,SP,153024,2021,6298
354710,SP,69068,2021,2947
354720,SP,39913,2021,1448
354730,SP,11544903,2021,145073
354740,SP,68135,2021,2476
354750,SP,825835,2021,27641
354760,SP,833444,2021,26960
354765,SP,42106,2021,1558
354770,SP,555801,2021,20855
354780,SP,32620295,2021,723889
354790,SP,211522,2021,7024
354800,SP,1870734,2021,23742
354805,SP,289678,2021,8541
354810,SP,222833,2021,5926
354820,SP,148429,2021,6843
354830,SP,47273,2021,3159
354840,SP,80653,2021,4856
354850,SP,24090173,2021,433991
354860,SP,406647,2021,10907
354870,SP,58277014,2021,849874
354880,SP,15566768,2021,162763
354890,SP,14141854,2021,256915
354900,SP,51168,2021,2813
354910,SP,4135190,2021,92315
354920,SP,52612,2021,2555
354925,SP,51478,2021,1942
354930,SP,58493,2021,2095
354940,SP,2191086,2021,52737
354950,SP,231517,2021,8991
354960,SP,63347,2021,4141
354970,SP,2375167,2021,55298
354980,SP,20962617,2021,469173
354990,SP,45208808,2021,737310
354995,SP,285412,2021,16127
355000,SP,204219,2021,10693
355010,SP,1340317,2021,41287
355020,SP,954225,2021,33071
355030,SP,828980608,2021,12396372
355040,SP,886336,2021,36298
355050,SP,234365,2021,7724
355060,SP,3450779,2021,93076
355070,SP,16008645,2021,91637
355080,SP,428492,2021,12137
355090,SP,501327,2021,15446
355100,SP,6121259,2021,370839
355110,SP,203911,2021,10493
355120,SP,96558,2021,3623
355130,SP,417499,2021,3595
355140,SP,195523,2021,15292
355150,SP,1349050,2021,46166
355160,SP,845122,2021,29669
355170,SP,7109022,2021,128432
355180,SP,379170,2021,12731
355190,SP,271912,2021,17820
355200,SP,92559,2021,6375
355210,SP,1120219,2021,41690
355220,SP,44533398,2021,695328
355230,SP,226784,2021,7738
355240,SP,16179892,2021,289875
355250,SP,14811514,2021,303397
355255,SP,341981,2021,4063
355260,SP,287137,2021,12561
355270,SP,340423,2021,16787
355280,SP,10291072,2021,297528
355290,SP,186412,2021,6371
355300,SP,343428,2021,14415
355310,SP,109907,2021,6346
355320,SP,139651,2021,5562
355330,SP,700419,2021,23255
355340,SP,1323570,2021,26231
355350,SP,185138,2021,7725
355360,SP,301185,2021,12940
355365,SP,46862,2021,2815
355370,SP,1660014,2021,57547
355380,SP,988152,2021,23292
355385,SP,367324,2021,5968
355390,SP,168350,2021,7609
355395,SP,897036,2021,15361
355400,SP,5076193,2021,124134
355410,SP,16199986,2021,320820
355420,SP,138116,2021,4452
355430,SP,627028,2021,23395
355440,SP,174935,2021,9502
355450,SP,2158402,2021,42946
355460,SP,66301,2021,2647
355465,SP,37757,2021,2432
355470,SP,284592,2021,10100
355475,SP,44920,2021,1752
355480,SP,896634,2021,48228
355490,SP,122036,2021,5856
355495,SP,181790,2021,7058
355500,SP,2213337,2021,65615
355510,SP,340357,2021,15670
355520,SP,56425,2021,2024
355530,SP,73692,2021,1667
355535,SP,212639,2021,6488
355540,SP,2705941,2021,92819
355550,SP,114468,2021,4828
355560,SP,401841,2021,10191
355570,SP,57595,2021,1886
355580,SP,286014,2021,9125
355590,SP,46392,2021,1142
355600,SP,483325,2021,13965
355610,SP,437546,2021,13732
355620,SP,7969200,2021,133169
355630,SP,1236297,2021,27154
355635,SP,153401,2021,10842
355640,SP,1287339,2021,43368
355645,SP,2898203,2021,54315
355650,SP,3965839,2021,124269
355660,SP,240193,2021,10804
355670,SP,12557909,2021,81516
355680,SP,443704,2021,19133
355690,SP,425058,2021,9163
355695,SP,45179,2021,1852
355700,SP,3919236,2021,124468
355710,SP,3862540,2021,96106
355715,SP,130189,2021,2784
355720,SP,266345,2021,12418
355730,SP,389432,2021,11507
410010,PR,221834,2021,7360
410020,PR,368871,2021,5797
410030,PR,216923,2021,9567
410040,PR,1936374,2021,121420
410045,PR,96218,2021,1429
410050,PR,462528,2021,22293
410060,PR,436289,2021,14945
410070,PR,409225,2021,9722
410080,PR,338388,2021,11598
410090,PR,121128,2021,6405
410100,PR,750402,2021,19466
410105,PR,115054,2021,2774
410110,PR,816548,2021,19823
410115,PR,154209,2021,2931
410120,PR,700920,2021,18919
410130,PR,233359,2021,7421
410140,PR,3874314,2021,137438
410150,PR,4954206,2021,126545
410160,PR,1447486,2021,28480
410165,PR,152158,2021,2951
410170,PR,547385,2021,14029
410180,PR,25267382,2021,148522
410185,PR,128985,2021,2026
410190,PR,539585,2021,14792
410200,PR,1633334,2021,33306
410210,PR,882969,2021,26304
410220,PR,177317,2021,3871
410230,PR,926222,2021,13238
410240,PR,1033526,2021,31061
410250,PR,299387,2021,11287
410260,PR,264248,2021,10347
410270,PR,150159,2021,2781
410275,PR,106934,2021,3404
410280,PR,523816,2021,15400
410290,PR,552373,2021,16411
410300,PR,285705,2021,3991
410302,PR,142618,2021,2437
410304,PR,361509,2021,6343
410305,PR,185336,2021,7524
410310,PR,280353,2021,13308
410315,PR,115683,2021,3472
410320,PR,157283,2021,7103
410322,PR,300070,2021,3244
410330,PR,245692,2021,6290
410335,PR,241541,2021,5338
410337,PR,275962,2021,2521
410340,PR,114059,2021,2973
410345,PR,1949275,2021,18783
410347,PR,148995,2021,3975
410350,PR,253222,2021,8641
410360,PR,819083,2021,25569
410370,PR,5030074,2021,108126
410380,PR,280229,2021,7967
410390,PR,578399,2021,13888
410395,PR,150383,2021,3831
410400,PR,2176118,2021,44072
410405,PR,224674,2021,3694
410410,PR,261285,2021,8118
410420,PR,5733422,2021,135678
410425,PR,541662,2021,30151
410430,PR,5147486,2021,96102
410440,PR,421666,2021,14606
410442,PR,850089,2021,16126
410445,PR,335966,2021,13340
410450,PR,1106732,2021,19172
410460,PR,1255562,2021,15887
410465,PR,1578894,2021,24225
410470,PR,458663,2021,14391
410480,PR,15787528,2021,336073
410490,PR,3631342,2021,72125
410500,PR,355970,2021,10144
410510,PR,438437,2021,10704
410520,PR,405117,2021,17884
410530,PR,942787,2021,11872
410540,PR,909328,2021,19083
410550,PR,3039868,2021,84980
410560,PR,431504,2021,12939
410570,PR,838016,2021,16344
410580,PR,5694200,2021,249277
410590,PR,796317,2021,24271
410600,PR,285636,2021,8896
410610,PR,152437,2021,3891
410620,PR,557615,2021,19082
410630,PR,1064215,2021,17162
410640,PR,1812311,2021,47840
410645,PR,323739,2021,7538
410650,PR,887353,2021,20430
410655,PR,87695,2021,3038
410657,PR,177188,2021,4229
410660,PR,859412,2021,20962
410670,PR,205363,2021,4430
410680,PR,505101,2021,18772
410685,PR,151175,2021,2892
410690,PR,98003704,2021,1963726
410700,PR,276053,2021,15289
410710,PR,298223,2021,4975
410712,PR,74746,2021,3409
410715,PR,128046,2021,5279
410720,PR,2026540,2021,41424
410725,PR,841251,2021,8988
410730,PR,200380,2021,5987
410740,PR,311338,2021,5906
410750,PR,566636,2021,13962
410752,PR,65246,2021,1633
410753,PR,313169,2021,4651
410754,PR,162826,2021,3980
410755,PR,215745,2021,2995
410760,PR,500157,2021,17379
410765,PR,3312466,2021,103750
410770,PR,212876,2021,4734
410773,PR,253856,2021,5561
410775,PR,161509,2021,7625
410780,PR,239271,2021,4883
410785,PR,182658,2021,4583
410790,PR,271143,2021,6926
410800,PR,400311,2021,10360
410810,PR,80584,2021,2709
410820,PR,370785,2021,6345
410830,PR,18969765,2021,257971
410832,PR,290560,2021,5942
410840,PR,3694721,2021,93308
410845,PR,184060,2021,4466
410850,PR,445500,2021,13661
410855,PR,72437,2021,2850
410860,PR,1074430,2021,28734
410865,PR,309159,2021,6997
410870,PR,172742,2021,5379
410880,PR,1140009,2021,33497
410890,PR,272089,2021,6635
410895,PR,295082,2021,8881
410900,PR,176967,2021,3767
410910,PR,78150,2021,2239
410920,PR,223881,2021,5557
410930,PR,512045,2021,11969
410940,PR,8309342,2021,183755
410950,PR,118169,2021,7554
410960,PR,982249,2021,37974
410965,PR,298563,2021,5030
410970,PR,878479,2021,31854
410975,PR,182357,2021,6387
410980,PR,3313526,2021,55688
410990,PR,247415,2021,7671
411000,PR,212524,2021,4475
411005,PR,84007,2021,2251
411007,PR,276180,2021,13449
411010,PR,1290841,2021,33306
411020,PR,265731,2021,11117
411030,PR,58322,2021,3122
411040,PR,507458,2021,4472
411050,PR,615220,2021,15327
411060,PR,597094,2021,13642
411065,PR,194377,2021,2216
411070,PR,2286299,2021,61439
411080,PR,354191,2021,10029
411090,PR,121793,2021,4426
411095,PR,524842,2021,11588
411100,PR,223636,2021,6516
411110,PR,228349,2021,6110
411120,PR,753038,2021,12220
411125,PR,626972,2021,29493
411130,PR,87760,2021,2700
411140,PR,497726,2021,14049
411150,PR,947878,2021,31886
411155,PR,203948,2021,8294
411160,PR,143604,2021,3299
411170,PR,160064,2021,5332
411180,PR,1598109,2021,39268
411190,PR,1049416,2021,13861
411200,PR,1788929,2021,35192
411210,PR,790200,2021,21281
411220,PR,241952,2021,4948
411230,PR,163432,2021,4929
411240,PR,321196,2021,9573
411250,PR,374123,2021,11067
411260,PR,57052,2021,1309
411270,PR,282709,2021,12687
411275,PR,441993,2021,8251
411280,PR,679170,2021,12108
411290,PR,128071,2021,3248
411295,PR,440947,2021,7244
411300,PR,405156,2021,7069
411310,PR,165663,2021,3996
411320,PR,2841274,2021,48651
411325,PR,113028,2021,5719
411330,PR,1027784,2021,32167
411340,PR,227387,2021,3896
411342,PR,125693,2021,3155
411345,PR,200888,2021,4488
411350,PR,697990,2021,23393
411360,PR,215579,2021,4850
411370,PR,23604749,2021,580870
411373,PR,546880,2021,7217
411375,PR,142223,2021,4695
411380,PR,131512,2021,4969
411390,PR,758426,2021,13697
411400,PR,793216,2021,12900
411410,PR,687776,2021,23373
411420,PR,1835782,2021,34628
411430,PR,665070,2021,27750
411435,PR,81482,2021,2442
411440,PR,1773320,2021,16572
411450,PR,531516,2021,13517
411460,PR,2923901,2021,54031
411470,PR,134456,2021,5593
411480,PR,2654520,2021,36103
411490,PR,466452,2021,8793
411500,PR,174505,2021,7093
411510,PR,284378,2021,10327
411520,PR,22656733,2021,436472
411530,PR,439929,2021,6655
411535,PR,478133,2021,5562
411540,PR,635140,2021,14407
411545,PR,111465,2021,4283
411550,PR,103464,2021,4676
411560,PR,1096411,2021,18266
411570,PR,892346,2021,35705
411573,PR,123201,2021,3142
411575,PR,373721,2021,10994
411580,PR,2442131,2021,46940
411585,PR,278237,2021,5617
411590,PR,126646,2021,2180
411600,PR,52334,2021,1786
411605,PR,466464,2021,10706
411610,PR,306173,2021,11966
411620,PR,389250,2021,16485
411630,PR,136941,2021,4034
411640,PR,99528,2021,4009
411650,PR,51936,2021,1560
411660,PR,97609,2021,3424
411670,PR,819786,2021,10131
411680,PR,348106,2021,4827
411690,PR,943235,2021,28062
411695,PR,164808,2021,5014
411700,PR,314948,2021,8120
411705,PR,308307,2021,11462
411710,PR,442964,2021,13188
411720,PR,109220,2021,5846
411721,PR,110755,2021,4304
411722,PR,439769,2021,8311
411725,PR,492530,2021,10540
411727,PR,189809,2021,5252
411729,PR,91418,2021,2836
411730,PR,2726495,2021,21783
411740,PR,166707,2021,3423
411745,PR,318639,2021,6036
411750,PR,1057772,2021,42251
411760,PR,1616606,2021,52503
411770,PR,1642097,2021,34109
411780,PR,330862,2021,12755
411790,PR,2815892,2021,32389
411800,PR,377265,2021,14211
411810,PR,325544,2021,11685
411820,PR,13647352,2021,157378
411830,PR,92029,2021,3277
411840,PR,3179966,2021,89454
411845,PR,243510,2021,5755
411850,PR,4548297,2021,84779
411860,PR,439977,2021,5942
411870,PR,396743,2021,7418
411880,PR,454257,2021,14017
411885,PR,281901,2021,6194
411890,PR,359711,2021,11406
411900,PR,237966,2021,6232
411910,PR,916954,2021,13015
411915,PR,7963215,2021,134788
411920,PR,251490,2021,6323
411925,PR,80255,2021,2742
411930,PR,1794837,2021,32722
411940,PR,1191737,2021,25779
411950,PR,1544009,2021,116852
411960,PR,1140848,2021,29686
411965,PR,121855,2021,3298
411970,PR,103927,2021,4281
411980,PR,425350,2021,13385
411990,PR,19490853,2021,358838
411995,PR,653407,2021,28529
412000,PR,554224,2021,12587
412010,PR,163145,2021,4899
412015,PR,170025,2021,3133
412020,PR,108627,2021,2554
412030,PR,98750,2021,4057
412033,PR,170941,2021,3806
412035,PR,329462,2021,5035
412040,PR,147413,2021,5395
412050,PR,371288,2021,11138
412060,PR,1571806,2021,52776
412065,PR,363020,2021,4420
412070,PR,212134,2021,7504
412080,PR,1941191,2021,24253
412085,PR,253583,2021,4043
412090,PR,1466577,2021,34707
412100,PR,263173,2021,12257
412110,PR,257483,2021,4444
412120,PR,509173,2021,19388
412125,PR,113787,2021,4500
412130,PR,185664,2021,3760
412135,PR,234820,2021,2602
412140,PR,743115,2021,16976
412150,PR,536464,2021,14991
412160,PR,422539,2021,6772
412170,PR,757420,2021,26933
412175,PR,260049,2021,8127
412180,PR,383725,2021,10622
412190,PR,338068,2021,12869
412200,PR,729595,2021,15433
412210,PR,104373,2021,3162
412215,PR,441543,2021,13240
412217,PR,115567,2021,4121
412220,PR,1375683,2021,32635
412230,PR,1298417,2021,34645
412240,PR,3575090,2021,68165
412250,PR,598117,2021,9447
412260,PR,350084,2021,9664
412265,PR,129882,2021,4595
412270,PR,705340,2021,6954
412280,PR,124352,2021,3389
412290,PR,103668,2021,4862
412300,PR,529918,2021,14957
412310,PR,100867,2021,3208
412320,PR,153522,2021,3253
412330,PR,375115,2021,7705
412340,PR,319694,2021,12330
412350,PR,1465283,2021,27036
412360,PR,51495,2021,1568
412370,PR,253141,2021,8484
412380,PR,467018,2021,14924
412382,PR,140120,2021,3795
412385,PR,267331,2021,9210
412390,PR,493092,2021,11523
412395,PR,91022,2021,4052
412400,PR,171616,2021,4916
412402,PR,582124,2021,10055
412405,PR,687387,2021,23927
412410,PR,1505671,2021,46503
412420,PR,54067,2021,2611
412430,PR,105831,2021,2032
412440,PR,648327,2021,20354
412450,PR,532130,2021,5422
412460,PR,396044,2021,6961
412470,PR,322913,2021,11088
412480,PR,890646,2021,10122
412490,PR,154606,2021,5819
412500,PR,361220,2021,9897
412510,PR,579585,2021,15359
412520,PR,473364,2021,9005
412530,PR,401331,2021,5535
412535,PR,145387,2021,5532
412540,PR,229801,2021,6115
412545,PR,99036,2021,3601
412550,PR,27009658,2021,334620
412555,PR,62351,2021,2165
412560,PR,1516927,2021,47137
412570,PR,1470178,2021,27696
412575,PR,247170,2021,5745
412580,PR,370140,2021,11109
412590,PR,90334,2021,2265
412600,PR,300170,2021,8865
412610,PR,163480,2021,5778
412620,PR,153897,2021,6708
412625,PR,2072897,2021,98888
412627,PR,786348,2021,5578
412630,PR,664822,2021,19441
412635,PR,291349,2021,4460
412640,PR,416473,2021,5149
412650,PR,690824,2021,16456
412660,PR,706595,2021,21476
412665,PR,158533,2021,2880
412667,PR,391610,2021,15277
412670,PR,126328,2021,5196
412680,PR,496687,2021,16480
412690,PR,153437,2021,5452
412700,PR,616427,2021,12761
412710,PR,4913583,2021,80588
412720,PR,569457,2021,17304
412730,PR,376189,2021,17054
412740,PR,893579,2021,17562
412750,PR,1440119,2021,20688
412760,PR,576417,2021,17295
412770,PR,7482485,2021,144601
412780,PR,324174,2021,7699
412785,PR,435987,2021,12036
412788,PR,144145,2021,9269
412790,PR,233741,2021,8502
412795,PR,431452,2021,8105
412796,PR,601652,2021,12977
412800,PR,1714000,2021,20809
412810,PR,4103804,2021,113416
412820,PR,1959262,2021,58298
412830,PR,99889,2021,2623
412840,PR,367868,2021,11233
412850,PR,711254,2021,19358
412853,PR,347628,2021,12267
412855,PR,341127,2021,8389
412860,PR,499747,2021,7094
412862,PR,113679,2021,2630
412863,PR,99222,2021,5525
412865,PR,189741,2021,4051
412870,PR,498350,2021,6879
412880,PR,119646,2021,5584
420005,SC,75124,2021,2534
420010,SC,785840,2021,18015
420020,SC,396094,2021,11160
420030,SC,232870,2021,5570
420040,SC,651064,2021,7160
420050,SC,137688,2021,6544
420055,SC,163064,2021,2341
420060,SC,199557,2021,6646
420070,SC,336432,2021,10136
420075,SC,78990,2021,1915
420080,SC,203784,2021,5477
420090,SC,174544,2021,4686
420100,SC,231485,2021,6783
420110,SC,84556,2021,3223
420120,SC,796471,2021,8712
420125,SC,442404,2021,10951
420127,SC,284398,2021,4268
420130,SC,7487636,2021,40890
420140,SC,2384838,2021,69493
420150,SC,272041,2021,8843
420160,SC,125939,2021,3547
420165,SC,203863,2021,2228
420170,SC,244941,2021,8021
420180,SC,125964,2021,3179
420190,SC,406893,2021,5687
420195,SC,221814,2021,13782
420200,SC,7357101,2021,149227
420205,SC,254540,2021,11271
420207,SC,216920,2021,11537
420208,SC,102204,2021,2618
420209,SC,52278,2021,1625
420210,SC,2372107,2021,30539
420213,SC,196838,2021,6386
420215,SC,57645,2021,2712
420220,SC,470066,2021,11896
420230,SC,2669788,2021,70471
420240,SC,20576440,2021,366418
420243,SC,135891,2021,3501
420245,SC,877306,2021,20889
420250,SC,371641,2021,4801
420253,SC,160196,2021,3104
420257,SC,73695,2021,2136
420260,SC,422319,2021,10153
420270,SC,430570,2021,5396
420280,SC,1744713,2021,34294
420285,SC,250118,2021,3794
420287,SC,137952,2021,2318
420290,SC,8723259,2021,140597
420300,SC,4702908,2021,80017
420310,SC,316744,2021,6112
420315,SC,97685,2021,3325
420320,SC,2242100,2021,87179
420325,SC,235012,2021,2467
420330,SC,699636,2021,11985
420340,SC,333003,2021,6889
420350,SC,437780,2021,8312
420360,SC,2610111,2021,36861
420370,SC,295596,2021,12553
420380,SC,2202873,2021,54558
420390,SC,1070601,2021,23218
420395,SC,1348473,2021,25477
420400,SC,530828,2021,11106
420410,SC,164133,2021,3462
420415,SC,65897,2021,2709
420417,SC,141410,2021,3013
420419,SC,97926,2021,3025
420420,SC,13693104,2021,227587
420425,SC,885040,2021,16956
420430,SC,4559276,2021,75683
420435,SC,434564,2021,4585
420440,SC,381539,2021,9900
420445,SC,57373,2021,2560
420450,SC,797518,2021,16300
420455,SC,591259,2021,12315
420460,SC,10063805,2021,219393
420470,SC,927504,2021,11150
420475,SC,66618,2021,1972
420480,SC,1875114,2021,40037
420490,SC,298972,2021,8136
420500,SC,636238,2021,15592
420510,SC,165716,2021,4224
420515,SC,175696,2021,4164
420517,SC,61375,2021,3232
420519,SC,176541,2021,2059
420520,SC,183128,2021,4423
420530,SC,758314,2021,10630
420535,SC,64273,2021,1575
420540,SC,23555034,2021,516524
420543,SC,78629,2021,2481
420545,SC,1224362,2021,27621
420550,SC,1273454,2021,36723
420555,SC,102093,2021,1918
420560,SC,99952,2021,2711
420570,SC,773131,2021,24070
420580,SC,2033119,2021,18816
420590,SC,4156791,2021,71925
420600,SC,449622,2021,14739
420610,SC,329139,2021,6621
420620,SC,387231,2021,11652
420630,SC,1262670,2021,24922
420640,SC,454591,2021,9964
420650,SC,2514108,2021,46757
420660,SC,202542,2021,5196
420665,SC,354963,2021,4692
420670,SC,623924,2021,22820
420675,SC,75603,2021,1952
420680,SC,145406,2021,3154
420690,SC,599101,2021,19238
420700,SC,3521296,2021,58055
420710,SC,1215153,2021,14531
420720,SC,252788,2021,9764
420730,SC,2502431,2021,45711
420740,SC,260667,2021,6284
420750,SC,3675475,2021,72346
420757,SC,227766,2021,2979
420760,SC,107120,2021,4367
420765,SC,381272,2021,9093
420768,SC,321467,2021,7643
420770,SC,465687,2021,7647
420775,SC,133794,2021,3901
420780,SC,282643,2021,10575
420785,SC,56613,2021,1887
420790,SC,458947,2021,11354
420800,SC,404686,2021,6091
420810,SC,1047601,2021,21889
420820,SC,47754802,2021,226617
420830,SC,2888726,2021,69323
420840,SC,1064726,2021,17139
420845,SC,1688632,2021,21766
420850,SC,1399577,2021,25619
420860,SC,181338,2021,3899
420870,SC,529737,2021,10337
420880,SC,851847,2021,20547
420890,SC,12052185,2021,184579
420895,SC,67316,2021,1520
420900,SC,2380992,2021,30684
420910,SC,45069864,2021,604708
420915,SC,130462,2021,5019
420917,SC,88232,2021,2083
420920,SC,137752,2021,2248
420930,SC,6576476,2021,157158
420940,SC,1093598,2021,46424
420945,SC,59651,2021,1408
420950,SC,444761,2021,7154
420960,SC,418742,2021,15380
420970,SC,416768,2021,12122
420980,SC,119777,2021,2960
420985,SC,151906,2021,4530
420990,SC,466155,2021,12497
421000,SC,792697,2021,13347
421003,SC,292962,2021,5683
421005,SC,59143,2021,1757
421010,SC,2489951,2021,56825
421020,SC,62134,2021,3465
421030,SC,300299,2021,8209
421040,SC,273037,2021,7461
421050,SC,1793997,2021,26463
421055,SC,98097,2021,1703
421060,SC,751784,2021,17330
421070,SC,62584,2021,2442
421080,SC,340346,2021,6989
421085,SC,89435,2021,2257
421090,SC,170286,2021,4227
421100,SC,1089117,2021,12034
421105,SC,233394,2021,9945
421110,SC,237410,2021,8263
421120,SC,922021,2021,18095
421125,SC,145118,2021,2884
421130,SC,6142276,2021,85734
421140,SC,247026,2021,5163
421145,SC,189424,2021,4327
421150,SC,691466,2021,15010
421160,SC,1074495,2021,15515
421165,SC,119837,2021,2366
421170,SC,1188072,2021,23161
421175,SC,997982,2021,19201
421180,SC,252604,2021,7251
421185,SC,137259,2021,2197
421187,SC,58309,2021,1444
421189,SC,84935,2021,2352
421190,SC,8208640,2021,178679
421200,SC,332257,2021,7321
421205,SC,187888,2021,2673
421210,SC,913735,2021,16144
421220,SC,853750,2021,19521
421223,SC,143288,2021,3284
421225,SC,237289,2021,9269
421227,SC,175174,2021,4072
421230,SC,250013,2021,7642
421240,SC,243418,2021,3931
421250,SC,1036821,2021,34022
421260,SC,120945,2021,2733
421265,SC,119429,2021,10225
421270,SC,223543,2021,5873
421280,SC,1513736,2021,24385
421290,SC,1514076,2021,21103
421300,SC,227240,2021,3635
421310,SC,801118,2021,3637
421315,SC,141926,2021,2907
421320,SC,2806204,2021,34561
421330,SC,175760,2021,4619
421335,SC,166629,2021,3426
421340,SC,291031,2021,11674
421350,SC,1471880,2021,22466
421360,SC,1149800,2021,35685
421370,SC,718985,2021,17965
421380,SC,223238,2021,7305
421390,SC,75919,2021,1526
421400,SC,985009,2021,17973
421410,SC,62737,2021,2279
421415,SC,135903,2021,2950
421420,SC,462582,2021,9773
421430,SC,165728,2021,2897
421440,SC,288065,2021,6199
421450,SC,212919,2021,5864
421460,SC,276105,2021,7552
421470,SC,474936,2021,11937
421480,SC,3689822,2021,72931
421490,SC,302761,2021,4630
421500,SC,1614436,2021,42684
421505,SC,70061,2021,2484
421507,SC,147649,2021,4525
421510,SC,390008,2021,11647
421520,SC,111320,2021,4584
421530,SC,318139,2021,7674
421535,SC,93621,2021,3727
421540,SC,266902,2021,4792
421545,SC,466595,2021,13128
421550,SC,661992,2021,17004
421555,SC,103604,2021,2178
421560,SC,72823,2021,2151
421565,SC,199062,2021,8397
421567,SC,268973,2021,8760
421568,SC,65114,2021,2317
421569,SC,48477,2021,1211
421570,SC,1256347,2021,23907
421575,SC,88157,2021,2239
421580,SC,4697015,2021,86317
421590,SC,112418,2021,2791
421600,SC,520775,2021,11456
421605,SC,219792,2021,5646
421610,SC,449963,2021,9422
421620,SC,8516095,2021,54751
421625,SC,353201,2021,6423
421630,SC,1029641,2021,39719
421635,SC,338133,2021,3784
421640,SC,282886,2021,7332
421650,SC,1133168,2021,27322
421660,SC,13838193,2021,253705
421670,SC,568132,2021,13811
421680,SC,318807,2021,8054
421690,SC,1389396,2021,24501
421700,SC,929134,2021,13886
421710,SC,109250,2021,3162
421715,SC,50296,2021,1794
421720,SC,2174143,2021,41246
421725,SC,101122,2021,6046
421730,SC,527126,2021,9874
421740,SC,759385,2021,22605
421750,SC,1178536,2021,17610
421755,SC,118024,2021,3249
421760,SC,679481,2021,14176
421770,SC,910229,2021,31084
421775,SC,83386,2021,2386
421780,SC,844581,2021,18576
421790,SC,600820,2021,8648
421795,SC,65548,2021,1606
421800,SC,2437804,2021,39889
421810,SC,154862,2021,5338
421820,SC,2534387,2021,45703
421825,SC,303272,2021,8003
421830,SC,1522652,2021,19455
421835,SC,232220,2021,4002
421840,SC,199700,2021,7104
421850,SC,829463,2021,8138
421860,SC,437924,2021,7506
421870,SC,4816733,2021,107143
421875,SC,182298,2021,4507
421880,SC,737826,2021,13080
421885,SC,85123,2021,2364
421890,SC,356265,2021,11311
421895,SC,88451,2021,2453
421900,SC,1086622,2021,21419
421910,SC,200991,2021,3569
421915,SC,116140,2021,2387
421917,SC,539876,2021,4411
421920,SC,354799,2021,6321
421930,SC,3455717,2021,54145
421935,SC,142269,2021,4907
421940,SC,175188,2021,4032
421950,SC,2676948,2021,52290
421960,SC,211868,2021,3873
421970,SC,1491017,2021,29254
421985,SC,103643,2021,3432
422000,SC,294616,2021,13129
430003,RS,458224,2021,4981
430005,RS,547412,2021,3738
430010,RS,667873,2021,16344
430020,RS,521059,2021,6951
430030,RS,162072,2021,5710
430040,RS,3079871,2021,72493
430045,RS,156622,2021,3287
430047,RS,276411,2021,1935
430050,RS,196381,2021,5885
430055,RS,106141,2021,1590
430057,RS,161548,2021,3043
430060,RS,3302248,2021,212352
430063,RS,147632,2021,7136
430064,RS,177770,2021,7396
430066,RS,193089,2021,1351
430070,RS,322292,2021,5941
430080,RS,797510,2021,13041
430085,RS,285088,2021,3544
430087,RS,236430,2021,5840
430090,RS,946969,2021,6145
430100,RS,1536556,2021,21121
430105,RS,285577,2021,10483
430107,RS,76784,2021,2966
430110,RS,357345,2021,14201
430120,RS,429271,2021,13452
430130,RS,1131508,2021,18185
430140,RS,336246,2021,10422
430150,RS,504183,2021,6545
430155,RS,163438,2021,3517
430160,RS,3748409,2021,121518
430163,RS,312091,2021,14645
430165,RS,308101,2021,6232
430170,RS,341672,2021,6616
430175,RS,142318,2021,7550
430180,RS,317083,2021,5237
430185,RS,56811,2021,3266
430187,RS,386181,2021,4238
430190,RS,505591,2021,13618
430192,RS,80747,2021,1621
430195,RS,165029,2021,2563
430200,RS,244512,2021,11167
430205,RS,49313,2021,1924
430210,RS,7498499,2021,123090
430215,RS,238521,2021,2087
430220,RS,326885,2021,6712
430222,RS,468750,2021,2466
430223,RS,384172,2021,2628
430225,RS,120127,2021,2773
430230,RS,613622,2021,11270
430235,RS,906593,2021,14446
430237,RS,86279,2021,1858
430240,RS,403054,2021,12448
430245,RS,150393,2021,7691
430250,RS,490597,2021,6135
430258,RS,227409,2021,2099
430260,RS,130948,2021,3271
430265,RS,117700,2021,5132
430270,RS,543347,2021,20963
430280,RS,1122667,2021,33476
430290,RS,623085,2021,12291
430300,RS,3542693,2021,81552
430310,RS,6458476,2021,132144
430320,RS,169235,2021,5083
430330,RS,264915,2021,4802
430340,RS,152840,2021,4659
430350,RS,2723662,2021,66686
430355,RS,520481,2021,2750
430360,RS,242576,2021,6383
430367,RS,204702,2021,3402
430370,RS,239168,2021,5325
430380,RS,399402,2021,5422
430390,RS,3600068,2021,69981
430400,RS,325738,2021,4273
430410,RS,150033,2021,3272
430420,RS,1078186,2021,31475
430430,RS,358436,2021,6106
430435,RS,2744006,2021,9707
430440,RS,1595255,2021,45957
430450,RS,1660002,2021,56370
430460,RS,21995362,2021,349728
430461,RS,67987,2021,1693
430462,RS,342052,2021,1628
430463,RS,1966012,2021,55009
430465,RS,644964,2021,3745
430466,RS,830082,2021,25462
430467,RS,386832,2021,4793
430468,RS,298585,2021,12183
430469,RS,95378,2021,2770
430470,RS,3846847,2021,62413
430471,RS,165659,2021,8426
430480,RS,3529578,2021,30630
430485,RS,70447,2021,1327
430490,RS,717919,2021,9070
430495,RS,199196,2021,3228
430500,RS,638109,2021,8631
430510,RS,31688460,2021,523716
430511,RS,120778,2021,2865
430512,RS,161327,2021,6005
430513,RS,90158,2021,4720
430515,RS,74561,2021,2281
430517,RS,203183,2021,12579
430520,RS,796775,2021,14243
430530,RS,741826,2021,9211
430535,RS,1736974,2021,41705
430537,RS,149351,2021,3228
430540,RS,388835,2021,3684
430543,RS,370301,2021,6832
430544,RS,129739,2021,5518
430545,RS,362059,2021,16897
430550,RS,264360,2021,4693
430558,RS,87209,2021,2466
430560,RS,338157,2021,3088
430570,RS,624705,2021,6766
430580,RS,432348,2021,9903
430583,RS,52163,2021,1490
430585,RS,190144,2021,2267
430587,RS,226125,2021,2521
430590,RS,515152,2021,7213
430593,RS,49059,2021,1602
430595,RS,167928,2021,3824
430597,RS,422464,2021,2731
430600,RS,508976,2021,13269
430605,RS,308906,2021,8121
430607,RS,94740,2021,2840
430610,RS,4609384,2021,59561
430613,RS,144763,2021,1765
430620,RS,533002,2021,12457
430630,RS,229362,2021,4732
430632,RS,148407,2021,2718
430635,RS,57174,2021,2331
430637,RS,267901,2021,2991
430640,RS,2188540,2021,33547
430642,RS,199194,2021,1992
430645,RS,172601,2021,3410
430650,RS,356857,2021,15556
430655,RS,65533,2021,2520
430660,RS,2210941,2021,38222
430670,RS,106596,2021,2958
430673,RS,260796,2021,4380
430675,RS,78890,2021,1967
430676,RS,2120258,2021,42490
430680,RS,1168355,2021,23047
430690,RS,1080943,2021,26039
430692,RS,73213,2021,932
430693,RS,687576,2021,8350
430695,RS,207516,2021,2724
430697,RS,180478,2021,2978
430700,RS,6882611,2021,107368
430705,RS,265548,2021,3171
430710,RS,253606,2021,6807
430720,RS,150882,2021,4780
430730,RS,353967,2021,6697
430740,RS,392859,2021,3291
430745,RS,116730,2021,2846
430750,RS,1113102,2021,15594
430755,RS,350706,2021,5924
430760,RS,1875488,2021,51292
430770,RS,3749878,2021,83352
430780,RS,2171441,2021,34669
430781,RS,197414,2021,3646
430783,RS,405443,2021,2310
430786,RS,197918,2021,2750
430790,RS,4398447,2021,73758
430800,RS,270105,2021,6651
430805,RS,103166,2021,2256
430807,RS,140822,2021,4680
430810,RS,589352,2021,13728
430820,RS,2538136,2021,31352
430825,RS,103058,2021,1709
430830,RS,227468,2021,10181
430840,RS,302799,2021,6569
430843,RS,58939,2021,2389
430845,RS,564771,2021,4252
430850,RS,1430606,2021,31675
430860,RS,2997963,2021,35794
430865,RS,200966,2021,2851
430870,RS,282771,2021,5447
430880,RS,276372,2021,8339
430885,RS,190647,2021,1619
430890,RS,793661,2021,16158
430900,RS,1202941,2021,15729
430905,RS,461885,2021,8304
430910,RS,2658018,2021,36864
430912,RS,94579,2021,2036
430915,RS,109481,2021,4378
430920,RS,10261618,2021,285564
430925,RS,132787,2021,1478
430930,RS,8284804,2021,98331
430940,RS,1149050,2021,26199
430950,RS,362623,2021,7393
430955,RS,245496,2021,4967
430957,RS,71142,2021,3019
430960,RS,2608192,2021,19446
430965,RS,314486,2021,6894
430970,RS,229248,2021,4712
430975,RS,112226,2021,4393
430980,RS,367294,2021,4690
430990,RS,399691,2021,7267
430995,RS,213521,2021,3988
431000,RS,1722053,2021,20474
431010,RS,1888880,2021,37754
431020,RS,5190378,2021,84041
431030,RS,140569,2021,4054
431033,RS,626814,2021,23721
431036,RS,519189,2021,3103
431040,RS,494164,2021,6054
431041,RS,110556,2021,2207
431043,RS,298581,2021,6736
431046,RS,177628,2021,1871
431050,RS,254491,2021,7046
431053,RS,286658,2021,5573
431055,RS,246285,2021,3456
431057,RS,94234,2021,2037
431060,RS,2186921,2021,37363
431065,RS,86738,2021,2377
431070,RS,81706,2021,3143
431075,RS,71910,2021,1854
431080,RS,1180383,2021,25068
431085,RS,136729,2021,3738
431087,RS,224026,2021,2718
431090,RS,232300,2021,3532
431100,RS,1059392,2021,26327
431110,RS,378018,2021,10684
431112,RS,94041,2021,3611
431113,RS,469005,2021,3472
431115,RS,975407,2021,8571
431120,RS,1925171,2021,19159
431123,RS,68915,2021,2939
431125,RS,154689,2021,6469
431127,RS,157139,2021,1604
431130,RS,1513400,2021,27751
431140,RS,5596169,2021,86005
431142,RS,74874,2021,2569
431150,RS,497626,2021,7410
431160,RS,172442,2021,5087
431162,RS,365848,2021,6193
431164,RS,65579,2021,1724
431170,RS,272823,2021,5411
431171,RS,582041,2021,4539
431173,RS,70213,2021,2965
431175,RS,546970,2021,7315
431177,RS,190483,2021,6747
431179,RS,80816,2021,2713
431180,RS,3060013,2021,45523
431190,RS,167824,2021,4239
431198,RS,104495,2021,3892
431200,RS,72887,2021,1987
431205,RS,124134,2021,3981
431210,RS,169005,2021,4760
431213,RS,168254,2021,2543
431215,RS,180535,2021,4627
431217,RS,88446,2021,1611
431220,RS,161122,2021,4254
431225,RS,279176,2021,8130
431230,RS,190385,2021,4899
431235,RS,98137,2021,1430
431237,RS,109729,2021,3237
431238,RS,94434,2021,2514
431240,RS,5752330,2021,66157
431242,RS,153333,2021,3139
431244,RS,81465,2021,2891
431245,RS,132443,2021,6609
431247,RS,274166,2021,6570
431250,RS,643323,2021,12888
431260,RS,301851,2021,4967
431261,RS,1122084,2021,3184
431262,RS,91988,2021,1901
431265,RS,2207531,2021,17886
431267,RS,146251,2021,1667
431270,RS,525504,2021,11574
431275,RS,236574,2021,3698
431280,RS,327225,2021,4890
431290,RS,802206,2021,10089
431295,RS,145342,2021,1731
431300,RS,141143,2021,3345
431301,RS,229430,2021,2677
431303,RS,172365,2021,5465
431306,RS,805694,2021,22147
431308,RS,100211,2021,2563
431310,RS,382687,2021,6519
431320,RS,972684,2021,21717
431330,RS,1730037,2021,28021
431333,RS,304677,2021,2195
431335,RS,169304,2021,3743
431337,RS,2487515,2021,30482
431339,RS,133170,2021,4246
431340,RS,10037889,2021,247303
431342,RS,186353,2021,3191
431344,RS,74728,2021,2189
431346,RS,75033,2021,1705
431349,RS,135199,2021,4185
431350,RS,1819024,2021,46815
431360,RS,167644,2021,3731
431365,RS,735603,2021,11342
431370,RS,2215050,2021,32967
431380,RS,271641,2021,7056
431390,RS,3167743,2021,44583
431395,RS,533687,2021,8995
431400,RS,424445,2021,7793
431402,RS,207384,2021,7635
431403,RS,136434,2021,3885
431405,RS,1390312,2021,59419
431406,RS,132982,2021,5790
431407,RS,229640,2021,6612
431410,RS,12552833,2021,206103
431413,RS,195869,2021,2303
431415,RS,242456,2021,8541
431417,RS,386189,2021,1928
431420,RS,270650,2021,7683
431430,RS,464211,2021,3840
431440,RS,10778119,2021,343826
431442,RS,386451,2021,5780
431445,RS,123341,2021,2581
431446,RS,304723,2021,1896
431447,RS,931832,2021,4309
431449,RS,131547,2021,4926
431450,RS,397723,2021,12122
431454,RS,74285,2021,3068
431455,RS,94670,2021,2205
431460,RS,880273,2021,20743
431470,RS,252506,2021,9957
431475,RS,131756,2021,2105
431477,RS,403316,2021,3898
431478,RS,96048,2021,1501
431480,RS,1662398,2021,38081
431490,RS,81562848,2021,1492530
431500,RS,135661,2021,4514
431505,RS,89349,2021,2332
431507,RS,45211,2021,1258
431510,RS,210925,2021,10144
431513,RS,61419,2021,1586
431514,RS,213812,2021,2972
431515,RS,166516,2021,6235
431517,RS,93263,2021,1929
431520,RS,133442,2021,3861
431530,RS,625749,2021,22531
431531,RS,185962,2021,1860
431532,RS,299302,2021,2793
431535,RS,255120,2021,3810
431540,RS,232903,2021,11782
431545,RS,82687,2021,2068
431550,RS,673420,2021,15702
431555,RS,136484,2021,2571
431560,RS,13282154,2021,212881
431570,RS,1390518,2021,38257
431575,RS,155848,2021,4698
431580,RS,576081,2021,11556
431590,RS,279278,2021,5868
431595,RS,161912,2021,2270
431600,RS,731607,2021,21591
431610,RS,471552,2021,10633
431620,RS,268873,2021,5033
431630,RS,437025,2021,6750
431640,RS,1381969,2021,39210
431642,RS,82615,2021,2601
431643,RS,254247,2021,2596
431645,RS,1213455,2021,12512
431647,RS,178468,2021,2734
431650,RS,337661,2021,7975
431660,RS,843823,2021,16382
431670,RS,1336027,2021,7813
431673,RS,143879,2021,1630
431675,RS,339105,2021,6755
431680,RS,9815170,2021,132271
431690,RS,9562027,2021,285159
431695,RS,279408,2021,6382
431697,RS,361014,2021,2593
431700,RS,364899,2021,8037
431710,RS,2823913,2021,75647
431720,RS,3732037,2021,73882
431725,RS,49850,2021,1722
431730,RS,1755622,2021,29298
431740,RS,2021444,2021,49298
431750,RS,3180262,2021,77544
431755,RS,119796,2021,2118
431760,RS,1680497,2021,43397
431770,RS,673944,2021,9930
431775,RS,189468,2021,2018
431780,RS,848436,2021,13813
431790,RS,784068,2021,14177
431795,RS,128952,2021,2287
431800,RS,2570755,2021,59768
431805,RS,123435,2021,3091
431810,RS,804119,2021,18081
431820,RS,1026513,2021,21871
431830,RS,2723183,2021,62187
431840,RS,667010,2021,24569
431842,RS,184148,2021,4625
431843,RS,104817,2021,2535
431844,RS,133331,2021,2808
431845,RS,93350,2021,2491
431846,RS,59112,2021,1917
431848,RS,117865,2021,4924
431849,RS,183793,2021,2040
431850,RS,792698,2021,27866
431860,RS,463017,2021,6911
431861,RS,94018,2021,2464
431862,RS,155631,2021,3559
431870,RS,10855366,2021,240378
431880,RS,1701063,2021,43501
431890,RS,1903777,2021,33124
431900,RS,1145389,2021,21756
431910,RS,354028,2021,5336
431912,RS,336098,2021,3228
431915,RS,867928,2021,7692
431920,RS,228045,2021,5153
431930,RS,200547,2021,5654
431935,RS,113227,2021,3881
431936,RS,114177,2021,2025
431937,RS,161663,2021,2950
431940,RS,532255,2021,16100
431950,RS,899457,2021,26161
431960,RS,1331316,2021,23492
431970,RS,135540,2021,3220
431971,RS,95575,2021,2248
431973,RS,90429,2021,2732
431975,RS,95747,2021,2288
431980,RS,730553,2021,8742
431990,RS,3615584,2021,80514
432000,RS,4204060,2021,142508
432010,RS,1299134,2021,25024
432020,RS,617243,2021,10678
432023,RS,157534,2021,2875
432026,RS,163087,2021,7465
432030,RS,375173,2021,5114
432032,RS,149058,2021,2761
432035,RS,136266,2021,5635
432040,RS,782299,2021,18074
432045,RS,59571,2021,1889
432050,RS,534501,2021,5220
432055,RS,314766,2021,6586
432057,RS,105651,2021,1931
432060,RS,149412,2021,3607
432065,RS,86630,2021,2365
432067,RS,213480,2021,10152
432070,RS,438641,2021,15041
432080,RS,1405191,2021,31067
432085,RS,142085,2021,4816
432090,RS,1644543,2021,24973
432100,RS,640273,2021,10569
432110,RS,603911,2021,17363
432120,RS,1568872,2021,57740
432130,RS,1094080,2021,26907
432132,RS,188857,2021,3081
432135,RS,124253,2021,5484
432140,RS,579213,2021,13385
432143,RS,291338,2021,11323
432145,RS,1576004,2021,34275
432146,RS,174783,2021,3078
432147,RS,196241,2021,5532
432149,RS,101333,2021,2753
432150,RS,1382097,2021,39381
432160,RS,1234544,2021,53507
432162,RS,78087,2021,2331
432163,RS,141196,2021,2620
432166,RS,308568,2021,11174
432170,RS,805145,2021,28948
432180,RS,1353671,2021,23846
432183,RS,64218,2021,2643
432185,RS,178529,2021,4232
432190,RS,1033028,2021,23799
432195,RS,351369,2021,5781
432200,RS,12982386,2021,30159
432210,RS,259330,2021,5612
432215,RS,120844,2021,4585
432218,RS,94727,2021,1447
432220,RS,2052009,2021,24182
432225,RS,533592,2021,5019
432230,RS,383533,2021,7730
432232,RS,163726,2021,3408
432234,RS,110732,2021,1952
432235,RS,91173,2021,1084
432237,RS,149066,2021,2306
432240,RS,3717091,2021,126766
432250,RS,3245665,2021,66916
432252,RS,130452,2021,3531
432253,RS,272712,2021,11873
432254,RS,198293,2021,6046
432255,RS,94775,2021,2130
432260,RS,3732030,2021,72373
432270,RS,826716,2021,27325
432280,RS,1738702,2021,26813
432285,RS,119439,2021,1776
432290,RS,204581,2021,4628
432300,RS,4335050,2021,257330
432310,RS,126513,2021,4530
432320,RS,295870,2021,2840
432330,RS,297552,2021,3407
432335,RS,168931,2021,2070
432340,RS,389405,2021,4368
432345,RS,195941,2021,4274
432350,RS,137063,2021,2726
432360,RS,85228,2021,1553
432370,RS,103512,2021,2858
432375,RS,159527,2021,3052
432377,RS,264839,2021,3046
432380,RS,733151,2021,17126
500020,MS,1235229,2021,16025
500025,MS,237740,2021,5489
500060,MS,1766207,2021,40247
500070,MS,696967,2021,25336
500080,MS,416841,2021,9116
500085,MS,1184828,2021,11081
500090,MS,727455,2021,9082
500100,MS,1393783,2021,26386
500110,MS,1204977,2021,48184
500124,MS,1021642,2021,12511
500150,MS,759094,2021,7281
500190,MS,1049030,2021,23620
500200,MS,603207,2021,11368
500210,MS,976922,2021,24842
500215,MS,351966,2021,7802
500220,MS,1204313,2021,22401
500230,MS,861259,2021,11835
500240,MS,2098085,2021,31005
500260,MS,637046,2021,13675
500270,MS,34731151,2021,916001
500280,MS,179621,2021,6247
500290,MS,782983,2021,22063
500295,MS,2430147,2021,26499
500310,MS,150318,2021,6158
500315,MS,354012,2021,15449
500320,MS,3907866,2021,112669
500325,MS,2096742,2021,21456
500330,MS,1117659,2021,33547
500345,MS,494378,2021,13043
500348,MS,332159,2021,11547
500350,MS,200982,2021,6025
500370,MS,12595690,2021,227990
500375,MS,557523,2021,12447
500380,MS,648925,2021,19152
500390,MS,143408,2021,3066
500400,MS,306052,2021,9934
500410,MS,364269,2021,9754
500430,MS,811297,2021,16273
500440,MS,406233,2021,7566
500450,MS,1181095,2021,25478
500460,MS,1245196,2021,21604
500470,MS,1721113,2021,23277
500480,MS,167493,2021,9372
500490,MS,378029,2021,7342
500500,MS,826472,2021,26375
500510,MS,478439,2021,4015
500515,MS,464266,2021,6861
500520,MS,383759,2021,24040
500525,MS,1017180,2021,7496
500540,MS,4048673,2021,48944
500560,MS,661176,2021,28423
500568,MS,778607,2021,18578
500570,MS,3013280,2021,56484
500580,MS,472626,2021,13794
500600,MS,1963622,2021,22967
500620,MS,3084594,2021,56057
500625,MS,281446,2021,3556
500627,MS,1064299,2021,5751
500630,MS,1647937,2021,42401
500635,MS,294548,2021,14576
500640,MS,279518,2021,7568
500660,MS,5024604,2021,95320
500690,MS,476904,2021,17460
500710,MS,1895304,2021,25310
500720,MS,3731046,2021,38844
500730,MS,134317,2021,4758
500740,MS,633234,2021,20025
500750,MS,280438,2021,5120
500755,MS,472670,2021,7948
500769,MS,2231788,2021,27660
500770,MS,384673,2021,10751
500780,MS,1723194,2021,6555
500790,MS,3207170,2021,60792
500793,MS,881057,2021,20158
500795,MS,320138,2021,11795
500797,MS,182235,2021,3588
500800,MS,761171,2021,22721
500830,MS,13058332,2021,125137
500840,MS,314115,2021,6115
510010,MT,109162,2021,5309
510020,MT,2000669,2021,26679
510025,MT,2111882,2021,52105
510030,MT,1172926,2021,19714
510035,MT,264046,2021,7092
510040,MT,1197646,2021,12323
510050,MT,166648,2021,11587
510060,MT,1295818,2021,11413
510080,MT,233848,2021,10431
510100,MT,126594,2021,3064
510120,MT,28039,2021,909
510125,MT,655137,2021,17078
510130,MT,232263,2021,9399
510140,MT,1446102,2021,23067
510160,MT,124620,2021,8165
510170,MT,1568905,2021,35642
510180,MT,2567246,2021,61702
510185,MT,769151,2021,6830
510190,MT,2087179,2021,20571
510250,MT,2264674,2021,95339
510260,MT,437344,2021,16223
510263,MT,6910453,2021,36917
510267,MT,4993082,2021,44033
510268,MT,3302547,2021,7245
510269,MT,267192,2021,4711
510270,MT,2931502,2021,22101
510279,MT,299375,2021,10094
510285,MT,215114,2021,8782
510300,MT,1214583,2021,22521
510305,MT,1068396,2021,12338
510310,MT,297685,2021,5716
510320,MT,1269414,2021,33855
510325,MT,849114,2021,41117
510330,MT,1258222,2021,21249
510335,MT,1530707,2021,32076
510336,MT,143205,2021,4163
510337,MT,326770,2021,20717
510340,MT,29746934,2021,623614
510343,MT,123845,2021,5267
510345,MT,529608,2021,9626
510350,MT,5746922,2021,22311
510360,MT,673329,2021,8087
510370,MT,1044898,2021,14847
510380,MT,83626,2021,3411
510385,MT,1290912,2021,7913
510390,MT,481737,2021,5726
510395,MT,89234,2021,2990
510410,MT,1099235,2021,36439
510420,MT,727167,2021,15740
510450,MT,103601,2021,2806
510452,MT,1924887,2021,8182
510454,MT,721462,2021,7030
510455,MT,419030,2021,3609
510460,MT,2144803,2021,13727
510480,MT,1197871,2021,27696
510490,MT,188785,2021,8420
510500,MT,348817,2021,8377
510510,MT,1365628,2021,35275
510515,MT,1332958,2021,41190
510517,MT,297909,2021,16811
510520,MT,528664,2021,11124
510523,MT,244980,2021,6246
510525,MT,6891564,2021,69671
510530,MT,41177,2021,2036
510550,MT,639124,2021,16412
510558,MT,674579,2021,10107
510560,MT,1282894,2021,17017
510562,MT,835683,2021,28135
510590,MT,1114914,2021,15332
510600,MT,325663,2021,5858
510610,MT,387845,2021,13093
510615,MT,343374,2021,16052
510617,MT,140597,2021,4013
510618,MT,445610,2021,6861
510619,MT,333258,2021,3755
510620,MT,109136,2021,3656
510621,MT,909160,2021,12876
510622,MT,6036784,2021,48222
510623,MT,732123,2021,20820
510624,MT,3270201,2021,12492
510625,MT,1033278,2021,21695
510626,MT,486277,2021,9545
510627,MT,101499,2021,4069
510628,MT,863038,2021,4837
510629,MT,796220,2021,11291
510630,MT,2135914,2021,23250
510631,MT,56651,2021,2769
510637,MT,1575822,2021,17547
510642,MT,918582,2021,35695
510645,MT,231895,2021,2637
510650,MT,709536,2021,33386
510665,MT,123228,2021,6972
510670,MT,31235,2021,1525
510675,MT,2436222,2021,46105
510677,MT,568701,2021,12849
510680,MT,1318804,2021,5344
510682,MT,308624,2021,12176
510685,MT,83561,2021,2794
510700,MT,1077754,2021,15936
510704,MT,6965242,2021,63876
510706,MT,4259440,2021,18386
510710,MT,448527,2021,18788
510715,MT,47466,2021,2754
510718,MT,756831,2021,10450
510719,MT,188990,2021,2439
510720,MT,107214,2021,5147
510724,MT,1032326,2021,4600
510726,MT,161564,2021,3164
510729,MT,58964,2021,4102
510730,MT,1465623,2021,21351
510735,MT,934694,2021,5646
510740,MT,69288,2021,4823
510757,MT,114382,2021,4069
510760,MT,17295644,2021,239613
510770,MT,535073,2021,16999
510774,MT,320574,2021,2700
510775,MT,94322,2021,3226
510776,MT,1236067,2021,3602
510777,MT,300591,2021,8547
510779,MT,1019978,2021,5459
510780,MT,819097,2021,17188
510785,MT,1622921,2021,11934
510787,MT,6978731,2021,27485
510788,MT,74485,2021,1705
510790,MT,9623877,2021,148960
510792,MT,12522633,2021,94941
510794,MT,1319830,2021,9357
510795,MT,5585259,2021,107631
510800,MT,2007700,2021,14380
510805,MT,502308,2021,9284
510810,MT,312784,2021,3761
510820,MT,211360,2021,3487
510830,MT,504232,2021,3455
510835,MT,77155,2021,3124
510840,MT,9916991,2021,290383
510850,MT,1291936,2021,11731
510860,MT,879190,2021,26946
510880,MT,167439,2021,4407
510885,MT,422855,2021,3332
510890,MT,1204757,2021,9056
510895,MT,367237,2021,9375
520005,GO,353700,2021,9158
520010,GO,445324,2021,20873
520013,GO,1051834,2021,22710
520015,GO,48793,2021,2515
520017,GO,533233,2021,5843
520020,GO,63847,2021,1809
520025,GO,2463152,2021,222850
520030,GO,1128054,2021,28360
520050,GO,63728,2021,1976
520055,GO,1280223,2021,6796
520060,GO,297011,2021,7751
520080,GO,169008,2021,8749
520082,GO,109077,2021,3875
520085,GO,91400,2021,6220
520090,GO,118903,2021,3011
520110,GO,17788289,2021,396526
520120,GO,21691,2021,1171
520130,GO,512555,2021,22113
520140,GO,16979984,2021,601844
520145,GO,110072,2021,2474
520150,GO,395713,2021,4266
520160,GO,73496,2021,3450
520170,GO,277710,2021,20410
520180,GO,174315,2021,10680
520215,GO,180123,2021,7795
520235,GO,222580,2021,2462
520250,GO,291962,2021,10340
520260,GO,81573,2021,3000
520280,GO,68050,2021,2401
520310,GO,123238,2021,5418
520320,GO,1573567,2021,11643
520330,GO,1480966,2021,31004
520340,GO,257660,2021,8912
520350,GO,1229633,2021,26069
520355,GO,121138,2021,10120
520357,GO,156630,2021,4579
520360,GO,93833,2021,3812
520380,GO,198101,2021,5815
520390,GO,467717,2021,9515
520393,GO,56916,2021,2464
520396,GO,88900,2021,3272
520400,GO,475939,2021,8098
520410,GO,281679,2021,12843
520420,GO,38869,2021,1336
520425,GO,69455,2021,7997
520430,GO,904592,2021,16525
520440,GO,821653,2021,19304
520450,GO,3000886,2021,95183
520455,GO,84638,2021,3900
520460,GO,72737,2021,3662
520465,GO,110500,2021,3628
520470,GO,333013,2021,12880
520480,GO,846728,2021,7884
520485,GO,165099,2021,8087
520490,GO,315295,2021,20124
520495,GO,56347,2021,1526
520500,GO,488084,2021,10299
520505,GO,91614,2021,3380
520510,GO,9916468,2021,113091
520520,GO,100768,2021,5132
520530,GO,383000,2021,9740
520540,GO,734660,2021,22407
520545,GO,384996,2021,8794
520547,GO,2188716,2021,10797
520549,GO,1006150,2021,74370
520551,GO,436319,2021,20771
520552,GO,70439,2021,3339
520570,GO,74372,2021,2254
520580,GO,260241,2021,11223
520590,GO,709241,2021,10012
520620,GO,4602318,2021,61385
520630,GO,120103,2021,2962
520640,GO,699319,2021,17136
520650,GO,99558,2021,3458
520660,GO,96867,2021,2820
520670,GO,44977,2021,3302
520680,GO,52496,2021,2944
520690,GO,583084,2021,2094
520710,GO,96842,2021,2477
520725,GO,400869,2021,7174
520735,GO,405203,2021,3678
520740,GO,923319,2021,12559
520750,GO,74794,2021,3253
520753,GO,167592,2021,6527
520760,GO,152399,2021,5471
520780,GO,272114,2021,13604
520790,GO,250936,2021,17415
520800,GO,3247792,2021,125705
520810,GO,111669,2021,4098
520815,GO,312523,2021,3923
520830,GO,91700,2021,4701
520840,GO,294381,2021,11217
520850,GO,202194,2021,5650
520860,GO,1888263,2021,72045
520870,GO,59865990,2021,1555626
520880,GO,1102687,2021,46278
520890,GO,763707,2021,22122
520910,GO,2169433,2021,34307
520915,GO,169369,2021,6076
520920,GO,347667,2021,14206
520929,GO,52169,2021,1905
520940,GO,86085,2021,3801
520945,GO,64343,2021,1681
520960,GO,83875,2021,3742
520970,GO,1329143,2021,22533
520980,GO,87743,2021,3450
520990,GO,226513,2021,14215
520993,GO,237525,2021,6275
520995,GO,656300,2021,15962
521000,GO,1406216,2021,53655
521010,GO,2429403,2021,27365
521015,GO,69939,2021,2892
521020,GO,876296,2021,31471
521030,GO,71461,2021,2772
521040,GO,1804955,2021,44329
521056,GO,98133,2021,4684
521060,GO,104080,2021,5184
521080,GO,131496,2021,4412
521090,GO,547546,2021,23850
521100,GO,222269,2021,4380
521120,GO,553555,2021,25597
521130,GO,324831,2021,7337
521140,GO,219235,2021,8968
521150,GO,5324330,2021,106845
521160,GO,139620,2021,2295
521170,GO,426814,2021,6001
521180,GO,919741,2021,52160
521190,GO,7996737,2021,103221
521200,GO,83148,2021,2843
521205,GO,39661,2021,2497
521210,GO,342128,2021,7417
521220,GO,693476,2021,18266
521225,GO,51073,2021,1652
521230,GO,343211,2021,7663
521250,GO,5435386,2021,214645
521260,GO,88293,2021,2358
521270,GO,107530,2021,9277
521280,GO,291248,2021,9234
521290,GO,68532,2021,2263
521295,GO,170652,2021,4321
521300,GO,247891,2021,14568
521305,GO,247554,2021,2575
521308,GO,1296632,2021,28518
521310,GO,3288692,2021,69477
521340,GO,53240,2021,1471
521350,GO,120264,2021,8759
521370,GO,498788,2021,8037
521375,GO,1604396,2021,13935
521377,GO,108826,2021,4538
521380,GO,1857437,2021,46955
521385,GO,54822,2021,2217
521390,GO,131825,2021,4120
521400,GO,1025028,2021,16077
521405,GO,180831,2021,4540
521410,GO,86417,2021,3749
521440,GO,276910,2021,9375
521450,GO,1021184,2021,30931
521460,GO,1291680,2021,47064
521470,GO,48876,2021,2362
521480,GO,71030,2021,2236
521483,GO,628524,2021,13020
521486,GO,141160,2021,8063
521487,GO,61464,2021,2939
521490,GO,66579,2021,3208
521500,GO,197263,2021,10193
521520,GO,85234,2021,2775
521523,GO,1154068,2021,119649
521525,GO,160447,2021,4592
521530,GO,938155,2021,15834
521540,GO,150001,2021,3679
521550,GO,765399,2021,6895
521560,GO,1052149,2021,35011
521565,GO,173192,2021,3470
521570,GO,1770770,2021,29915
521580,GO,55748,2021,2382
521590,GO,220046,2021,3578
521600,GO,109627,2021,2590
521630,GO,236667,2021,10221
521640,GO,1559917,2021,10988
521645,GO,708388,2021,3156
521680,GO,178771,2021,10240
521690,GO,192739,2021,2135
521710,GO,1239008,2021,24543
521720,GO,609385,2021,10161
521730,GO,640329,2021,25218
521740,GO,1405076,2021,31909
521760,GO,1453001,2021,91345
521770,GO,717210,2021,17899
521800,GO,1430131,2021,45866
521805,GO,222461,2021,3979
521810,GO,367281,2021,4032
521830,GO,703571,2021,37924
521839,GO,72086,2021,3211
521850,GO,2147553,2021,51323
521860,GO,314485,2021,10961
521870,GO,83216,2021,4832
521878,GO,326106,2021,4728
521880,GO,16306271,2021,247259
521890,GO,565885,2021,20012
521900,GO,217555,2021,7630
521910,GO,154107,2021,6701
521920,GO,295245,2021,2782
521925,GO,260166,2021,5585
521930,GO,1620937,2021,38962
521935,GO,123175,2021,3821
521940,GO,204953,2021,9110
521945,GO,110056,2021,3367
521950,GO,68304,2021,2200
521960,GO,87563,2021,3207
521970,GO,190835,2021,8386
521971,GO,320991,2021,4886
521973,GO,154832,2021,6593
521975,GO,825618,2021,76871
521980,GO,206245,2021,13305
521990,GO,130583,2021,6265
522000,GO,569989,2021,14423
522005,GO,139615,2021,1312
522010,GO,1486904,2021,34488
522015,GO,137395,2021,5263
522020,GO,691572,2021,21849
522026,GO,316723,2021,4105
522028,GO,53450,2021,2040
522040,GO,1432833,2021,21318
522045,GO,4765089,2021,121447
522050,GO,652577,2021,8737
522060,GO,1315548,2021,20938
522068,GO,173317,2021,6895
522070,GO,75917,2021,3040
522100,GO,89299,2021,3506
522108,GO,39122,2021,3538
522119,GO,211068,2021,8326
522130,GO,63861,2021,2830
522140,GO,2666621,2021,132006
522145,GO,70124,2021,3497
522150,GO,204383,2021,4526
522155,GO,566461,2021,5447
522157,GO,77418,2021,2829
522160,GO,1299876,2021,41150
522170,GO,294357,2021,13795
522180,GO,164803,2021,3056
522185,GO,2964512,2021,175720
522190,GO,105088,2021,3848
522200,GO,857968,2021,14088
522205,GO,480173,2021,9002
522220,GO,179899,2021,6451
522230,GO,308013,2021,5941
530010,DF,286943782,2021,3094325
510183,MT,NA,2021,NA
