ORIGEM|TIPOBITO|DTOBITO|HORAOBITO|NATURAL|CODMUNNATU|DTNASC|IDADE|SEXO|RACACOR|ESTCIV|ESC|ESC2010|SERIESCFAL|OCUP|CODMUNRES|LOCOCOR|CODESTAB|ESTABDESCR|CODMUNOCOR|IDADEMAE|ESCMAE|ESCMAE2010|SERIESCMAE|OCUPMAE|QTDFILVIVO|QTDFILMORT|GRAVIDEZ|SEMAGESTAC|GESTACAO|PARTO|OBITOPARTO|PESO|TPMORTEOCO|OBITOGRAV|OBITOPUERP|ASSISTMED|EXAME|CIRURGIA|NECROPSIA|LINHAA|LINHAB|LINHAC|LINHAD|LINHAII|CAUSABAS|CB_PRE|CRM|COMUNSVOIM|DTATESTADO|CIRCOBITO|ACIDTRAB|FONTE|NUMEROLOTE|TPPOS|DTINVESTIG|CAUSABAS_O|DTCADASTRO|ATESTANTE|STCODIFICA|CODIFICADO|VERSAOSIST|VERSAOSCB|FONTEINV|DTRECEBIM|ATESTADO|DTRECORIGA|CAUSAMAT|ESCMAEAGR1|ESCFALAGR1|STDOEPIDEM|STDONOVA|DIFDATA|NUDIASOBCO|NUDIASOBIN|DTCADINV|TPOBITOCOR|DTCONINV|FONTES|TPRESGINFO|TPNIVELINV|NUDIASINF|DTCADINF|MORTEPARTO|DTCONCASO|FONTESINF|ALTCAUSA|CONTADOR
1|2|20042018|0830|816|160000|28071981|436|2|4|2|3|NA|NA|999992|160021|2|2021021|NA|160021|NA|NA|NA|NA|NA|NA|NA|NA|NA|NA|NA|NA|NA|NA|1|3|1|2|2|2|*R092|*O141|NA|NA|NA|O141|NA|913|NA|20042018|NA|NA|NA|20180009|N|NA|O141|24042018|5|S|S|3.2.00|3.2|NA|25042018|R092/O141|25042018|NA|NA|NA|0|0|005|47|NA|06062018|1|06062018|NA|3|M|NA|NA|NA|NA|NA|NA|546
1|2|05052018|2103|835|350000|05081999|418|2|4|1|4|NA|NA|999992|352850|1|2086336|NA|352850|NA|NA|NA|NA|NA|NA|NA|NA|NA|NA|NA|NA|NA|NA|1|3|2|2|2|1|*O995|*O994|NA|NA|NA|O998|NA|28338|NA|06052018|NA|NA|NA|20180041|S|31082018|I219|14052018|3|S|S|3.2.00|3.2|1|28112018|O995/O994|16052018|NA|NA|NA|0|0|207|118|NA|18092018|1|31082018|NA|3|M|NA|NA|NA|NA|NA|NA|1011
1|2|03062018|0110|835|350000|15041996|422|2|1|1|5|NA|NA|512120|351640|1|3028399|NA|351630|NA|NA|NA|NA|NA|NA|NA|NA|NA|NA|NA|NA|NA|NA|2|2|1|2|1|1|*A419|*K269|*O715|NA|NA|O715|NA|101516|NA|03062018|NA|NA|NA|20180040|S|27062018|K269|08062018|3|S|S|3.2.00|3.2|1|14112018|A419/K269/O715|13062018|NA|NA|NA|0|0|164|24|NA|12032019|5|27062018|NA|1|M|NA|NA|NA|NA|NA|NA|1444
1|2|31082018|2145|NA|NA|10011981|437|2|4|1|5|NA|NA|999992|352850|1|3028399|NA|351630|NA|NA|NA|NA|NA|NA|NA|NA|NA|NA|NA|NA|NA|NA|2|1|1|1|NA|2|*R570*A419|*J180|*O903|NA|*N19X|O903|NA|27783|NA|31082018|NA|NA|NA|20180019|N|NA|O903|12092018|1|S|S|3.2.00|3.2|NA|25092018|R570 A419/J180/O903*N19|25092018|NA|NA|NA|0|0|025|110|NA|20122018|5|19122018|NA|1|M|NA|NA|NA|NA|NA|NA|1600
1|2|24112018|0955|835|350600|27031984|434|2|1|2|4|2|8|513205|350600|1|2790556|NA|350600|NA|NA|NA|NA|NA|NA|NA|NA|NA|NA|NA|NA|NA|5|2|2|1|NA|NA|2|*J969|*O16X|*E119|*J81X|*E669|O16|NA|35114|NA|24112018|NA|NA|NA|20190007|S|07122018|O16|28112018|5|S|S|3.2.00|3.2|1|27022019|J969/O16/E119/J81*E669|04122018|NA|NA|04|0|1|095|88|NA|21022019|6|20022019|NA|2|M|NA|NA|NA|NA|NA|NA|5214
1|2|11032018|0300|829|292340|26011994|424|2|2|5|4|3|2|999991|292340|1|2506572|NA|292340|NA|NA|NA|NA|NA|NA|NA|NA|NA|NA|NA|NA|NA|4|2|1|1|NA|NA|2|*J81X|*O759|NA|NA|NA|O759|NA|31645|NA|11032018|NA|NA|NA|20180005|NA|NA|O759|09042018|1|S|S|3.2.00|3.2|NA|04052018|J81/O759|04052018|NA|NA|05|0|1|054|NA|NA|NA|NA|NA|NA|NA|NA|NA|NA|NA|NA|NA|NA|7152
1|2|04072018|1200|813|130380|04081974|443|2|5|1|4|2|8|612005|130380|3|NA|NA|130380|NA|NA|NA|NA|NA|NA|NA|NA|NA|NA|NA|NA|NA|2|1|3|2|NA|NA|2|*O751|*O721|*O720|NA|NA|O720|NA|1300779|NA|01112018|NA|NA|NA|20190039|S|01112018|O720|26112018|5|S|S|3.2.00|3.2|2|30082019|O751/O721/O720|28112018|NA|NA|04|0|1|422|0|NA|22012019|5|04072018|NA|2|M|NA|NA|NA|NA|NA|NA|8278
1|2|16042018|1400|813|130380|15061978|439|2|5|5|2|1|NA|622005|130380|3|NA|NA|130380|NA|NA|NA|NA|NA|NA|NA|NA|NA|NA|NA|NA|NA|2|1|3|2|NA|NA|2|*R571|*D62X|*O622|NA|NA|O622|NA|1300750|NA|14052018|NA|NA|NA|20190036|S|16042018|O622|28062018|5|S|S|3.2.00|3.2|2|06082019|R571/D62/O622|28062018|NA|NA|10|0|1|477|0|NA|14082018|5|16042018|NA|1|M|NA|NA|NA|NA|NA|NA|8329
1|2|07032018|0130|853|530010|23021997|421|2|2|1|3|2|NA|999992|521523|1|0010472|NA|530010|NA|NA|NA|NA|NA|NA|NA|NA|NA|NA|NA|NA|NA|4|2|1|1|NA|NA|2|*A419|*K659|*O235|NA|*O800|O235|NA|18737|NA|07032018|NA|NA|NA|20180051|S|09052018|O235|09032018|NA|S|S|3.2.00|3.2|1|20112018|A419/K659/O235*O800|26032018|NA|NA|11|0|1|258|327|NA|14102019|5|28012019|NA|3|E|NA|NA|NA|NA|NA|NA|8442
1|2|23082018|0256|843|430610|09031996|422|2|1|2|9|9|NA|999992|430222|1|2263858|NA|430610|NA|NA|NA|NA|NA|NA|NA|NA|NA|NA|NA|NA|NA|2|1|3|1|NA|NA|2|*D65X|*O721|*O622|NA|NA|O622|NA|33721|NA|23082018|NA|NA|NA|20180010|N|NA|O622|03092018|1|S|S|3.2.00|3.2|NA|05092018|D65/O721/O622|05092018|NA|NA|09|0|1|013|328|NA|26082019|4|17072019|NA|1|R|NA|NA|NA|NA|NA|NA|9301
1|2|14032018|1029|842|420000|13011979|439|2|2|5|NA|NA|NA|763015|421660|1|2302969|NA|421660|NA|NA|NA|NA|NA|NA|NA|NA|NA|NA|NA|NA|NA|NA|NA|NA|1|NA|NA|2|*O903*I069|NA|NA|NA|NA|O903|NA|6585|NA|14032018|NA|NA|NA|20190032|S|15062018|O85|20032018|2|S|S|3.2.02|3.2|1|05042019|O903 I069|20032018|NA|NA|NA|0|1|387|92|NA|17122018|5|14062018|NA|3|M|NA|NA|NA|NA|NA|NA|9972
1|2|04052018|2132|841|411820|29081985|432|2|1|1|4|3|NA|521105|411995|1|2687127|NA|411820|NA|NA|NA|NA|NA|NA|NA|NA|NA|NA|NA|NA|NA|4|2|1|1|NA|NA|2|*A419|*R100|*O85X|NA|NA|O85|NA|37802|NA|04052018|NA|NA|NA|20190020|S|06062019|A419|11052018|1|S|S|3.2.00|3.2|1|02092019|A419/R100/O85|05062018|NA|NA|12|0|1|486|74|NA|17072018|5|17072018|NA|1|M|NA|NA|NA|NA|NA|NA|11211
1|2|25052018|1453|831|317000|25101990|427|2|4|2|4|3|3|421125|317000|1|2119420|NA|310860|NA|NA|NA|NA|NA|NA|NA|NA|NA|NA|NA|NA|NA|NA|NA|NA|NA|NA|NA|NA|*D65X|*O622|NA|NA|*J960|O622|NA|55050|NA|25052018|NA|NA|NA|20190007|NA|NA|O622|08062018|1|S|S|3.2.02|3.2|NA|17042019|D65/O622*J960|13062018|NA|NA|06|0|1|327|97|NA|11092018|4|30082018|NA|1|M|NA|NA|NA|NA|NA|NA|12168
1|2|05022018|0808|831|310620|20111997|420|2|4|1|4|3|NA|999991|317080|1|2119528|NA|315120|NA|NA|NA|NA|NA|NA|NA|NA|NA|NA|NA|NA|NA|3|1|3|1|NA|NA|2|*O751|*O721|NA|NA|NA|O721|NA|37703|NA|05022018|NA|NA|NA|20180005|NA|NA|O721|07032018|5|S|S|3.2.02|3.2|NA|28032018|O751/O721|12032018|NA|NA|12|0|1|051|29|NA|12062018|5|06032018|NA|1|R|NA|NA|NA|NA|NA|NA|15081
1|2|20082018|1515|831|317080|06071994|424|2|1|2|4|3|NA|999992|317080|1|2119528|NA|315120|NA|NA|NA|NA|NA|NA|NA|NA|NA|NA|NA|NA|NA|4|2|1|1|NA|NA|2|*O751|*O450|NA|NA|*O244|O450|NA|37703|NA|20082018|NA|NA|NA|20190021|S|30102019|O459|10092018|2|S|S|3.2.02|3.2|1|13112019|O751/O450*O244|15102018|NA|NA|12|0|1|450|39|NA|17102018|5|28092018|NA|1|R|NA|NA|NA|NA|NA|NA|15285
1|2|26072018|0130|831|311115|05051993|425|2|4|1|4|2|8|621005|311115|5|NA|NA|311115|NA|NA|NA|NA|NA|NA|NA|NA|NA|NA|NA|NA|NA|4|2|1|2|NA|NA|1|*O882|NA|NA|NA|NA|O882|NA|59562|313520|26072018|NA|NA|NA|20180014|N|NA|O882|12092018|3|S|S|3.2.00|3.2|NA|12092018|O882|12092018|NA|NA|04|0|1|048|111|NA|20082019|5|14112018|NA|1|M|NA|NA|NA|NA|NA|NA|15741
1|2|31072018|1230|831|310825|11061979|439|2|4|2|1|0|NA|621005|310825|1|2140063|NA|314200|NA|NA|NA|NA|NA|NA|NA|NA|NA|NA|NA|NA|NA|2|1|3|1|NA|NA|2|*O151|NA|NA|NA|NA|O151|NA|16904|NA|31072018|NA|NA|NA|20180013|NA|NA|O151|06082018|1|S|S|3.2.00|3.2|NA|16082018|O151|16082018|NA|NA|00|0|1|016|125|NA|04122018|4|03122018|NA|1|M|NA|NA|NA|NA|NA|NA|15847
1|2|12062018|2020|831|316350|25011975|443|2|4|2|2|1|NA|621005|312695|1|2135884|NA|311680|NA|NA|NA|NA|NA|NA|NA|NA|NA|NA|NA|NA|NA|NA|NA|NA|NA|NA|NA|NA|*R571|*O364*I749|*O364|NA|NA|O364|NA|34641|NA|12062018|NA|NA|NA|20180010|NA|NA|I749|25072018|NA|S|S|3.2.00|3.2|NA|30072018|R571/O364 I749/O364|30072018|NA|NA|10|0|1|048|83|NA|03092018|2|03092018|NA|1|M|NA|NA|NA|NA|NA|NA|18417
1|2|07052018|0840|853|530010|18031980|438|2|2|2|3|2|NA|999992|520490|1|2383233|NA|520490|NA|NA|NA|NA|NA|NA|NA|NA|NA|NA|NA|NA|NA|4|2|1|1|NA|NA|1|*J960|*O888|NA|NA|*E669*O16X|O888|NA|22253|520490|07052018|NA|NA|NA|20190069|S|07052018|E669|14062018|3|S|S|3.2.00|3.2|6|27092019|J960/O888*E669 O16|19062018|NA|NA|11|0|1|508|505|NA|24092019|5|24092019|NA|3|M|NA|NA|NA|NA|NA|NA|20325
1|2|22012018|1855|813|130080|17092000|417|2|4|1|3|2|NA|999992|130080|1|2012383|NA|130080|NA|NA|NA|NA|NA|NA|NA|NA|NA|NA|NA|NA|NA|2|1|3|1|NA|NA|2|*R092|*O749|*O992|NA|NA|O749|NA|1777|NA|22012018|NA|NA|NA|20190029|S|15022018|O749|25012018|5|S|S|3.2.00|3.2|8|02102019|R092/O749/O992|23022018|NA|NA|11|0|1|618|24|NA|22022018|4|15022018|NA|1|M|NA|NA|NA|NA|NA|NA|20621
1|2|09042018|0100|822|221100|13042000|417|2|4|1|9|9|NA|999991|221100|1|2323397|NA|221100|NA|NA|NA|NA|NA|NA|NA|NA|NA|NA|NA|NA|NA|1|1|3|1|NA|NA|2|NA|*R688|*J960|*O239|NA|O239|NA|2897|NA|09042018|NA|NA|NA|20180042|S|10042018|O995|10042018|1|S|S|3.2.00|3.2|3|01082018|/R688/J960/O239|10042018|NA|NA|09|0|1|114|15|NA|09052018|1|24042018|NA|1|M|NA|NA|NA|NA|NA|NA|20728
1|2|11032018|2100|822|220885|24042000|417|2|2|1|3|2|NA|NA|220300|2|2324431|NA|220300|NA|NA|NA|NA|NA|NA|NA|NA|NA|NA|NA|NA|NA|1|1|3|1|NA|NA|NA|*R571|*O230|*O249|NA|NA|O230|NA|NA|NA|19032018|NA|NA|NA|20180070|N|NA|O230|31082018|NA|S|S|3.2.00|3.2|NA|31082018|R571/O230/O249|31082018|NA|NA|11|0|1|173|348|NA|22022019|1|22022019|NA|1|M|NA|NA|NA|NA|NA|NA|20785
1|2|30012018|1410|827|270400|02091982|435|2|4|5|3|2|NA|999992|270400|1|2009250|NA|270430|NA|NA|NA|NA|NA|NA|NA|NA|NA|NA|NA|NA|NA|4|2|1|1|NA|NA|2|*A419|*O909|*O021|*O911|*O141|O911|NA|3935|NA|30012018|NA|NA|NA|20180046|S|24072018|O911|01022018|2|S|S|3.2.02|3.2|8|19092018|A419/O909/O021/O911*O141|05022018|NA|NA|11|0|1|232|87|NA|11092018|5|27042018|NA|2|M|NA|NA|NA|NA|NA|NA|21930
1|2|03062018|0840|841|410570|01122001|416|2|1|1|3|2|5|999991|420010|1|2411393|NA|421950|NA|NA|NA|NA|NA|NA|NA|NA|NA|NA|NA|NA|NA|4|2|1|1|NA|NA|2|*O069*Y838|*Y600*O086|*O080|NA|NA|O068|NA|10529|NA|03062018|NA|NA|NA|20190029|N|NA|O068|11062018|2|S|S|3.2.02|3.2|NA|25062019|O069 Y838/Y600 O086/O080|11062018|NA|NA|03|0|1|387|172|NA|22112018|3|22112018|NA|2|M|NA|NA|NA|NA|NA|NA|24484
1|2|27042018|NA|842|421310|24061980|437|2|1|2|4|2|8|141410|421310|2|2702096|NA|421310|NA|NA|NA|NA|NA|NA|NA|NA|NA|NA|NA|NA|NA|4|2|1|2|NA|NA|2|*R961|*O95X|NA|NA|NA|O95|NA|3831|NA|27042018|NA|NA|NA|20190028|S|13082018|O95|26062018|1|S|S|3.2.00|3.2|1|30072019|R961/O95|28062018|NA|NA|04|0|1|459|108|NA|18072019|5|13082018|NA|2|M|NA|NA|NA|NA|NA|NA|24826
1|2|08092018|0250|842|421050|27011991|427|2|1|2|4|3|3|784205|421050|1|6683134|NA|421720|NA|NA|NA|NA|NA|NA|NA|NA|NA|NA|NA|NA|NA|5|2|2|1|NA|NA|2|*R578|*O720*A419|NA|NA|NA|O720|NA|12157|NA|08092018|NA|NA|NA|20180071|S|19092018|A419|17092018|2|S|S|3.2.02|3.2|8|21092018|R578/O720 A419|18092018|NA|NA|06|0|1|013|19|NA|27092018|6|27092018|NA|2|M|NA|NA|NA|NA|NA|NA|26078
1|2|05022018|0650|843|430175|26041978|439|2|1|1|4|3|3|999992|431560|1|2707675|NA|431560|NA|NA|NA|NA|NA|NA|NA|NA|NA|NA|NA|NA|NA|1|1|3|9|NA|NA|1|*O994|NA|NA|NA|NA|O994|NA|19198|431560|06022018|NA|NA|NA|20180006|NA|NA|O994|21022018|3|S|S|3.2.00|3.2|NA|26022018|O994|26022018|NA|NA|06|0|1|021|39|NA|20062018|1|16032018|NA|1|M|NA|NA|NA|NA|NA|NA|26676
1|2|23042018|0715|843|430240|15081986|431|2|1|1|4|3|NA|999994|430240|1|2252023|NA|430240|NA|NA|NA|NA|NA|NA|NA|NA|NA|NA|NA|NA|NA|3|1|3|1|NA|NA|2|*R092|*J960|*R570|*O723|NA|O723|NA|2915|NA|24042018|NA|NA|NA|20190037|NA|NA|O723|21052018|NA|S|S|3.2.00|3.2|NA|30082019|R092/J960/R570/O723|25052018|NA|NA|12|0|1|494|128|NA|31082018|3|29082018|NA|3|R|NA|NA|NA|NA|NA|NA|27239
1|2|20032018|1109|843|432185|23091979|438|2|5|NA|NA|NA|NA|999992|431610|1|2235404|NA|432010|NA|NA|NA|NA|NA|NA|NA|NA|NA|NA|NA|NA|NA|1|1|3|1|NA|NA|9|NA|NA|*O459|NA|NA|O459|NA|37391|NA|20032018|NA|NA|NA|20190031|NA|NA|O459|25042018|5|S|S|3.2.00|3.2|NA|19072019|/ /O459|30042018|NA|NA|NA|0|1|486|118|NA|19072018|4|16072018|NA|1|R|NA|NA|NA|NA|NA|NA|27538
1|2|20102018|2315|850|500270|20051996|422|2|4|1|4|2|8|999992|500730|3|NA|NA|500730|NA|NA|NA|NA|NA|NA|NA|NA|NA|NA|NA|NA|NA|1|1|3|1|NA|NA|NA|*R092|*R58X|NA|*O980*A169|NA|O980|NA|6036|NA|20102018|NA|NA|NA|20180042|N|NA|O980|22112018|1|S|S|3.2.00|3.2|NA|22112018|R092/R58/ /O980 A169|22112018|NA|NA|04|0|1|033|51|NA|10122018|1|10122018|NA|1|M|NA|NA|NA|NA|NA|NA|29170
1|2|29052018|0700|850|500795|08081991|426|2|4|4|3|2|7|999992|500795|1|2376873|NA|500795|NA|NA|NA|NA|NA|NA|NA|NA|NA|NA|NA|NA|NA|4|2|1|1|NA|NA|9|*R092|*O990|*N939|NA|NA|O990|NA|7132|NA|29052018|NA|NA|NA|20180030|N|NA|O990|19072018|5|S|S|3.2.00|3.2|NA|01082018|R092/O990/N939|01082018|NA|NA|03|0|1|064|NA|NA|NA|NA|NA|NA|NA|NA|NA|NA|NA|NA|NA|NA|29374
1|2|06012018|0900|850|500830|05091978|439|2|4|1|5|5|NA|231205|500830|1|2756951|NA|500830|NA|NA|NA|NA|NA|NA|NA|NA|NA|NA|NA|NA|NA|4|2|1|1|NA|NA|2|*R092|*O881|*J969|*O152|NA|O152|NA|7968|NA|06012018|NA|NA|NA|20180020|N|NA|O152|12012018|1|N|S|3.2.00|NA|NA|18012018|R092/O881/J969/O152|15012018|NA|NA|08|0|1|012|33|NA|16022018|5|08022018|NA|1|M|NA|NA|NA|NA|NA|NA|29982
1|2|28012018|1930|850|500330|06031998|419|2|4|1|3|2|6|999992|500330|1|6426190|NA|500330|NA|NA|NA|NA|NA|NA|NA|NA|NA|NA|NA|NA|NA|1|1|3|1|NA|NA|1|*I461|*O994*I472|*I479|NA|NA|O994|NA|8871|500330|29012018|NA|NA|NA|20180044|NA|NA|O994|15022018|4|N|S|3.2.00|NA|NA|16022018|I461/O994 I472/I479|16022018|NA|NA|03|0|1|019|64|NA|03042018|1|02042018|NA|1|M|NA|NA|NA|NA|NA|NA|29994
1|2|07022018|NA|850|500200|22041979|438|2|4|2|3|2|6|999992|500580|3|NA|NA|500580|NA|NA|NA|NA|NA|NA|NA|NA|NA|NA|NA|NA|NA|4|2|1|2|NA|NA|1|*R570|*O994*I219*I499|NA|NA|NA|O994|NA|1908|500220|07022018|NA|NA|NA|20180018|N|NA|O994|08032018|3|S|S|3.2.00|3.2|NA|16042018|R570/O994 I219 I499|16032018|NA|NA|03|0|1|068|70|NA|04072018|5|18042018|NA|3|M|NA|NA|NA|NA|NA|NA|30077
1|2|27012018|0515|850|500400|03081983|434|2|1|2|5|5|NA|252210|500370|1|2371375|NA|500370|NA|NA|NA|NA|NA|NA|NA|NA|NA|NA|NA|NA|NA|2|1|3|1|NA|NA|2|*R571|*O141|*O151|*O13X|NA|O151|NA|2792|NA|27012018|NA|NA|NA|20180063|N|NA|O151|01022018|2|N|S|3.2.00|NA|NA|16032018|R571/O141/O151/O13|01022018|NA|NA|08|0|1|048|16|NA|16032018|4|12022018|NA|1|M|NA|NA|NA|NA|NA|NA|30456
1|2|31012018|1940|850|500110|21122003|414|2|4|1|4|2|8|999992|500348|1|2659417|NA|500110|NA|NA|NA|NA|NA|NA|NA|NA|NA|NA|NA|NA|NA|2|1|3|1|NA|NA|2|*R571|*O450|NA|NA|*E872|O450|NA|7910|NA|31012018|NA|NA|NA|20180049|N|NA|O450|02022018|2|N|S|3.2.00|NA|NA|26022018|R571/O450*E872|05022018|NA|NA|04|0|1|026|21|NA|09042018|5|21022018|NA|1|M|NA|NA|NA|NA|NA|NA|30617
1|2|05082018|0720|851|510250|25071994|424|2|4|1|4|3|NA|512110|510550|1|2752603|NA|510550|NA|NA|NA|NA|NA|NA|NA|NA|NA|NA|NA|NA|NA|NA|NA|NA|NA|NA|NA|NA|*O067|*O149|*D65X|*I269|*I469|O149|NA|8664|NA|05082018|NA|NA|NA|20180015|N|NA|O149|17082018|1|S|S|3.2.00|3.2|NA|10092018|O067/O149/D65/I269*I469|10092018|NA|NA|12|0|1|036|NA|NA|NA|NA|NA|NA|NA|NA|NA|NA|NA|NA|NA|NA|31312
1|2|31012018|2120|851|510558|08121995|422|2|4|1|4|3|3|999992|510624|1|2795655|NA|510792|NA|NA|NA|NA|NA|NA|NA|NA|NA|NA|NA|NA|NA|4|2|1|NA|NA|NA|NA|*A419|*K659|*K275|*O909|NA|O909|NA|8351|NA|31012018|NA|NA|NA|20180003|S|01022018|O909|01022018|NA|S|S|3.2.00|3.2|3|02022018|A419/K659/K275/O909|02022018|NA|NA|06|0|1|002|33|NA|25062018|5|05032018|NA|1|M|NA|NA|NA|NA|NA|NA|31733
1|2|23042018|1930|835|351060|09091989|428|2|1|2|3|1|4|999992|521250|1|2441969|NA|522200|NA|NA|NA|NA|NA|NA|NA|NA|NA|NA|NA|NA|NA|2|1|3|1|NA|NA|2|*R571|*O441|NA|NA|NA|O441|NA|2899|NA|23042018|NA|NA|NA|20190057|S|25062019|O441|07052018|1|S|S|3.2.00|3.2|1|15082019|R571/O441|08052018|NA|NA|02|0|1|479|81|NA|12092018|5|13072018|NA|1|R|NA|NA|NA|NA|NA|NA|32600
1|2|30042018|1820|852|520870|18021987|431|2|4|9|9|9|NA|NA|520140|1|9135944|NA|520140|NA|NA|NA|NA|NA|NA|NA|NA|NA|NA|NA|NA|NA|3|1|3|1|NA|NA|1|*J81X|*A419|*R578|*O065*N719|NA|O065|NA|17352|520140|01052018|NA|NA|NA|20190075|S|13092018|R99|13062018|3|S|S|3.2.00|3.2|8|28102019|J81/A419/R578/O065 N719|19062018|NA|NA|09|0|1|546|487|NA|05092019|3|30082019|NA|2|M|NA|NA|NA|NA|NA|NA|32656
1|2|11052018|0334|821|210095|10081986|431|2|4|5|4|2|8|512120|520025|1|2442728|NA|520025|NA|NA|NA|NA|NA|NA|NA|NA|NA|NA|NA|NA|NA|1|1|3|NA|NA|NA|NA|*R092|*O95X|NA|NA|NA|O95|NA|20948|NA|11052018|NA|NA|NA|20190037|S|17052019|O95|16052018|1|S|S|3.2.00|3.2|1|18062019|R092/O95|22052018|NA|NA|04|0|1|403|40|NA|20062018|1|20062018|NA|1|M|NA|NA|NA|NA|NA|NA|34531
1|2|16052018|1640|831|316250|13101982|435|2|4|2|4|3|NA|999992|313740|1|2138875|NA|310560|NA|NA|NA|NA|NA|NA|NA|NA|NA|NA|NA|NA|NA|4|2|1|1|NA|NA|2|*R688|*O159|*O149|*Y836|NA|O159|NA|26891|NA|16052018|NA|NA|NA|20190002|NA|NA|O159|04062018|2|S|S|3.2.02|3.2|NA|31012019|R688/O159/O149/Y836|25062018|NA|NA|12|0|1|260|51|NA|26052019|1|06072018|NA|1|R|NA|NA|NA|NA|NA|NA|36992
1|2|01052018|0154|823|230270|23121998|419|2|4|1|3|2|NA|621005|230270|1|2415488|NA|230420|NA|NA|NA|NA|NA|NA|NA|NA|NA|NA|NA|NA|NA|4|2|1|1|NA|NA|2|*R092|*O995|*O903|*O992|NA|O998|NA|2508|NA|01052018|NA|NA|NA|20180011|S|21052018|O998|10052018|5|S|S|3.2.00|3.2|8|26102018|R092/O995/O903/O992|15052018|NA|NA|11|0|1|178|20|NA|20032019|5|21052018|NA|3|M|NA|NA|NA|NA|NA|NA|37791
1|2|15012018|1330|823|231030|05032002|415|2|4|1|3|2|NA|622005|231126|1|2497654|NA|230440|NA|NA|NA|NA|NA|NA|NA|NA|NA|NA|NA|NA|NA|4|2|1|1|NA|NA|2|*O873|NA|NA|NA|*D688|O873|NA|4960|NA|15012018|NA|NA|NA|20180028|S|12072018|D688|18012018|2|S|S|3.2.00|NA|8|23072018|O873*D688|01022018|NA|NA|11|0|1|189|79|NA|05042018|5|04042018|NA|1|M|NA|NA|NA|NA|NA|NA|38801
1|2|16012018|0752|823|230640|30031991|426|2|4|1|3|2|NA|999992|230640|1|2497654|NA|230440|NA|NA|NA|NA|NA|NA|NA|NA|NA|NA|NA|NA|NA|2|1|3|1|NA|NA|1|*R571|*O679|*O141|NA|NA|O141|NA|12975|230440|16012018|NA|NA|NA|20190020|S|07022018|O141|07022018|4|S|S|3.2.00|NA|5|23052019|R571/O679/O141|19022018|NA|NA|11|0|1|492|134|NA|30052018|4|30052018|NA|1|M|NA|NA|NA|NA|NA|NA|38994
1|2|12012018|1252|823|230440|28041983|434|2|4|2|4|3|NA|521110|230370|1|2481286|NA|230440|NA|NA|NA|NA|NA|NA|NA|NA|NA|NA|NA|NA|NA|4|2|1|1|NA|NA|2|*R688|*O721|*O450|*O459|NA|O450|NA|7766|NA|12012018|NA|NA|NA|20180005|S|29012018|O450|16012018|2|S|S|3.2.00|NA|8|19022018|R688/O721/O450/O459|01022018|NA|NA|12|0|1|038|17|NA|17092018|5|29012018|NA|1|M|NA|NA|NA|NA|NA|NA|39146
1|2|14072018|1007|831|317010|23121985|432|2|2|2|5|5|NA|252105|317010|1|2165481|NA|317010|NA|NA|NA|NA|NA|NA|NA|NA|NA|NA|NA|NA|NA|1|1|3|1|NA|NA|2|*O95X|NA|*O993|NA|*O260*O100|O993|NA|46064|NA|14072018|NA|NA|NA|20180014|N|NA|O993|30072018|1|S|S|3.2.02|3.2|NA|31072018|O95/ /O993*O260 O100|31072018|NA|NA|08|0|1|017|118|NA|09112018|1|09112018|NA|1|M|NA|NA|NA|NA|NA|NA|40639
1|2|04052018|NA|829|292740|12091995|422|2|4|1|4|3|NA|998999|292740|2|0028460|NA|292740|NA|NA|NA|NA|NA|NA|NA|NA|NA|NA|NA|NA|NA|1|1|3|1|NA|NA|1|*R58X|*O009|*O001|NA|*E149*I10X|O001|NA|9020|292740|05052018|NA|NA|NA|20200014|S|18102019|O009|04062018|3|S|S|3.2.02|3.2|8|30012020|R58/O009/O001*E149 I10|08062018|NA|NA|12|0|1|636|277|NA|06022019|1|05022019|NA|2|M|NA|NA|NA|NA|NA|NA|42751
1|2|12062018|1433|829|292740|13081983|434|2|NA|1|4|3|NA|354705|292740|1|0004294|NA|292740|NA|NA|NA|NA|NA|NA|NA|NA|NA|NA|NA|NA|NA|5|2|2|1|NA|NA|2|*W849|*R568*R11X|*G938|*O994*I619|NA|O994|NA|7984|NA|13062018|NA|NA|NA|20190113|S|16012019|I619|07082018|5|S|S|3.2.02|3.2|8|13092019|W849/R568 R11/G938/O994 I619|08082018|NA|NA|12|0|1|458|218|NA|16012019|6|16012019|NA|3|M|NA|NA|NA|NA|NA|NA|42829
1|2|11052018|NA|829|290390|20111989|428|2|4|9|9|9|NA|NA|290390|1|4022718|NA|290390|NA|NA|NA|NA|NA|NA|NA|NA|NA|NA|NA|NA|NA|2|1|3|1|NA|NA|2|*R58X|*O622|*O829|NA|NA|O622|NA|23522|NA|11052018|NA|NA|NA|20180013|N|NA|O622|18052018|1|S|S|3.2.00|3.2|NA|18052018|R58/O622/O829|18052018|NA|NA|09|0|1|007|35|NA|15062018|5|15062018|NA|1|M|NA|NA|NA|NA|NA|NA|44861
1|2|05032018|0830|831|316690|05051984|433|2|4|2|5|4|NA|252305|522010|1|2382474|NA|522010|NA|NA|NA|NA|NA|NA|NA|NA|NA|NA|NA|NA|NA|2|1|3|1|NA|NA|2|*R571|*O711|*O842|NA|NA|O711|NA|8741|NA|05032018|NA|NA|NA|20190039|S|25052018|O711|13032018|5|S|S|3.2.00|3.2|3|01072019|R571/O711/O842|15032018|NA|NA|07|0|1|483|81|NA|20062018|4|25052018|NA|1|R|NA|NA|NA|NA|NA|NA|45347
1|2|16022018|0014|823|230760|29101990|427|2|4|2|5|5|NA|NA|230760|1|7371985|NA|230440|NA|NA|NA|NA|NA|NA|NA|NA|NA|NA|NA|NA|NA|4|2|1|1|NA|NA|2|*K729|*O159|NA|NA|NA|O159|NA|14614|NA|16022018|NA|NA|NA|20180040|S|23022018|O159|08052018|1|S|S|3.2.00|NA|8|24092018|K729/O159|25052018|NA|NA|08|0|1|220|7|NA|27112019|5|23022018|NA|1|M|NA|NA|NA|NA|NA|NA|45606
1|2|06012018|1325|823|230370|03081979|438|2|4|2|4|3|NA|515225|230370|1|2481286|NA|230440|NA|NA|NA|NA|NA|NA|NA|NA|NA|NA|NA|NA|NA|4|2|1|1|NA|NA|1|*J960|*J81X|*O16X|NA|NA|O16|NA|4418|230440|06012018|NA|NA|NA|20180005|S|07022018|O16|07022018|4|S|S|3.2.00|NA|5|19022018|J960/J81/O16|19022018|NA|NA|12|0|1|044|47|NA|17092018|5|22022018|NA|1|M|NA|NA|NA|NA|NA|NA|46165
1|2|06022018|2120|822|220470|30032003|414|2|4|5|3|2|6|999991|220700|1|2777762|NA|220700|NA|NA|NA|NA|NA|NA|NA|NA|NA|NA|NA|NA|NA|1|1|3|1|NA|NA|2|*J960|*D649|*O986*B559|NA|NA|O986|NA|1363|NA|06022018|NA|NA|NA|20180038|NA|NA|O986|07022018|NA|S|S|3.2.00|3.2|NA|21062018|J960/D649/O986 B559|07022018|NA|NA|03|0|1|135|9|NA|11062018|1|15022018|NA|1|M|NA|NA|NA|NA|NA|NA|47017
1|2|06042018|1330|822|220790|31031996|422|2|4|5|3|2|7|621005|220790|1|2772973|NA|220790|NA|NA|NA|NA|NA|NA|NA|NA|NA|NA|NA|NA|NA|2|1|3|1|NA|NA|2|*O95X*T782|*R092|NA|NA|NA|O95|NA|1407|NA|06042018|NA|NA|NA|20180016|S|03052018|O742|18042018|1|S|S|3.2.00|3.2|8|05072018|O95 T782/R092|20042018|NA|NA|03|0|1|090|27|NA|16052018|4|03052018|NA|1|M|NA|NA|NA|NA|NA|NA|47076
1|2|01012018|1740|822|220480|08051992|425|2|4|1|3|2|5|999992|220470|1|2777789|NA|221130|NA|NA|NA|NA|NA|NA|NA|NA|NA|NA|NA|NA|NA|3|1|3|1|NA|NA|2|*O754|*O751|*O151|*O149|*O699|O151|NA|826|NA|03012018|NA|NA|NA|20180002|N|NA|O151|17012018|5|S|S|3.2.00|3.2|NA|17012018|O754/O751/O151/O149*O699|17012018|NA|NA|03|0|1|016|45|NA|27032018|4|15022018|NA|1|M|NA|NA|NA|NA|NA|NA|47507
1|2|13082018|2121|829|290720|16021982|436|2|2|1|9|9|NA|621005|290720|1|2388928|NA|290720|NA|NA|NA|NA|NA|NA|NA|NA|NA|NA|NA|NA|NA|4|2|1|1|NA|NA|2|*A419|*O864|NA|NA|*E149|O864|NA|26922|NA|13082018|NA|NA|NA|20180010|N|NA|O864|23082018|5|S|S|3.2.02|3.2|NA|12092018|A419/O864*E149|12092018|NA|NA|09|0|1|030|59|NA|11102018|5|11102018|NA|1|M|NA|NA|NA|NA|NA|NA|53127
1|2|22062018|1315|826|260160|21021978|440|2|4|5|NA|NA|NA|621005|290020|1|2304295|NA|290020|NA|NA|NA|NA|NA|NA|NA|NA|NA|NA|NA|NA|NA|4|2|1|1|NA|NA|2|*R092|*O152|NA|NA|NA|O152|NA|32042|NA|22062018|NA|NA|NA|20190054|S|20082018|O152|06072018|1|S|S|3.2.00|3.2|8|23052019|R092/O152|06072018|NA|NA|NA|0|1|335|59|NA|31052019|5|20082018|NA|1|M|NA|NA|NA|NA|NA|NA|53426
1|2|11062018|0035|835|352940|01102002|415|2|4|1|3|2|NA|999991|290670|1|2386569|NA|290460|NA|NA|NA|NA|NA|NA|NA|NA|NA|NA|NA|NA|NA|1|1|3|1|NA|NA|2|*J960|*J81X|*O149|*O13X|NA|O13|NA|23459|NA|11062018|NA|NA|NA|20190011|NA|NA|O13|25062018|2|S|S|3.2.02|3.2|NA|22102019|J960/J81/O149/O13|03072018|NA|NA|11|0|1|498|528|NA|21112019|1|21112019|NA|1|M|NA|NA|NA|NA|NA|NA|53865
1|2|25042018|0825|816|160030|08061992|425|2|2|9|9|9|NA|999992|150030|1|2021064|NA|160060|NA|NA|NA|NA|NA|NA|NA|NA|NA|NA|NA|NA|NA|9|9|9|9|NA|NA|9|*J81X|*A419|*O759*J80X|NA|NA|O759|NA|883|NA|25042018|NA|NA|NA|20190036|NA|NA|J80|30052018|1|S|S|3.2.00|3.2|NA|03122019|J81/A419/O759 J80|04062018|NA|NA|09|0|1|587|582|NA|28112019|5|28112019|NA|1|M|NA|NA|NA|NA|NA|NA|54348
1|2|13032018|2350|821|210405|23091987|430|2|4|1|2|1|NA|621005|210405|1|3008045|NA|210530|NA|NA|NA|NA|NA|NA|NA|NA|NA|NA|NA|NA|NA|5|2|2|1|NA|NA|2|*O994|*I608|*I678|NA|NA|O994|NA|6877|NA|13032018|NA|NA|NA|20180009|NA|NA|O994|28032018|5|S|S|3.2.02|3.2|NA|28032018|O994/I608/I678|28032018|NA|NA|10|0|1|015|73|NA|21062018|6|25052018|NA|1|M|NA|NA|NA|NA|NA|NA|55382
1|2|04052018|1900|821|210580|26121983|434|2|4|5|4|2|8|621005|210594|1|2307707|NA|210580|NA|NA|NA|NA|NA|NA|NA|NA|NA|NA|NA|NA|NA|NA|NA|NA|NA|NA|NA|NA|*O882|*O829|NA|NA|NA|O882|NA|1669|NA|07052018|NA|NA|NA|20180004|N|NA|O882|09052018|1|S|S|3.2.02|3.2|NA|24052018|O882/O829|24052018|NA|NA|04|0|1|020|193|NA|29112018|5|13112018|NA|1|M|NA|NA|NA|NA|NA|NA|55636
1|2|17032018|2210|821|210320|24111995|422|2|4|1|4|3|NA|621005|210320|1|2452820|NA|210320|NA|NA|NA|NA|NA|NA|NA|NA|NA|NA|NA|NA|NA|2|1|3|1|NA|NA|9|*R092|*D65X|*O881|NA|NA|O881|NA|2928|NA|17032018|NA|NA|NA|20180005|NA|NA|O881|10042018|NA|S|S|3.2.02|3.2|NA|12042018|R092/D65/O881|12042018|NA|NA|12|0|1|026|39|NA|15062018|4|25042018|NA|1|M|NA|NA|NA|NA|NA|NA|56195
1|2|26032018|1600|821|210730|18101980|437|2|4|2|4|2|8|621005|210730|4|NA|NA|210800|NA|NA|NA|NA|NA|NA|NA|NA|NA|NA|NA|NA|NA|4|2|1|NA|NA|NA|NA|*R571|*D509|*O24X|*I95X|NA|O249|NA|7122|NA|26032018|NA|NA|NA|20180004|NA|NA|O24|05042018|2|S|S|3.2.00|3.2|NA|05042018|R571/D509/O24/I95|05042018|NA|NA|04|0|1|010|135|NA|03092018|4|08082018|NA|1|M|NA|NA|NA|NA|NA|NA|56424
1|2|05022018|1810|821|211003|19011994|424|2|2|2|4|3|3|622020|211280|1|2308762|NA|211130|NA|NA|NA|NA|NA|NA|NA|NA|NA|NA|NA|NA|NA|4|2|1|1|NA|NA|2|*R570|*I500|*I420|*O101|NA|O101|NA|3184|NA|05022018|NA|NA|NA|20180025|N|NA|O101|21022018|2|S|S|3.2.02|3.2|NA|30052018|R570/I500/I420/O101|21022018|NA|NA|06|0|1|114|105|NA|11072018|5|21052018|NA|1|M|NA|NA|NA|NA|NA|NA|56888
1|2|18022018|0024|821|210070|15091981|436|2|4|1|5|5|NA|223505|211130|1|2309254|NA|211130|NA|NA|NA|NA|NA|NA|NA|NA|NA|NA|NA|NA|NA|1|1|3|1|NA|NA|1|NA|*R049|*R104|NA|*O075|O075|NA|7392|211130|18022018|NA|NA|NA|20180045|S|18022018|M318|20022018|4|S|S|3.2.02|3.2|5|25102018|/R049/R104*O075|21022018|NA|NA|08|0|1|249|51|NA|08062018|3|10042018|NA|2|M|NA|NA|NA|NA|NA|NA|57205
1|2|16072018|0040|843|430463|29121993|424|2|1|1|3|2|NA|NA|432160|1|2793008|NA|432160|NA|NA|NA|NA|NA|NA|NA|NA|NA|NA|NA|NA|NA|4|2|1|1|NA|NA|2|*A499|*R570|*J80X|*O995*J09X|NA|O995|NA|33502|NA|16072018|NA|NA|NA|20200005|S|03072019|J111|27092018|1|S|S|3.2.00|3.2|8|22012020|A499/R570/J80/O995 J09|28092018|NA|NA|11|0|1|555|330|NA|04092019|5|11062019|NA|1|R|NA|NA|NA|NA|NA|NA|57877
1|2|31072018|1645|843|431490|15052000|418|2|2|1|3|2|NA|999991|432160|1|2793008|NA|432160|NA|NA|NA|NA|NA|NA|NA|NA|NA|NA|NA|NA|NA|1|1|3|9|NA|NA|2|*A419|*J988|NA|NA|*B24X*N179|B207|NA|30545|NA|31072018|NA|NA|NA|20190025|S|10062019|B207|27092018|2|S|S|3.2.00|3.2|8|17072019|A419/J988*B24 N179|28092018|NA|NA|11|0|1|351|310|NA|05072019|1|06062019|NA|1|R|NA|NA|NA|NA|NA|NA|58188
1|2|14112018|1310|843|431350|03111976|442|2|1|2|5|5|NA|141410|431350|1|2257815|NA|431350|NA|NA|NA|NA|NA|NA|NA|NA|NA|NA|NA|NA|NA|4|2|1|NA|NA|NA|NA|*R092|*O751|NA|NA|NA|O751|NA|33310|NA|14112018|NA|NA|NA|20190001|NA|NA|O751|03012019|5|S|S|3.2.00|3.2|NA|07012019|R092/O751|07012019|NA|NA|08|0|1|054|79|NA|08032019|5|01022019|NA|1|R|NA|NA|NA|NA|NA|NA|58692
1|2|21012018|1330|835|351060|19031980|437|2|2|2|5|5|NA|413205|351060|1|2083191|NA|351060|NA|NA|NA|NA|NA|NA|NA|NA|NA|NA|NA|NA|NA|1|1|3|1|NA|NA|2|*O996*K859|*A419|*K913|NA|NA|O996|NA|43654|NA|21012018|NA|NA|NA|20180034|S|23032018|K859|23022018|1|S|S|3.2.00|3.2|8|22082018|O996 K859/A419/K913|28022018|NA|NA|08|0|1|213|61|NA|17042018|1|23032018|NA|1|M|NA|NA|NA|NA|NA|NA|59495
1|2|13052018|2225|817|170900|17051986|431|2|1|2|4|3|NA|421125|172025|1|2786117|NA|172100|NA|NA|NA|NA|NA|NA|NA|NA|NA|NA|NA|NA|NA|4|2|1|1|NA|NA|2|*J960|*Y841|*N179|*O995*J100|*L89X*O150|O995|NA|3895|NA|13052018|NA|NA|NA|20190061|S|27092018|R99|16052018|1|S|S|3.2.00|3.2|8|18102019|J960/Y841/N179/O995 J100*L89 O150|21052018|NA|NA|12|0|1|523|137|NA|27092018|5|27092018|NA|1|M|NA|NA|NA|NA|NA|NA|62142
1|2|01052018|0900|817|170950|04041985|433|2|4|4|3|2|NA|516110|170950|1|2786109|NA|170950|NA|NA|NA|NA|NA|NA|NA|NA|NA|NA|NA|NA|NA|4|2|1|1|NA|NA|2|*A419|*O85X|NA|NA|*O13X|O85|NA|2657|NA|01052018|NA|NA|NA|20190062|S|05072018|O85|04052018|1|S|S|3.2.00|3.2|8|18102019|A419/O85*O13|07052018|NA|NA|11|0|1|535|65|NA|09072018|5|05072018|NA|1|M|NA|NA|NA|NA|NA|NA|63310
1|2|17022018|1425|841|412230|15101997|420|2|1|5|3|2|NA|999992|410180|1|5995280|NA|410180|NA|NA|NA|NA|NA|NA|NA|NA|NA|NA|NA|NA|NA|4|2|1|1|NA|NA|2|*O993|*W789|*R568|NA|NA|O993|NA|36999|NA|17022018|NA|NA|NA|20200003|S|21022018|W78|21022018|1|S|S|3.2.02|3.2|1|22012020|O993/W789/R568|21022018|NA|NA|11|0|1|704|24|NA|13032018|5|13032018|NA|2|M|NA|NA|NA|NA|NA|NA|64778
1|2|19022018|2320|831|313920|18071973|444|2|4|1|3|2|5|999992|410550|1|2733676|NA|410550|NA|NA|NA|NA|NA|NA|NA|NA|NA|NA|NA|NA|NA|4|2|1|1|NA|NA|2|*R570|*O903|NA|NA|*O140|O903|NA|22462|NA|19022018|NA|NA|NA|20180014|S|08032018|O903|20022018|1|S|S|3.2.02|3.2|1|13072018|R570/O903*O140|23022018|NA|NA|03|0|1|144|73|NA|25072018|5|03052018|NA|2|E|NA|NA|NA|NA|NA|NA|66451
1|2|20022018|1950|841|410550|16081996|421|2|4|1|4|3|1|999992|410550|1|2733676|NA|410550|NA|NA|NA|NA|NA|NA|NA|NA|NA|NA|NA|NA|NA|4|2|1|1|NA|NA|2|*R571|*O721|NA|NA|*F192|O721|NA|19171|NA|20022018|NA|NA|NA|20190005|S|08032018|O622|21022018|1|S|S|3.2.02|3.2|1|22022019|R571/O721*F192|23022018|NA|NA|05|0|1|367|16|NA|25072018|5|08032018|NA|3|E|NA|NA|NA|NA|NA|NA|66452
1|2|23082018|1740|841|410550|24091980|437|2|1|2|4|3|3|763215|410550|1|2733676|NA|410550|NA|NA|NA|NA|NA|NA|NA|NA|NA|NA|NA|NA|NA|4|2|1|1|NA|NA|2|*R571|*O622|*O441|NA|*B181|O441|NA|36884|NA|23082018|NA|NA|NA|20180021|S|06092018|O721|24082018|1|S|S|3.2.02|3.2|1|19102018|R571/O622/O441*B181|03092018|NA|NA|06|0|1|057|8|NA|20092018|5|31082018|NA|3|E|NA|NA|NA|NA|NA|NA|67698
1|2|28062018|1100|841|411790|03081988|429|2|1|5|3|2|5|999992|411790|1|4054695|NA|411790|NA|NA|NA|NA|NA|NA|NA|NA|NA|NA|NA|NA|NA|1|1|3|2|NA|NA|2|*J960|*O995|NA|NA|*F172*A151|O995|NA|31972|NA|28062018|NA|NA|NA|20190028|S|05072018|O995|02072018|1|S|S|3.2.00|3.2|1|13092019|J960/O995*F172 A151|02072018|NA|NA|03|0|1|442|7|NA|17082018|1|05072018|NA|3|M|NA|NA|NA|NA|NA|NA|68625
1|2|14102018|0945|821|210120|03021995|423|2|4|1|3|2|NA|NA|140010|1|2319659|NA|140010|NA|NA|NA|NA|NA|NA|NA|NA|NA|NA|NA|NA|NA|4|2|1|1|NA|NA|2|*R578|*A418|*O055|NA|*J81X|O055|NA|1993|NA|14102018|NA|NA|NA|20180067|N|NA|O055|24102018|2|S|S|3.2.02|3.2|NA|26102018|R578/A418/O055*J81|26102018|NA|NA|11|0|1|012|16|NA|30112018|3|30102018|NA|1|M|NA|NA|NA|NA|NA|NA|69742
1|2|18102018|0940|814|140010|30111985|432|2|4|2|4|3|NA|999992|140010|1|2319659|NA|140010|NA|NA|NA|NA|NA|NA|NA|NA|NA|NA|NA|NA|NA|4|2|1|1|NA|NA|2|*E872|*R571|*O438|NA|NA|O438|NA|1275|NA|18102018|NA|NA|NA|20180067|N|NA|O438|24102018|1|S|S|3.2.02|3.2|NA|26102018|E872/R571/O438|26102018|NA|NA|12|0|1|008|12|NA|12122018|5|30102018|NA|1|M|NA|NA|NA|NA|NA|NA|69753
1|2|06082018|0821|828|280130|20071974|444|2|4|5|9|9|NA|512120|280130|1|2612348|NA|280130|NA|NA|NA|NA|NA|NA|NA|NA|NA|NA|NA|NA|NA|2|1|3|9|NA|NA|2|*R571|*I879|*O720|NA|*I862|O720|NA|2828|NA|06082018|NA|NA|NA|20190010|S|09042019|I862|07082018|5|S|S|3.2.00|3.2|2|04102019|R571/I879/O720*I862|07082018|NA|NA|09|0|1|424|290|NA|03062019|1|23052019|NA|1|M|NA|NA|NA|NA|NA|NA|71240
1|2|19062018|1750|828|280550|03111979|438|2|4|2|4|3|3|322205|280480|1|2658496|NA|280030|NA|NA|NA|NA|NA|NA|NA|NA|NA|NA|NA|NA|NA|4|2|1|1|NA|NA|2|*D65X|*K729|*D689|*O266|NA|O266|NA|3994|NA|19062018|NA|NA|NA|20190004|S|03082018|O998|26062018|2|S|S|3.2.00|3.2|2|25022019|D65/K729/D689/O266|10072018|NA|NA|06|0|1|251|55|NA|13082018|5|13082018|NA|1|M|NA|NA|NA|NA|NA|NA|72120
1|2|03072018|0730|828|280210|05031988|430|2|4|1|4|3|3|516110|280480|1|5129753|NA|280480|NA|NA|NA|NA|NA|NA|NA|NA|NA|NA|NA|NA|NA|1|1|3|2|NA|NA|2|NA|*R570|*J81X|*O994*I500|NA|O994|NA|2904|280030|03072018|NA|NA|NA|20190004|S|04102018|J459|11072018|4|S|S|3.2.00|3.2|2|25022019|/R570/J81/O994 I500|25072018|NA|NA|06|0|1|237|83|NA|24092018|1|24092018|NA|2|M|NA|NA|NA|NA|NA|NA|72463
1|2|13062018|1930|811|110020|10071997|420|2|4|1|5|4|NA|142105|280030|1|6137040|NA|280030|NA|NA|NA|NA|NA|NA|NA|NA|NA|NA|NA|NA|NA|4|2|1|1|NA|NA|2|*D593|*O723|NA|NA|NA|O723|NA|3694|NA|13062018|NA|NA|NA|20180012|S|13062018|O723|14062018|2|S|S|3.2.00|3.2|1|27062018|D593/O723|27062018|NA|NA|07|0|1|014|0|NA|05122018|5|13062018|NA|2|M|NA|NA|NA|NA|NA|NA|73104
1|2|11022018|0400|828|280030|26091979|438|2|2|4|5|5|NA|231205|280030|1|0002232|NA|280030|NA|NA|NA|NA|NA|NA|NA|NA|NA|NA|NA|NA|NA|5|2|2|1|NA|NA|2|*J81X|*O159|NA|NA|NA|O159|NA|2741|NA|11022018|NA|NA|NA|20180009|S|06032018|O149|13032018|2|S|S|3.2.00|3.2|1|10052018|J81/O159|26032018|NA|NA|08|0|1|088|23|NA|08052018|5|06032018|NA|3|M|NA|NA|NA|NA|NA|NA|73498
1|2|12022018|1650|828|280030|06091984|433|2|4|1|2|1|3|999992|280030|1|0002232|NA|280030|NA|NA|NA|NA|NA|NA|NA|NA|NA|NA|NA|NA|NA|5|2|2|1|NA|NA|2|*A419|*O411|*O429|NA|NA|O411|NA|2741|NA|12022018|NA|NA|NA|20180010|S|06032018|O85|13032018|2|S|S|3.2.00|3.2|1|28052018|A419/O411/O429|26032018|NA|NA|01|0|1|105|5|NA|21052018|6|17022018|NA|3|M|NA|NA|NA|NA|NA|NA|73547
1|2|31052018|0920|828|280570|02121982|435|2|4|2|4|3|3|NA|280030|1|6137040|NA|280030|NA|NA|NA|NA|NA|NA|NA|NA|NA|NA|NA|NA|NA|4|2|1|1|NA|NA|2|*R570|*O109|NA|NA|NA|O109|NA|3823|NA|31052018|NA|NA|NA|20180022|S|13062018|O469|08062018|2|S|S|3.2.00|3.2|1|10122018|R570/O109|11062018|NA|NA|06|0|1|193|13|NA|05122018|5|13062018|NA|2|M|NA|NA|NA|NA|NA|NA|73611
1|2|16062018|0040|853|530010|27081989|428|2|1|1|3|2|NA|999992|520025|1|0010537|NA|530010|NA|NA|NA|NA|NA|NA|NA|NA|NA|NA|NA|NA|NA|4|2|1|1|NA|NA|2|*R579|*O411|*O429|*O234|*I472|O234|NA|7516|NA|16062018|NA|NA|NA|20180051|S|02082018|O411|05072018|2|S|S|3.2.00|3.2|1|20112018|R579/O411/O429/O234*I472|06072018|NA|NA|11|0|1|157|47|NA|29112018|5|02082018|NA|2|M|NA|NA|NA|NA|NA|NA|77988
1|2|10032018|0525|822|221100|28021982|436|2|2|3|5|5|NA|239415|520025|1|0010537|NA|530010|NA|NA|NA|NA|NA|NA|NA|NA|NA|NA|NA|NA|NA|4|2|1|1|NA|NA|2|*O459|*O149|*O11X|NA|*O109*E669|O11|NA|7516|NA|10032018|NA|NA|NA|20190027|S|04022019|O235|20042018|2|S|S|3.2.00|3.2|1|23052019|O459/O149/O11*O109 E669|27042018|NA|NA|08|0|1|439|96|NA|14102019|5|14062018|NA|3|E|NA|NA|NA|NA|NA|NA|78363
1|2|17032018|2034|853|530010|13101997|420|2|1|1|4|3|NA|999992|530010|1|0010537|NA|530010|NA|NA|NA|NA|NA|NA|NA|NA|NA|NA|NA|NA|NA|4|2|1|1|NA|NA|2|*A419*R579|*O991|NA|NA|*C910*D70X*O046|O991|NA|14586|NA|17032018|NA|NA|NA|20190065|S|29082018|C910|26032018|2|S|S|3.2.00|3.2|8|31102019|A419 R579/O991*C910 D70 O046|29032018|NA|NA|12|0|1|593|165|NA|26112019|5|29082018|NA|3|M|NA|NA|NA|NA|NA|NA|78364
1|2|03052018|1820|831|314270|08041990|428|2|1|1|3|2|NA|512120|521250|1|0010537|NA|530010|NA|NA|NA|NA|NA|NA|NA|NA|NA|NA|NA|NA|NA|3|1|3|1|NA|NA|2|*A419|*O411|*O069|NA|NA|O411|NA|19175|NA|03052018|NA|NA|NA|20190012|S|13092018|O411|19062018|5|S|S|3.2.00|3.2|1|08032019|A419/O411/O069|21062018|NA|NA|11|0|1|309|133|NA|29112018|3|13092018|NA|1|M|NA|NA|NA|NA|NA|NA|78365
1|2|04062018|0850|829|292840|15061989|428|2|4|1|4|3|NA|999993|530010|1|0010537|NA|530010|NA|NA|NA|NA|NA|NA|NA|NA|NA|NA|NA|NA|NA|4|2|1|1|NA|NA|2|*J960|*J81X|*R570|*O149|NA|O149|NA|14586|NA|04062018|NA|NA|NA|20190005|S|17092018|O149|07082018|2|S|S|3.2.00|3.2|1|31012019|J960/J81/R570/O149|14082018|NA|NA|12|0|1|241|105|NA|29112018|5|17092018|NA|1|M|NA|NA|NA|NA|NA|NA|78366
1|2|28072018|0405|831|314610|26011993|425|2|4|9|9|9|NA|999992|314610|1|2200945|NA|314000|NA|NA|NA|NA|NA|NA|NA|NA|NA|NA|NA|NA|NA|NA|NA|NA|NA|NA|NA|NA|*O882|NA|NA|NA|NA|O882|NA|55645|313190|29072018|NA|NA|NA|20200002|NA|NA|O882|08102018|3|S|S|3.2.00|3.2|NA|15012020|O882|17102018|NA|NA|09|0|1|536|124|NA|15012020|5|29112018|NA|1|M|NA|NA|NA|NA|NA|NA|78893
1|2|19032018|0945|827|270030|14041996|421|2|4|1|4|2|8|999992|313440|1|2206595|NA|317010|NA|NA|NA|NA|NA|NA|NA|NA|NA|NA|NA|NA|NA|1|1|3|1|NA|NA|1|*O230|NA|NA|NA|NA|O230|NA|41068|NA|19032018|NA|NA|NA|20190016|S|08082019|O882|26032018|5|S|S|3.2.02|3.2|8|02092019|O230|28032018|NA|NA|04|0|1|532|239|NA|30082019|1|13112018|NA|3|M|NA|NA|NA|NA|NA|NA|79846
1|2|01042018|2310|831|317010|06071978|439|2|1|9|4|2|8|516120|317010|1|2206595|NA|317010|NA|NA|NA|NA|NA|NA|NA|NA|NA|NA|NA|NA|NA|1|1|3|1|NA|NA|2|*R570|*J81X|*O109|NA|*E149*I10X|O109|NA|42633|317010|01042018|NA|NA|NA|20190013|S|15072019|I255|11042018|4|S|S|3.2.02|3.2|8|18072019|R570/J81/O109*E149 I10|17052018|NA|NA|04|0|1|473|123|NA|02082018|1|02082018|NA|1|M|NA|NA|NA|NA|NA|NA|79956
1|2|31012018|1130|815|150720|01051990|427|2|4|5|3|2|NA|513405|150550|1|2752700|NA|150140|NA|NA|NA|NA|NA|NA|NA|NA|NA|NA|NA|NA|NA|4|2|1|1|NA|NA|2|*O980*A162|NA|NA|NA|*O809|O980|NA|6995|NA|31012018|NA|NA|NA|20200017|S|13062018|A162|22022018|5|S|S|3.2.00|3.2|3|17022020|O980 A162*O809|28022018|NA|NA|11|0|1|747|78|NA|20042018|5|19042018|NA|1|M|NA|NA|NA|NA|NA|NA|80270
1|2|02032018|1228|815|150140|06071990|427|2|4|2|4|3|NA|999992|150080|1|2615835|NA|150080|NA|NA|NA|NA|NA|NA|NA|NA|NA|NA|NA|NA|NA|4|2|1|1|NA|NA|2|*I469|*O888|*O639|NA|*O140|O639|NA|3859|NA|02032018|NA|NA|NA|20200008|S|05032018|I269|12032018|1|S|S|3.2.02|3.2|3|18022020|I469/O888/O639*O140|16032018|NA|NA|12|0|1|718|46|NA|06022020|5|17042018|NA|2|M|NA|NA|NA|NA|NA|NA|80509
1|2|14022018|0040|815|150085|28041998|419|2|4|2|5|4|NA|999991|150506|1|2752700|NA|150140|NA|NA|NA|NA|NA|NA|NA|NA|NA|NA|NA|NA|NA|4|2|1|1|NA|NA|2|*J960|*L033|*O829|*O152|NA|O152|NA|4788|NA|14022018|NA|NA|NA|20200017|S|15032018|O152|15032018|1|S|S|3.2.00|3.2|3|17022020|J960/L033/O829/O152|23032018|NA|NA|07|0|1|733|113|NA|07062018|5|07062018|NA|1|M|NA|NA|NA|NA|NA|NA|80651
1|2|21022018|0331|815|150330|16041994|423|2|4|1|2|1|NA|999992|150330|1|2752700|NA|150140|NA|NA|NA|NA|NA|NA|NA|NA|NA|NA|NA|NA|NA|4|2|1|1|NA|NA|2|*O152|*O829|NA|NA|NA|O152|NA|6995|NA|21022018|NA|NA|NA|20200017|S|01032018|O152|22022018|5|S|S|3.2.00|3.2|3|17022020|O152/O829|28022018|NA|NA|10|0|1|726|323|NA|10012019|5|10012019|NA|1|M|NA|NA|NA|NA|NA|NA|80975
1|2|03032018|1900|815|150190|31102002|415|2|2|1|4|3|NA|999991|150190|1|2752700|NA|150140|NA|NA|NA|NA|NA|NA|NA|NA|NA|NA|NA|NA|NA|4|2|1|1|NA|NA|2|*J80X|*J690*A419|*O13X|NA|*O829|O13|NA|4190|NA|03032018|NA|NA|NA|20200017|S|10052018|O13|09042018|2|S|S|3.2.00|3.2|4|17022020|J80/J690 A419/O13*O829|12042018|NA|NA|12|0|1|716|125|NA|06072018|5|06072018|NA|1|M|NA|NA|NA|NA|NA|NA|81420
1|2|02042018|0910|835|351570|18081986|431|2|4|5|2|1|NA|NA|291470|1|9054162|NA|291470|NA|NA|NA|NA|NA|NA|NA|NA|NA|NA|NA|NA|NA|1|1|3|NA|NA|NA|NA|*R092|*I269|*Y838*O009|NA|NA|O009|NA|30823|NA|02042018|NA|NA|NA|20190039|S|23052018|O009|05042018|NA|S|S|3.2.00|3.2|8|15102019|R092/I269/Y838 O009|06042018|NA|NA|10|0|1|561|51|NA|01102018|5|23052018|NA|1|M|NA|NA|NA|NA|NA|NA|85835
1|2|20042018|0940|829|292285|15051989|428|2|4|1|9|9|NA|621005|292285|1|2470098|NA|291470|NA|NA|NA|NA|NA|NA|NA|NA|NA|NA|NA|NA|NA|4|2|1|1|NA|NA|2|*R092|*R571|*O722|*D259*O998|NA|O998|NA|2802|NA|20042018|NA|NA|NA|20180024|S|20042018|O998|25042018|NA|S|S|3.2.00|3.2|3|16052018|R092/R571/O722/D259 O998|25042018|NA|NA|09|0|1|026|178|NA|15102018|5|15102018|NA|1|M|NA|NA|NA|NA|NA|NA|85933
1|2|22052018|0420|829|293280|25062000|417|2|4|1|4|3|NA|999992|290405|1|2470098|NA|291470|NA|NA|NA|NA|NA|NA|NA|NA|NA|NA|NA|NA|NA|2|1|3|1|NA|NA|2|*R092|*R230|*O753|NA|NA|O753|NA|15648|NA|22052018|NA|NA|NA|20180026|N|NA|O753|30052018|1|S|S|3.2.00|3.2|NA|30052018|R092/R230/O753|30052018|NA|NA|12|0|1|008|8|NA|24072019|4|30052018|NA|1|R|NA|NA|NA|NA|NA|NA|86025
1|2|06052018|0250|822|220550|05021995|423|2|4|1|NA|NA|NA|NA|220220|5|NA|NA|221100|NA|NA|NA|NA|NA|NA|NA|NA|NA|NA|NA|NA|NA|1|1|3|1|NA|NA|1|*R571|*K661|*O001|NA|NA|O001|NA|2351|221100|06052018|NA|NA|NA|20180087|N|NA|O001|23052018|4|S|S|3.2.00|3.2|NA|24052018|R571/K661/O001|23052018|NA|NA|NA|0|1|018|136|NA|21092018|1|19092018|NA|1|M|NA|NA|NA|NA|NA|NA|87090
1|2|30032018|0650|823|230310|13041984|433|2|4|2|4|3|NA|NA|230310|1|3021114|NA|231290|NA|NA|NA|NA|NA|NA|NA|NA|NA|NA|NA|NA|NA|4|2|1|1|NA|NA|2|*J969|*O995*J81X|NA|NA|NA|O995|NA|10754|NA|30032018|NA|NA|NA|20190013|S|25062018|J81|12042018|2|S|S|3.2.00|3.2|8|01082019|J969/O995 J81|16042018|NA|NA|12|0|1|489|87|NA|26062018|5|25062018|NA|1|M|NA|NA|NA|NA|NA|NA|88062
1|2|28062018|2325|831|314330|24081996|421|2|4|1|4|3|NA|999991|314330|1|2149990|NA|314330|NA|NA|NA|NA|NA|NA|NA|NA|NA|NA|NA|NA|NA|5|2|2|NA|NA|NA|NA|*A419|*R570|*O903|NA|NA|O903|NA|25550|NA|28062018|NA|NA|NA|20190060|S|NA|I519|09072018|2|S|S|3.2.02|3.2|1|15102019|A419/R570/O903|16072018|NA|NA|12|0|1|474|239|NA|28022019|6|22022019|NA|1|M|NA|NA|NA|NA|NA|NA|89841
1|2|10032018|1245|821|210290|14071992|425|2|4|5|4|3|NA|622020|210632|1|2457121|NA|210467|NA|NA|NA|NA|NA|NA|NA|NA|NA|NA|NA|NA|NA|NA|NA|NA|NA|NA|NA|NA|*Q722|*O820|NA|NA|NA|O759|NA|3049|NA|12032018|NA|NA|NA|20180004|NA|NA|O759|26032018|2|S|S|3.2.00|3.2|NA|10042018|Q722/O820|10042018|NA|NA|12|0|1|031|622|NA|25112019|5|22112019|NA|3|M|NA|NA|NA|NA|NA|NA|89876
1|2|28042018|0640|821|210850|10031985|433|2|4|2|4|3|1|516345|210232|1|2463016|NA|210005|NA|NA|NA|NA|NA|NA|NA|NA|NA|NA|NA|NA|NA|8|2|3|1|NA|NA|2|*R092|*D62X|*O721|NA|NA|O721|NA|2392|NA|28042018|NA|NA|NA|20190002|N|NA|O721|04052018|NA|S|S|3.2.00|3.2|NA|07022019|R092/D62/O721|22052018|NA|NA|05|0|1|285|93|NA|30072018|5|30072018|NA|1|M|NA|NA|NA|NA|NA|NA|90479
1|2|05052018|0448|821|211000|02021998|420|2|4|5|3|2|5|621005|210203|1|2463016|NA|210005|NA|NA|NA|NA|NA|NA|NA|NA|NA|NA|NA|NA|NA|4|2|1|1|NA|NA|2|*A419|*R100|*R650|*O235|NA|O235|NA|7257|NA|05052018|NA|NA|NA|20190002|N|NA|O235|09052018|1|S|S|3.2.00|3.2|NA|07022019|A419/R100/R650/O235|22052018|NA|NA|03|0|1|278|50|NA|17092018|5|24062018|NA|1|M|NA|NA|NA|NA|NA|NA|90979
1|2|27052018|2002|823|230440|23031995|423|2|4|2|4|3|2|999992|230625|1|2529068|NA|230440|NA|NA|NA|NA|NA|NA|NA|NA|NA|NA|NA|NA|NA|1|1|3|1|NA|NA|1|*O994*R571|*I719|NA|NA|*A504|O994|NA|15147|230440|28052018|NA|NA|NA|20190039|S|20072018|I719|20062018|4|S|S|3.2.00|NA|2|06112019|O994 R571/I719*A504|27062018|NA|NA|05|0|1|528|40|NA|16102019|4|06072018|NA|2|M|NA|NA|NA|NA|NA|NA|93192
1|2|09062018|1635|823|230440|29101989|428|2|4|2|4|3|NA|999992|230440|1|2415631|NA|230440|NA|NA|NA|NA|NA|NA|NA|NA|NA|NA|NA|NA|NA|4|2|1|1|NA|NA|1|*O882|NA|NA|NA|NA|O882|NA|8693|230440|09062018|NA|NA|NA|20180047|S|19062018|O882|20062018|4|S|S|3.2.00|NA|3|08112018|O882|27062018|NA|NA|12|0|1|152|249|NA|13022019|5|13022019|NA|1|M|NA|NA|NA|NA|NA|NA|93206
1|2|12032018|1410|821|211280|13021979|439|2|NA|5|4|2|8|512105|150553|1|2615746|NA|150553|NA|NA|NA|NA|NA|NA|NA|NA|NA|NA|NA|NA|NA|4|2|1|1|NA|NA|2|*I64X|*R568|*O159|*O16X|NA|O150|NA|7554|NA|12032018|NA|NA|NA|20190022|S|26042018|O159|13032018|1|S|S|3.2.02|3.2|8|26072019|I64/R568/O159/O16|16032018|NA|NA|04|0|1|501|45|NA|05082019|5|26042018|NA|1|M|NA|NA|NA|NA|NA|NA|93601
1|2|29042018|2235|817|170290|28081998|419|2|4|2|4|2|8|612005|150370|1|2615711|NA|150370|NA|NA|NA|NA|NA|NA|NA|NA|NA|NA|NA|NA|NA|1|1|3|1|NA|NA|9|*O150|*O149|*O13X|*N179|NA|O150|NA|3311|NA|29042018|NA|NA|NA|20190004|S|13112018|O150|08052018|5|S|S|3.2.02|3.2|2|07032019|O150/O149/O13/N179|10052018|NA|NA|04|0|1|312|198|NA|13112018|1|13112018|NA|2|M|NA|NA|NA|NA|NA|NA|94068
1|2|28052018|0500|821|210260|04121991|426|2|4|5|2|1|NA|NA|150745|1|2333430|NA|150745|NA|NA|NA|NA|NA|NA|NA|NA|NA|NA|NA|NA|NA|4|2|1|NA|NA|NA|NA|*I64X|*O994|NA|NA|NA|O994|NA|3847|NA|28052018|NA|NA|NA|20200007|S|14112018|I64|29052018|NA|S|S|3.2.02|3.2|2|14022020|I64/O994|30052018|NA|NA|10|0|1|627|162|NA|14112018|5|06112018|NA|1|M|NA|NA|NA|NA|NA|NA|94469
1|2|16052018|1420|821|210542|21122002|415|2|4|1|4|3|NA|NA|150618|1|5599504|NA|150420|NA|NA|NA|NA|NA|NA|NA|NA|NA|NA|NA|NA|NA|4|2|1|1|NA|NA|2|*O152|*Y838|NA|NA|NA|O152|NA|10469|NA|16052018|NA|NA|NA|20190004|S|28082018|O152|21052018|5|S|S|3.2.02|3.2|2|17012019|O152/Y838|23052018|NA|NA|12|0|1|246|104|NA|04102018|5|28082018|NA|1|M|NA|NA|NA|NA|NA|NA|94537
1|2|10062018|1557|815|150420|13091986|431|2|4|5|3|2|6|999992|150810|1|2621614|NA|150810|NA|NA|NA|NA|NA|NA|NA|NA|NA|NA|NA|NA|NA|2|1|3|1|NA|NA|2|*O754|*O441|*O720|NA|*Y836|O441|NA|8042|NA|10062018|NA|NA|NA|20180033|S|10062018|O441|13062018|1|S|S|3.2.00|3.2|3|05072018|O754/O441/O720*Y836|18062018|NA|NA|03|0|1|025|19|NA|04072018|5|29062018|NA|1|M|NA|NA|NA|NA|NA|NA|94655
1|2|15062018|0020|831|314460|06071996|421|2|2|2|4|3|3|411005|315250|1|3050297|NA|315250|NA|NA|NA|NA|NA|NA|NA|NA|NA|NA|NA|NA|NA|4|2|1|1|NA|NA|2|*R571|*O800*S361|*D180*O266|NA|NA|O266|NA|60813|NA|15062018|NA|NA|NA|20180013|S|10072018|X599|21062018|1|S|S|3.2.02|3.2|1|19072018|R571/O800 S361/D180 O266|19072018|NA|NA|06|0|1|034|25|NA|20072018|5|10072018|NA|1|M|NA|NA|NA|NA|NA|NA|95233
1|2|06042018|2140|823|230440|04071999|418|2|4|1|4|3|NA|999992|230440|1|2723212|NA|230440|NA|NA|NA|NA|NA|NA|NA|NA|NA|NA|NA|NA|NA|5|2|2|1|NA|NA|1|*O998*N12X|NA|NA|NA|NA|O998|NA|8693|230440|07042018|NA|NA|NA|20190039|S|29072019|N12|19042018|4|S|S|3.2.00|NA|1|06112019|O998 N12|26042018|NA|NA|12|0|1|579|250|NA|30072019|5|12122018|NA|1|M|NA|NA|NA|NA|NA|NA|96558
1|2|02042018|0001|823|230440|18032001|417|2|4|1|4|3|NA|999991|230440|1|2499363|NA|230440|NA|NA|NA|NA|NA|NA|NA|NA|NA|NA|NA|NA|NA|4|2|1|1|NA|NA|1|*O85X|*N733|*N730|*N179*O863|NA|O85|NA|8740|230440|02042018|NA|NA|NA|20190006|S|11042018|O85|10042018|4|S|S|3.2.00|NA|1|11022019|O85/N733/N730/N179 O863|11042018|NA|NA|12|0|1|315|NA|NA|07022019|5|NA|NA|1|M|NA|NA|NA|NA|NA|NA|96647
1|2|31032018|0100|823|230350|02081993|424|2|4|1|3|2|NA|999992|230350|1|2514710|NA|230350|NA|NA|NA|NA|NA|NA|NA|NA|NA|NA|NA|NA|NA|1|1|3|1|NA|NA|1|*O100|*I269|NA|NA|*O000|O100|NA|8693|230440|31032018|NA|NA|NA|20180034|S|02042018|I269|24042018|4|S|S|3.2.00|NA|8|30082018|O100/I269*O000|07052018|NA|NA|11|0|1|152|2|NA|14082018|1|02042018|NA|2|M|NA|NA|NA|NA|NA|NA|96687
1|2|27092018|0927|823|230030|21011978|440|2|4|2|2|1|NA|999992|230030|1|2529149|NA|230440|NA|NA|NA|NA|NA|NA|NA|NA|NA|NA|NA|NA|NA|4|2|1|1|NA|NA|2|*O994*I609|NA|NA|NA|NA|O994|NA|3801|NA|27092018|NA|NA|NA|20200002|S|18102018|I619|01102018|1|S|S|3.2.00|NA|3|16012020|O994 I609|18102018|NA|NA|10|0|1|476|21|NA|08052019|5|18102018|NA|1|M|NA|NA|NA|NA|NA|NA|96805
1|2|08122018|2330|831|313620|NA|425|2|4|1|4|3|NA|513405|313620|1|2709848|NA|313620|NA|NA|NA|NA|NA|NA|NA|NA|NA|NA|NA|NA|NA|3|1|3|1|NA|NA|2|*O080|*O065|NA|NA|NA|O065|NA|38866|NA|08122018|NA|NA|NA|20180052|NA|NA|O065|12122018|2|S|S|3.2.00|3.2|NA|02012019|O080/O065|02012019|NA|NA|12|0|1|025|82|NA|28022019|5|28022019|NA|2|M|NA|NA|NA|NA|NA|NA|98135
1|2|11042018|1920|821|210640|03111983|434|2|4|1|2|1|NA|621005|210320|1|2452820|NA|210320|NA|NA|NA|NA|NA|NA|NA|NA|NA|NA|NA|NA|NA|2|1|3|1|NA|NA|2|*R571|*O679|*O622|NA|NA|O679|NA|2257|NA|12042018|NA|NA|NA|20180007|NA|NA|O679|18052018|NA|S|S|3.2.02|3.2|NA|21052018|R571/O679/O622|21052018|NA|NA|10|0|1|040|103|NA|01082018|5|23072018|NA|1|M|NA|NA|NA|NA|NA|NA|98434
1|2|12122018|2312|821|211157|21041990|428|2|4|5|2|1|1|621005|211157|1|7628749|NA|211157|NA|NA|NA|NA|NA|NA|NA|NA|NA|NA|NA|NA|NA|4|2|1|1|NA|NA|2|NA|*O721|*O151|*O13X|NA|O151|NA|9404|NA|17122018|NA|NA|NA|20190006|S|04062019|O15|18122018|5|S|S|3.2.00|3.2|8|05062019|/O721/O151/O13|18122018|NA|NA|01|0|1|175|175|NA|05062019|5|05062019|NA|2|M|NA|NA|NA|NA|NA|NA|98519
1|2|24032018|0540|821|210560|07101975|442|2|4|2|5|5|NA|331205|210560|1|6483089|NA|210910|NA|NA|NA|NA|NA|NA|NA|NA|NA|NA|NA|NA|NA|NA|NA|NA|1|NA|NA|2|*J189|*J81X|*O903|NA|NA|O903|NA|5601|NA|24032018|NA|NA|NA|20180010|S|22052018|O903|03042018|1|S|S|3.2.02|3.2|3|04062018|J189/J81/O903|11042018|NA|NA|08|0|1|072|59|NA|22052018|5|22052018|NA|1|M|NA|NA|NA|NA|NA|NA|99493
1|2|11052018|1225|829|293110|13051999|418|2|4|1|4|3|3|999991|293110|1|6602533|NA|291080|NA|NA|NA|NA|NA|NA|NA|NA|NA|NA|NA|NA|NA|NA|NA|NA|1|NA|NA|2|*D65X|*O602|*D571|NA|NA|O602|NA|29897|NA|11052018|NA|NA|NA|20190041|NA|NA|O602|14052018|5|S|S|3.2.00|3.2|NA|24052019|D65/O602/D571|22052018|NA|NA|06|0|1|378|61|NA|12072018|4|11072018|NA|1|M|NA|NA|NA|NA|NA|NA|100168
1|2|12062018|1730|831|311205|31071980|437|2|1|2|4|3|3|999992|316280|1|2102765|NA|316280|NA|NA|NA|NA|NA|NA|NA|NA|NA|NA|NA|NA|NA|NA|NA|NA|NA|NA|NA|NA|*R092|*O299|*O829|NA|NA|O299|NA|6663|NA|12062018|NA|NA|NA|20180006|NA|NA|O299|29062018|2|S|S|3.2.00|3.2|NA|16082018|R092/O299/O829|16082018|NA|NA|06|0|1|065|371|NA|18062019|7|18062019|NA|1|M|NA|NA|NA|NA|NA|NA|101049
1|2|26052018|1350|829|291760|11072000|417|2|4|1|4|3|NA|999991|291760|1|2400693|NA|291800|NA|NA|NA|NA|NA|NA|NA|NA|NA|NA|NA|NA|NA|NA|NA|NA|1|NA|NA|1|*O159|NA|NA|NA|NA|O159|NA|28156|291800|27052018|NA|NA|NA|20180008|N|NA|O159|26062018|3|S|S|3.2.00|3.2|NA|26062018|O159|26062018|NA|NA|12|0|1|031|334|NA|29042019|4|25042019|NA|1|M|NA|NA|NA|NA|NA|NA|102293
1|2|20062018|1856|829|291800|02121983|434|2|1|2|5|5|NA|223505|291800|1|2400693|NA|291800|NA|NA|NA|NA|NA|NA|NA|NA|NA|NA|NA|NA|NA|4|2|1|1|NA|NA|2|*I619|*O994*I671|NA|NA|NA|O994|NA|18576|NA|20062018|NA|NA|NA|20190016|S|NA|O994|25062018|5|S|S|3.2.02|3.2|8|08112019|I619/O994 I671|26062018|NA|NA|08|0|1|506|105|NA|03102018|5|03102018|NA|1|M|NA|NA|NA|NA|NA|NA|102553
1|2|20062018|0440|829|293190|01021988|430|2|4|5|NA|NA|NA|622020|293190|1|2799847|NA|290160|NA|NA|NA|NA|NA|NA|NA|NA|NA|NA|NA|NA|NA|2|1|3|NA|NA|NA|NA|*O754|*D599*O751|*O639|NA|NA|O639|NA|29853|NA|20062018|NA|NA|NA|20200006|N|NA|O639|21092018|NA|S|S|3.2.02|3.2|NA|12022020|O754/D599 O751/O639|24092018|NA|NA|NA|0|1|602|NA|NA|NA|NA|NA|NA|NA|NA|NA|NA|NA|NA|NA|NA|102776
1|2|22022018|1900|831|310620|16081993|424|2|4|2|5|4|NA|524305|310620|1|6437745|NA|310620|NA|NA|NA|NA|NA|NA|NA|NA|NA|NA|NA|NA|NA|4|2|1|1|NA|NA|2|*R688|*O721|*O996|NA|*O300|O996|NA|39524|NA|22022018|NA|NA|NA|20190036|S|09052018|O149|12032018|1|S|S|3.2.00|3.2|1|28082019|R688/O721/O996*O300|15032018|NA|NA|07|0|1|552|71|NA|01082019|4|04052018|NA|3|M|NA|NA|NA|NA|NA|NA|103544
1|2|02062018|0845|815|150680|25091999|418|2|4|5|4|3|2|999991|150360|1|2331098|NA|150360|NA|NA|NA|NA|NA|NA|NA|NA|NA|NA|NA|NA|NA|4|2|1|1|NA|NA|2|*J960|*O159|NA|NA|NA|O159|NA|4391|NA|05062018|NA|NA|NA|20190001|S|12122018|O159|22102018|1|S|S|3.2.00|3.2|8|16012019|J960/O159|30102018|NA|NA|05|0|1|228|193|NA|18022020|5|12122018|NA|1|M|NA|NA|NA|NA|NA|NA|105171
1|2|02072018|2300|821|210095|25011993|425|2|4|5|4|3|3|999992|150360|1|2331098|NA|150360|NA|NA|NA|NA|NA|NA|NA|NA|NA|NA|NA|NA|NA|4|2|1|1|NA|NA|2|*R571|*A419|*O459|NA|NA|O459|NA|14381|NA|02072018|NA|NA|NA|20190001|S|17122018|O450|10072018|2|S|S|3.2.00|3.2|8|16012019|R571/A419/O459|19072018|NA|NA|06|0|1|198|163|NA|18022020|5|12122018|NA|1|M|NA|NA|NA|NA|NA|NA|105474
1|2|22062018|1350|815|150680|08021985|433|2|4|1|2|1|NA|999992|150680|1|2329905|NA|150680|NA|NA|NA|NA|NA|NA|NA|NA|NA|NA|NA|NA|NA|2|1|3|1|NA|NA|2|*A419|*J159|*O754|*O829|*E889|O754|NA|2703|NA|22062018|NA|NA|NA|20180087|S|26062018|O754|26062018|2|S|S|3.2.02|3.2|8|28112018|A419/J159/O754/O829*E889|29062018|NA|NA|10|0|1|159|4|NA|06072018|5|26062018|NA|1|M|NA|NA|NA|NA|NA|NA|105531
1|2|07082018|0643|815|150680|12062002|416|2|4|5|4|3|1|999992|150680|1|2316757|NA|150390|NA|NA|NA|NA|NA|NA|NA|NA|NA|NA|NA|NA|NA|4|2|1|1|NA|NA|NA|*O151|*R34X|*R740|*D696|NA|O151|NA|7119|NA|07082018|NA|NA|NA|20200008|S|07082018|D696|09082018|1|S|S|3.2.00|3.2|3|17022020|O151/R34/R740/D696|13082018|NA|NA|05|0|1|559|43|NA|24092018|4|19092018|NA|1|M|NA|NA|NA|NA|NA|NA|105772
1|2|18072018|0640|815|150680|24101995|422|2|4|5|4|3|NA|999992|150680|1|2329905|NA|150680|NA|NA|NA|NA|NA|NA|NA|NA|NA|NA|NA|NA|NA|4|2|1|1|NA|NA|2|*A419|NA|*O038|NA|*K859|O038|NA|4820|NA|18072018|NA|NA|NA|20180087|S|24072018|K859|19072018|1|S|S|3.2.02|3.2|8|28112018|A419/ /O038*K859|19072018|NA|NA|12|0|1|133|20|NA|08082018|5|07082018|NA|1|M|NA|NA|NA|NA|NA|NA|105867
1|2|19072018|0655|815|150680|05061991|427|2|4|5|4|3|NA|999992|150680|1|2329905|NA|150680|NA|NA|NA|NA|NA|NA|NA|NA|NA|NA|NA|NA|NA|3|1|3|1|NA|NA|2|*A419|NA|NA|*O069|*N179|O069|NA|11678|NA|19072018|NA|NA|NA|20180087|S|25072018|O069|25072018|1|S|S|3.2.02|3.2|2|28112018|A419/ / /O069*N179|27072018|NA|NA|12|0|1|132|48|NA|05092018|3|05092018|NA|3|M|NA|NA|NA|NA|NA|NA|105870
1|2|04052018|1535|815|150140|02051995|423|2|2|5|2|1|NA|999992|150140|1|2752700|NA|150140|NA|NA|NA|NA|NA|NA|NA|NA|NA|NA|NA|NA|NA|1|1|3|1|NA|NA|2|*O996*K803*K830*A419|NA|NA|NA|*O210|O996|NA|6799|NA|04052018|NA|NA|NA|20190029|S|03082018|O210|04062018|2|S|S|3.2.00|3.2|8|08052019|O996 K803 K830 A419*O210|06062018|NA|NA|10|0|1|369|91|NA|04072019|1|03082018|NA|2|E|NA|NA|NA|NA|NA|NA|108149
1|2|09052018|0610|815|150080|05081993|424|2|4|2|4|3|NA|999991|150080|1|7283458|NA|150080|NA|NA|NA|NA|NA|NA|NA|NA|NA|NA|NA|NA|NA|NA|NA|NA|1|NA|NA|2|*A419|*J159|*O159*I694|NA|NA|O159|NA|11296|NA|09052018|NA|NA|NA|20190001|S|11092018|I694|09052018|5|S|S|3.2.02|3.2|3|15012019|A419/J159/O159 I694|11052018|NA|NA|12|0|1|251|125|NA|11092018|9|11092018|NA|NA|M|NA|NA|NA|NA|NA|NA|108313
1|2|01082018|0315|815|150490|19111985|432|2|4|5|4|2|8|631105|150490|2|2316005|NA|150490|NA|NA|NA|NA|NA|NA|NA|NA|NA|NA|NA|NA|NA|2|1|3|1|NA|NA|2|*O994*I219*I469|NA|NA|NA|NA|O994|NA|2738|NA|01082018|NA|NA|NA|20190028|S|22012019|O994|NA|2|S|S|3.2.00|3.2|3|11122019|O994 I219 I469|06082018|NA|NA|04|0|1|497|174|NA|11022020|7|22012019|NA|1|M|NA|NA|NA|NA|NA|NA|108463
1|2|30092018|0740|816|160030|29081991|427|2|4|2|4|3|3|621005|150250|1|2316080|NA|150250|NA|NA|NA|NA|NA|NA|NA|NA|NA|NA|NA|NA|NA|1|1|3|1|NA|NA|2|*R402|*G936|*O150|*O109|NA|O150|NA|5185|NA|30092018|NA|NA|NA|20190023|N|NA|O150|26102018|1|S|S|3.2.00|3.2|NA|26122019|R402/G936/O150/O109|26102018|NA|NA|06|0|1|452|67|NA|03122019|1|06122018|NA|2|M|NA|NA|NA|NA|NA|NA|108562
1|2|15052018|0530|815|150570|26011987|431|2|4|2|3|2|NA|631105|150570|5|NA|NA|150140|NA|NA|NA|NA|NA|NA|NA|NA|NA|NA|NA|NA|NA|2|1|3|1|NA|NA|1|*A419|*O411|NA|NA|NA|O411|NA|5442|150140|15052018|NA|NA|NA|20180024|NA|NA|O411|28052018|4|S|S|3.2.00|3.2|NA|30052018|A419/O411|30052018|NA|NA|11|0|1|015|260|NA|01042019|4|30012019|NA|1|M|NA|NA|NA|NA|NA|NA|109047
1|2|15052018|1520|815|150140|30031993|425|2|4|1|4|3|NA|999992|150140|1|2752700|NA|150140|NA|NA|NA|NA|NA|NA|NA|NA|NA|NA|NA|NA|NA|1|1|3|1|NA|NA|2|*D65X|*O998*C920|NA|NA|NA|O998|NA|7465|NA|15052018|NA|NA|NA|20190028|S|25062018|O998|20062018|5|S|S|3.2.00|3.2|8|08052019|D65/O998 C920|21062018|NA|NA|12|0|1|358|41|NA|03052019|1|25062018|NA|2|M|NA|NA|NA|NA|NA|NA|109353
1|2|19052018|0210|815|150440|02021987|431|2|4|1|3|2|NA|999992|150440|1|2752700|NA|150140|NA|NA|NA|NA|NA|NA|NA|NA|NA|NA|NA|NA|NA|4|2|1|1|NA|NA|2|*I639|NA|*O141|*O152|*O829*I10X|O152|NA|5406|NA|19052018|NA|NA|NA|20200017|S|04072018|O152|28052018|2|S|S|3.2.00|3.2|3|17022020|I639/ /O141/O152*O829 I10|30052018|NA|NA|11|0|1|639|5|NA|21082018|5|24052018|NA|1|M|NA|NA|NA|NA|NA|NA|109706
1|2|25052018|0405|NA|NA|12011997|421|2|4|5|4|3|NA|999992|150800|1|2752700|NA|150140|NA|NA|NA|NA|NA|NA|NA|NA|NA|NA|NA|NA|NA|4|2|1|1|NA|NA|2|*A419|NA|*O864*J189|NA|*O410*O829*O13X|O864|NA|5406|NA|25052018|NA|NA|NA|20200017|S|05062018|O864|21062018|2|S|S|3.2.00|3.2|3|17022020|A419/ /O864 J189*O410 O829 O13|28062018|NA|NA|12|0|1|633|517|NA|25102019|5|24102019|NA|2|M|NA|NA|NA|NA|NA|NA|109713
1|2|26052018|1522|815|150210|02021997|421|2|1|1|3|2|NA|999991|150210|1|2752700|NA|150140|NA|NA|NA|NA|NA|NA|NA|NA|NA|NA|NA|NA|NA|2|1|3|1|NA|NA|2|*R092|*A419|*O141|NA|*G934|O141|NA|4851|NA|26052018|NA|NA|NA|20180027|NA|NA|O141|20062018|2|S|S|3.2.00|3.2|NA|21062018|R092/A419/O141*G934|21062018|NA|NA|11|0|1|026|89|NA|30082018|4|23082018|NA|2|M|NA|NA|NA|NA|NA|NA|109715
1|2|25112018|1610|831|316010|18111977|441|2|2|3|3|1|4|999992|313190|1|2213982|NA|313190|NA|NA|NA|NA|NA|NA|NA|NA|NA|NA|NA|NA|NA|2|1|3|1|NA|NA|2|*R571|*O759|NA|NA|NA|O759|NA|23590|313190|26112018|NA|NA|NA|20190016|NA|NA|O759|30112018|3|S|S|3.2.00|3.2|NA|26092019|R571/O759|12122018|NA|NA|02|0|1|305|108|NA|28052019|4|13032019|NA|1|M|NA|NA|NA|NA|NA|NA|110136
1|2|24052018|0223|831|310620|07121983|434|2|1|2|5|5|NA|141410|310620|1|2115891|NA|314480|NA|NA|NA|NA|NA|NA|NA|NA|NA|NA|NA|NA|NA|4|2|1|1|NA|NA|2|*R571|*D65X|*O720|NA|*O300*O829|O720|NA|45827|NA|24052018|NA|NA|NA|20190016|S|09112018|O622|05062018|5|S|S|3.2.02|3.2|1|26092019|R571/D65/O720*O300 O829|29062018|NA|NA|08|0|1|490|36|NA|09082019|5|29062018|NA|2|M|NA|NA|NA|NA|NA|NA|111159
1|2|16032018|2231|823|231180|28091992|425|2|4|2|4|3|NA|512105|230700|1|2499363|NA|230440|NA|NA|NA|NA|NA|NA|NA|NA|NA|NA|NA|NA|NA|4|2|1|1|NA|NA|1|*R571|*O266|NA|*O13X|NA|O13|NA|4418|230440|17032018|NA|NA|NA|20190021|S|19062018|O13|11042018|4|S|S|3.2.00|NA|8|30052019|R571/O266/ /O13|11042018|NA|NA|12|0|1|440|90|NA|22052019|5|14062018|NA|1|M|NA|NA|NA|NA|NA|NA|112133
1|2|08032018|NA|823|230390|08021996|422|2|4|1|2|1|NA|999992|230390|1|2499363|NA|230440|NA|NA|NA|NA|NA|NA|NA|NA|NA|NA|NA|NA|NA|4|2|1|1|NA|NA|2|*A419|*O903|*I500|*O828|NA|O903|NA|4673|NA|08032018|NA|NA|NA|20180028|S|05062018|O903|12032018|2|S|S|3.2.00|NA|8|23072018|A419/O903/I500/O828|03042018|NA|NA|10|0|1|137|89|NA|11072018|5|05062018|NA|1|M|NA|NA|NA|NA|NA|NA|112562
1|2|23022018|0850|823|230390|30031984|433|2|4|1|4|3|NA|999992|230370|1|2481286|NA|230440|NA|NA|NA|NA|NA|NA|NA|NA|NA|NA|NA|NA|NA|3|1|3|1|NA|NA|1|*J969|*R048|NA|*O031|*O061|O031|NA|8693|230440|23022018|NA|NA|NA|20190036|S|31072018|R048|05032018|4|S|S|3.2.00|NA|3|17102019|J969/R048/ /O031*O061|08032018|NA|NA|12|0|1|601|158|NA|28092018|3|31072018|NA|1|M|NA|NA|NA|NA|NA|NA|112775
1|2|28022018|1626|823|230625|22091987|430|2|1|2|4|3|NA|999992|231240|1|2561417|NA|230440|NA|NA|NA|NA|NA|NA|NA|NA|NA|NA|NA|NA|NA|8|2|3|1|NA|NA|1|*A419|*N10X|*O998*D471|NA|NA|O998|NA|8693|230440|28022018|NA|NA|NA|20190042|S|06092018|N10|09042018|4|S|S|3.2.00|NA|8|10122019|A419/N10/O998 D471|11042018|NA|NA|12|0|1|650|44|NA|27112019|3|13042018|NA|2|M|NA|NA|NA|NA|NA|NA|112853
1|2|16092018|0920|831|310740|17021989|429|2|1|2|4|3|NA|516120|310740|1|3702693|NA|310620|NA|NA|NA|NA|NA|NA|NA|NA|NA|NA|NA|NA|NA|4|2|1|1|NA|NA|2|*A419|*O230|NA|NA|*N209|O230|NA|37719|NA|16092018|NA|NA|NA|20190032|S|10072019|O998|25092018|2|S|S|3.2.00|3.2|1|31072019|A419/O230*N209|28092018|NA|NA|12|0|1|318|88|NA|16072019|5|13122018|NA|2|M|NA|NA|NA|NA|NA|NA|113355
1|2|03102018|0937|831|310620|06121977|440|2|4|2|5|4|NA|239415|310670|1|0026972|NA|310620|NA|NA|NA|NA|NA|NA|NA|NA|NA|NA|NA|NA|NA|4|2|1|1|NA|NA|2|*O622|*O720|NA|NA|*O821|O622|NA|37771|NA|03102018|NA|NA|NA|20180043|N|NA|O622|17102018|1|S|S|3.2.00|3.2|NA|18102018|O622/O720*O821|18102018|NA|NA|07|0|1|015|72|NA|14122018|5|14122018|NA|2|R|NA|NA|NA|NA|NA|NA|114418
1|2|13102018|2125|831|310620|04011989|429|2|1|1|4|3|NA|521110|315780|1|0026972|NA|310620|NA|NA|NA|NA|NA|NA|NA|NA|NA|NA|NA|NA|NA|4|2|1|1|NA|NA|2|*J942|*D65X|*O721|*O141|NA|O141|NA|65665|NA|14102018|NA|NA|NA|20190041|S|20122018|O159|26102018|1|S|S|3.2.00|3.2|3|19092019|J942/D65/O721/O141|14112018|NA|NA|12|0|1|341|68|NA|31012019|5|20122018|NA|1|R|NA|NA|NA|NA|NA|NA|114421
1|2|31082018|1610|831|310620|11021993|425|2|4|5|4|3|NA|521130|310620|1|0027049|NA|310620|NA|NA|NA|NA|NA|NA|NA|NA|NA|NA|NA|NA|NA|4|2|1|1|NA|NA|2|*A419*N390|*O240|NA|NA|NA|O240|NA|49553|NA|31082018|NA|NA|NA|20180049|S|23112018|E101|18102018|2|S|S|3.2.00|3.2|1|29112018|A419 N390/O240|18102018|NA|NA|12|0|1|090|84|NA|24012019|1|23112018|NA|3|M|NA|NA|NA|NA|NA|NA|114448
1|2|19092018|0350|831|311000|06081987|431|2|4|1|4|2|8|999992|311000|1|2117312|NA|311000|NA|NA|NA|NA|NA|NA|NA|NA|NA|NA|NA|NA|NA|NA|NA|NA|NA|NA|NA|1|*O602*O754|*O450|*O993|*O300|*F192|O602|NA|33181|310620|19092018|NA|NA|NA|20190003|S|22012019|R99|11122018|3|S|S|3.2.00|3.2|1|30012019|O602 O754/O450/O993/O300*F192|12122018|NA|NA|04|0|1|133|125|NA|24012019|1|22012019|NA|3|M|NA|NA|NA|NA|NA|NA|115377
1|2|29032018|1140|829|292970|24051986|431|2|4|2|4|3|3|612005|292970|1|2487438|NA|290070|NA|NA|NA|NA|NA|NA|NA|NA|NA|NA|NA|NA|NA|4|2|1|1|NA|NA|2|*A419|*O998|*O152|NA|*I10X|O998|NA|20547|NA|29032018|NA|NA|NA|20200002|NA|NA|O998|23042018|2|S|S|3.2.02|3.2|NA|27012020|A419/O998/O152*I10|25042018|NA|NA|06|0|1|669|130|NA|04092018|9|06082018|NA|NA|M|NA|NA|NA|NA|NA|NA|117611
1|2|13062018|2300|829|290070|02011996|422|2|3|1|4|2|8|512105|290070|1|2487411|NA|290070|NA|NA|NA|NA|NA|NA|NA|NA|NA|NA|NA|NA|NA|4|2|1|1|NA|NA|2|*R092|*O988*A309|*O996*K729|NA|NA|O988|NA|20115|NA|13062018|NA|NA|NA|20180024|S|20062018|O988|21062018|1|S|S|3.2.00|3.2|3|18072018|R092/O988 A309/O996 K729|04072018|NA|NA|04|0|1|035|7|NA|05122019|5|20062018|NA|1|M|NA|NA|NA|NA|NA|NA|117988
1|2|11052018|1140|829|291870|27091984|433|2|2|5|4|3|NA|999992|291870|1|6923356|NA|291800|NA|NA|NA|NA|NA|NA|NA|NA|NA|NA|NA|NA|NA|4|2|1|1|NA|NA|2|*R568|*I671|*O994|NA|NA|O994|NA|18060|NA|11052018|NA|NA|NA|20190016|S|06082018|O994|24052018|2|S|S|3.2.02|3.2|8|08112019|R568/I671/O994|24052018|NA|NA|12|0|1|546|87|NA|10082018|5|06082018|NA|1|M|NA|NA|NA|NA|NA|NA|118448
1|2|06102018|0636|831|314610|05021979|439|2|1|4|NA|NA|NA|NA|314610|1|2163829|NA|314610|NA|NA|NA|NA|NA|NA|NA|NA|NA|NA|NA|NA|NA|4|2|1|1|NA|NA|2|*R571|*O721|NA|NA|NA|O721|NA|66205|NA|06102018|NA|NA|NA|20190002|S|30102018|O721|16102018|1|S|S|3.2.02|3.2|1|30012019|R571/O721|18102018|NA|NA|NA|0|1|116|226|NA|20052019|5|20052019|NA|1|M|NA|NA|NA|NA|NA|NA|118567
1|2|19102018|1954|843|431490|24021981|437|2|4|2|3|2|NA|999992|432110|3|NA|NA|432110|NA|NA|NA|NA|NA|NA|NA|NA|NA|NA|NA|NA|NA|4|2|1|NA|NA|NA|NA|NA|*O994|NA|NA|NA|O994|NA|26761|NA|19102018|NA|NA|NA|20190036|NA|NA|O994|27122018|5|S|S|3.2.00|3.2|NA|23082019|/O994|28122018|NA|NA|11|0|1|308|193|NA|30042019|5|30042019|NA|1|M|NA|NA|NA|NA|NA|NA|121744
1|2|29062018|1325|843|431340|13081995|422|2|1|2|4|3|NA|512105|430760|1|2232154|NA|431990|NA|NA|NA|NA|NA|NA|NA|NA|NA|NA|NA|NA|NA|4|2|1|1|NA|NA|2|*R688|*R58X|*K659|*O349|NA|O349|NA|25330|NA|29062018|NA|NA|NA|20180013|N|NA|O349|10072018|2|S|S|3.2.00|3.2|NA|24082018|R688/R58/K659/O349|12072018|NA|NA|12|0|1|056|62|NA|30082018|5|30082018|NA|1|M|NA|NA|NA|NA|NA|NA|122845
1|2|19112018|1230|843|432160|18041990|428|2|1|1|5|5|NA|516210|431162|1|2232189|NA|431080|NA|NA|NA|NA|NA|NA|NA|NA|NA|NA|NA|NA|NA|4|2|1|NA|NA|NA|2|*O880|NA|NA|NA|NA|O880|NA|41043|NA|19112018|NA|NA|NA|20200004|S|25092019|R99|06122018|5|S|S|3.2.00|3.2|3|19022020|O880|11122018|NA|NA|08|0|1|457|38|NA|27122018|5|27122018|NA|1|M|NA|NA|NA|NA|NA|NA|123051
1|2|05072018|2130|829|291360|14041979|439|2|NA|1|NA|NA|NA|NA|291360|1|2802112|NA|291360|NA|NA|NA|NA|NA|NA|NA|NA|NA|NA|NA|NA|NA|4|2|1|1|NA|NA|2|*R571|*O711|*O364|NA|NA|O711|NA|15011|NA|05072018|NA|NA|NA|20190010|S|27022019|O723|19072018|NA|S|S|3.2.00|3.2|8|06052019|R571/O711/O364|20072018|NA|NA|NA|0|1|305|237|NA|15042019|5|27022019|NA|3|M|NA|NA|NA|NA|NA|NA|124781
1|2|29072018|1430|831|313610|10121981|436|2|2|2|9|9|NA|622020|313610|1|2205440|NA|313130|NA|NA|NA|NA|NA|NA|NA|NA|NA|NA|NA|NA|NA|4|2|1|1|NA|NA|2|*I619|*O16X|NA|NA|NA|O16|NA|51696|NA|29072018|NA|NA|NA|20190016|S|28112018|I619|07082018|NA|S|S|3.2.02|3.2|2|31072019|I619/O16|14082018|NA|NA|09|0|1|367|122|NA|11122018|6|28112018|NA|1|R|NA|NA|NA|NA|NA|NA|127097
1|2|25102018|1750|827|270430|08061997|421|2|1|1|4|3|3|422315|270430|1|2006510|NA|270430|NA|NA|NA|NA|NA|NA|NA|NA|NA|NA|NA|NA|NA|5|2|2|2|NA|NA|1|*J81X|*R092|*O989*I422|NA|NA|O989|NA|3957|270430|26102018|NA|NA|NA|20200006|S|22022019|I422|09112018|4|S|S|3.2.02|3.2|8|17022020|J81/R092/O989 I422|12112018|NA|NA|06|0|1|480|120|NA|08052019|6|22022019|NA|1|M|NA|NA|NA|NA|NA|NA|127806
1|2|05092018|1820|826|260050|12051985|433|2|4|1|NA|NA|NA|999992|270280|1|2006197|NA|270430|NA|NA|NA|NA|NA|NA|NA|NA|NA|NA|NA|NA|NA|4|2|1|1|NA|NA|2|*J969|*I270|*O994*I089|NA|*O909|O994|NA|2793|NA|05092018|NA|NA|NA|20190061|S|13092018|I089|14092018|2|S|S|3.2.02|3.2|8|09122019|J969/I270/O994 I089*O909|17092018|NA|NA|NA|0|1|460|8|NA|17122019|5|13092018|NA|1|M|NA|NA|NA|NA|NA|NA|128090
1|2|20072018|1205|831|313670|06101994|423|2|4|1|4|2|8|411005|313670|1|2153084|NA|313670|NA|NA|NA|NA|NA|NA|NA|NA|NA|NA|NA|NA|NA|1|1|3|1|NA|NA|2|*A419|*J189|*O988*B24X|NA|NA|O988|NA|52394|NA|20072018|NA|NA|NA|20180019|S|01102018|B207|25072018|NA|S|S|3.2.02|3.2|1|16102018|A419/J189/O988 B24|13082018|NA|NA|04|0|1|088|73|NA|02102018|1|01102018|NA|1|R|NA|NA|NA|NA|NA|NA|130469
1|2|30092018|1500|831|316290|14101976|441|2|2|2|4|3|NA|NA|316290|1|2796619|NA|316290|NA|NA|NA|NA|NA|NA|NA|NA|NA|NA|NA|NA|NA|1|1|3|1|NA|NA|2|*O150|NA|NA|NA|NA|O150|NA|57102|NA|30092018|NA|NA|NA|20190013|NA|NA|O150|28112018|1|S|S|3.2.00|3.2|NA|11112019|O150|29112018|NA|NA|12|0|1|407|58|NA|16042019|1|27112018|NA|1|R|NA|NA|NA|NA|NA|NA|130970
1|2|25102018|2000|827|270375|04061995|423|2|4|1|NA|NA|NA|999992|270220|1|2009250|NA|270430|NA|NA|NA|NA|NA|NA|NA|NA|NA|NA|NA|NA|NA|NA|NA|NA|NA|NA|NA|NA|*R571|*K661|*O720|NA|NA|O720|NA|2996|270430|26102018|NA|NA|NA|20190024|NA|NA|O720|17042019|3|S|S|3.2.02|3.2|NA|22042019|R571/K661/O720|22042019|NA|NA|NA|0|1|179|NA|NA|NA|NA|NA|NA|NA|NA|NA|NA|NA|NA|NA|NA|133603
1|2|07102018|0650|827|270860|26111989|428|2|4|2|NA|NA|NA|513210|270430|1|2007037|NA|270430|NA|NA|NA|NA|NA|NA|NA|NA|NA|NA|NA|NA|NA|4|2|1|1|NA|NA|1|*R58X|*O998|*O829|NA|NA|O998|NA|6267|NA|08102018|NA|NA|NA|20190040|S|24012019|C481|17012019|3|S|S|3.2.02|3.2|8|05082019|R58/O998/O829|21012019|NA|NA|NA|0|1|302|109|NA|08052019|5|24012019|NA|1|M|NA|NA|NA|NA|NA|NA|133625
1|2|07042018|1620|829|291080|20081980|437|2|2|2|4|3|NA|NA|292740|1|3956369|NA|292740|NA|NA|NA|NA|NA|NA|NA|NA|NA|NA|NA|NA|NA|5|2|2|1|NA|NA|2|*O868*R570*I500|NA|NA|NA|*N19X|O868|NA|30190|NA|07042018|NA|NA|NA|20190113|S|05122018|I500|23042018|5|S|S|3.2.02|3.2|8|13092019|O868 R570 I500*N19|25042018|NA|NA|12|0|1|524|163|NA|17092018|6|17092018|NA|3|M|NA|NA|NA|NA|NA|NA|134615
1|2|04052018|0620|829|290750|31031997|421|2|4|1|3|2|NA|999992|290750|2|3956369|NA|292740|NA|NA|NA|NA|NA|NA|NA|NA|NA|NA|NA|NA|NA|4|2|1|1|NA|NA|2|*R58X|*O721|NA|NA|*O149|O721|NA|27220|NA|04052018|NA|NA|NA|20190113|N|NA|O721|17052018|2|S|S|3.2.02|3.2|NA|13092019|R58/O721*O149|18052018|NA|NA|11|0|1|497|511|NA|08102019|5|27092019|NA|3|M|NA|NA|NA|NA|NA|NA|135557
1|2|13052018|0810|829|290750|01021976|442|2|4|2|4|3|NA|512110|292740|1|3956369|NA|292740|NA|NA|NA|NA|NA|NA|NA|NA|NA|NA|NA|NA|NA|3|1|3|1|NA|NA|2|*R571|*O469|*O731|*O065|NA|O469|NA|31741|NA|13052018|NA|NA|NA|20190113|S|07052019|O469|21052018|5|S|S|3.2.02|3.2|8|13092019|R571/O469/O731/O065|22052018|NA|NA|12|0|1|488|359|NA|07052019|2|07052019|NA|3|M|NA|NA|NA|NA|NA|NA|135564
1|2|30042018|2240|NA|NA|03031975|443|2|2|1|9|9|NA|998999|290360|2|3956369|NA|292740|NA|NA|NA|NA|NA|NA|NA|NA|NA|NA|NA|NA|NA|2|1|3|1|NA|NA|2|*O159|*O13X|NA|NA|*D65X|O159|NA|29254|NA|30042018|NA|NA|NA|20190113|S|01062018|O159|17052018|5|S|S|3.2.02|3.2|8|13092019|O159/O13*D65|18052018|NA|NA|09|0|1|501|32|NA|08112018|4|01062018|NA|1|M|NA|NA|NA|NA|NA|NA|135565
1|2|12042018|0440|829|292740|20101989|428|2|4|NA|NA|NA|NA|NA|290205|1|0003859|NA|292740|NA|NA|NA|NA|NA|NA|NA|NA|NA|NA|NA|NA|NA|4|2|1|1|NA|NA|2|*A419|*K650|*K550|*O990*D619|NA|O990|NA|26849|NA|12042018|NA|NA|NA|20190113|S|07042019|D619|18052018|5|S|S|3.2.02|3.2|8|13092019|A419/K650/K550/O990 D619|22052018|NA|NA|NA|0|1|519|360|NA|16092019|5|07042019|NA|1|R|NA|NA|NA|NA|NA|NA|136612
1|2|24042018|1341|829|292870|18091991|426|2|4|1|9|9|NA|999992|292740|1|0003859|NA|292740|NA|NA|NA|NA|NA|NA|NA|NA|NA|NA|NA|NA|NA|4|2|1|1|NA|NA|2|*I615*G938|*I64X|*O141*D571|NA|NA|O141|NA|19892|NA|25042018|NA|NA|NA|20190113|S|11072018|D571|17052018|5|S|S|3.2.02|3.2|3|13092019|I615 G938/I64/O141 D571|18052018|NA|NA|09|0|1|507|297|NA|15022019|5|15022019|NA|3|M|NA|NA|NA|NA|NA|NA|136658
1|2|20052018|0200|852|520450|22042002|416|2|NA|NA|4|3|NA|622020|290620|1|0004065|NA|292740|NA|NA|NA|NA|NA|NA|NA|NA|NA|NA|NA|NA|NA|4|2|1|1|NA|NA|2|*R579|*A419|*O995*J189|NA|*J90X|O995|NA|27604|NA|20052018|NA|NA|NA|20190113|N|NA|O995|04062018|2|S|S|3.2.02|3.2|NA|13092019|R579/A419/O995 J189*J90|04062018|NA|NA|12|0|1|481|467|NA|12092019|5|30082019|NA|1|M|NA|NA|NA|NA|NA|NA|136742
1|2|13072018|1757|841|412350|07071976|442|2|1|2|4|2|8|NA|432120|1|2227762|NA|431405|NA|NA|NA|NA|NA|NA|NA|NA|NA|NA|NA|NA|NA|4|2|1|9|NA|NA|2|*R571|*O721|NA|NA|NA|O721|NA|30898|NA|13072018|NA|NA|NA|20200003|N|NA|O721|24072018|1|S|S|3.2.00|3.2|NA|06022020|R571/O721|03082018|NA|NA|04|0|1|573|402|NA|19082019|9|19082019|NA|NA|M|NA|NA|NA|NA|NA|NA|137578
1|2|25062018|0700|800|NA|02061998|420|2|1|1|4|3|NA|NA|160030|1|2020068|NA|160030|NA|NA|NA|NA|NA|NA|NA|NA|NA|NA|NA|NA|NA|1|1|3|1|NA|NA|2|*A419|NA|NA|*O078|NA|O078|NA|243|NA|25062018|NA|NA|NA|20190027|S|15082018|A279|11072018|NA|S|S|3.2.02|3.2|3|20082019|A419/ / /O078|13072018|NA|NA|12|0|1|421|51|NA|23052019|1|15082018|NA|2|M|NA|NA|NA|NA|NA|NA|138813
1|2|20082018|2335|815|150050|22041981|437|2|4|5|4|3|3|331205|160027|1|2021064|NA|160060|NA|NA|NA|NA|NA|NA|NA|NA|NA|NA|NA|NA|NA|9|9|9|9|NA|NA|9|*J80X|*A419|*J189|*O009|NA|O009|NA|1400|NA|20082018|NA|NA|NA|20190032|S|03102019|J189|03102018|1|S|S|3.2.00|3.2|8|07102019|J80/A419/J189/O009|04102018|NA|NA|06|0|1|413|193|NA|03102019|1|01032019|NA|3|M|NA|NA|NA|NA|NA|NA|138928
1|2|07102018|0810|816|160030|15021998|420|2|4|1|4|3|NA|999991|160030|1|2020068|NA|160030|NA|NA|NA|NA|NA|NA|NA|NA|NA|NA|NA|NA|NA|4|2|1|1|NA|NA|1|NA|NA|*O988|NA|NA|O988|NA|377|NA|07102018|NA|NA|NA|20190023|S|17122018|R99|24102018|2|S|S|3.2.00|3.2|8|11062019|/ /O988|29102018|NA|NA|12|0|1|247|71|NA|23052019|5|17122018|NA|2|M|NA|NA|NA|NA|NA|NA|139511
1|2|19012018|NA|823|230470|15041979|438|2|4|5|3|2|NA|999992|230260|1|2333899|NA|230470|NA|NA|NA|NA|NA|NA|NA|NA|NA|NA|NA|NA|NA|4|2|1|1|NA|NA|2|*I743|*O994|NA|NA|NA|O994|NA|9179|NA|19012018|NA|NA|NA|20200001|S|30012018|I743|30012018|1|S|S|3.2.00|3.2|2|16012020|I743/O994|15022018|NA|NA|11|0|1|727|14|NA|16042018|5|02022018|NA|1|M|NA|NA|NA|NA|NA|NA|141930
1|2|18082018|0247|821|210930|06011995|423|2|4|1|4|3|NA|622020|210930|1|2726653|NA|211130|NA|NA|NA|NA|NA|NA|NA|NA|NA|NA|NA|NA|NA|4|2|1|1|NA|NA|2|NA|*O994|*I517|*O829|*O759*N179|O994|NA|5276|NA|18082018|NA|NA|NA|20190022|S|NA|I050|21082018|2|S|S|3.2.02|3.2|1|03062019|/O994/I517/O829*O759 N179|30082018|NA|NA|12|0|1|289|73|NA|01042019|5|30102018|NA|2|M|NA|NA|NA|NA|NA|NA|145035
1|2|19042018|0347|841|412710|26041978|439|2|1|2|4|3|NA|NA|412550|1|2753278|NA|412550|NA|NA|NA|NA|NA|NA|NA|NA|NA|NA|NA|NA|NA|4|2|1|1|NA|NA|2|*O903|*O16X|NA|NA|NA|O16|NA|28374|NA|19042018|NA|NA|NA|20200001|S|20042018|I429|20042018|5|S|S|3.2.00|3.2|1|15012020|O903/O16|20042018|NA|NA|12|0|1|636|28|NA|18052018|5|17052018|NA|1|M|NA|NA|NA|NA|NA|NA|145262
1|2|13022018|1444|841|410690|05061981|436|2|1|2|2|1|NA|999992|412550|1|2753278|NA|412550|NA|NA|NA|NA|NA|NA|NA|NA|NA|NA|NA|NA|NA|4|2|1|1|NA|NA|2|*D65X|*K559|*O11X|NA|*E119*E669|O11|NA|30644|NA|13022018|NA|NA|NA|20190013|S|20022018|I10|20022018|5|S|S|3.2.00|3.2|1|27032019|D65/K559/O11*E119 E669|20022018|NA|NA|10|0|1|407|7|NA|21022018|5|20022018|NA|2|M|NA|NA|NA|NA|NA|NA|145558
1|2|27052018|1445|841|410940|11101975|442|2|1|2|5|4|NA|322110|410040|2|7463529|NA|410040|NA|NA|NA|NA|NA|NA|NA|NA|NA|NA|NA|NA|NA|4|2|1|1|NA|NA|2|*A419|*O882|NA|NA|*E119*I10X|O882|NA|33974|NA|27052018|NA|NA|NA|20200003|N|NA|O882|29052018|1|S|S|3.2.00|3.2|NA|10022020|A419/O882*E119 I10|29052018|NA|NA|07|0|1|624|87|NA|03092018|5|22082018|NA|3|M|NA|NA|NA|NA|NA|NA|145959
1|2|28022018|1645|841|411760|07021996|422|2|1|9|3|2|NA|999992|410830|1|2591049|NA|410830|NA|NA|NA|NA|NA|NA|NA|NA|NA|NA|NA|NA|NA|4|2|1|1|NA|NA|1|*O881|NA|NA|NA|*O814|O881|NA|35411|410830|01032018|NA|NA|NA|20190054|S|21042018|R99|02032018|3|S|S|3.2.02|3.2|1|16122019|O881*O814|02032018|NA|NA|11|0|1|656|55|NA|26042018|5|24042018|NA|2|M|NA|NA|NA|NA|NA|NA|147388
1|2|13022018|0256|841|411520|24101978|439|2|1|2|4|2|8|513205|411520|1|2594714|NA|411520|NA|NA|NA|NA|NA|NA|NA|NA|NA|NA|NA|NA|NA|4|2|1|1|NA|NA|2|*O998|NA|NA|NA|*C795*C793*C80X|O998|NA|27951|NA|13022018|NA|NA|NA|20190072|S|13022018|C767|28022018|5|S|S|3.2.02|3.2|1|25112019|O998*C795 C793 C80|28022018|NA|NA|04|0|1|650|86|NA|30082018|5|10052018|NA|2|M|NA|NA|NA|NA|NA|NA|150217
1|2|25022018|1350|841|412770|08031987|430|2|4|2|3|2|NA|999992|412810|1|3005011|NA|412810|NA|NA|NA|NA|NA|NA|NA|NA|NA|NA|NA|NA|NA|4|2|1|1|NA|NA|2|*R571|*O881|NA|NA|NA|O881|NA|13224|NA|25022018|NA|NA|NA|20190051|NA|NA|O881|26022018|2|S|S|3.2.02|3.2|NA|10052019|R571/O881|26022018|NA|NA|11|0|1|439|93|NA|13062018|5|29052018|NA|2|R|NA|NA|NA|NA|NA|NA|151642
1|2|20042018|0505|841|411990|04041986|432|2|1|2|4|2|8|999992|411990|1|6542638|NA|411990|NA|NA|NA|NA|NA|NA|NA|NA|NA|NA|NA|NA|NA|3|1|3|1|NA|NA|2|*A419|*O065|NA|NA|NA|O065|NA|39939|NA|20042018|NA|NA|NA|20180076|N|NA|O065|26042018|1|S|S|3.2.02|3.2|NA|13122018|A419/O065|26042018|NA|NA|04|0|1|237|13|NA|04062018|3|03052018|NA|3|M|NA|NA|NA|NA|NA|NA|153910
1|2|21042018|1525|841|412170|08111987|430|2|1|1|4|3|3|999992|412170|1|6542638|NA|411990|NA|NA|NA|NA|NA|NA|NA|NA|NA|NA|NA|NA|NA|4|2|1|1|NA|NA|1|*D65X|*O066|NA|NA|NA|O066|NA|17652|411990|21042018|NA|NA|NA|20200010|S|03092019|O056|10052018|3|S|S|3.2.02|3.2|1|13022020|D65/O066|10052018|NA|NA|06|0|1|663|51|NA|06072018|2|11062018|NA|1|M|NA|NA|NA|NA|NA|NA|154044
1|2|22112018|2358|841|410110|05061998|420|2|4|5|4|3|NA|622020|410110|1|2582554|NA|410110|NA|NA|NA|NA|NA|NA|NA|NA|NA|NA|NA|NA|NA|NA|NA|NA|NA|NA|NA|NA|*O150|*I469|*I10X|*T68X|NA|O150|NA|1837|NA|22112018|NA|NA|NA|20190013|S|NA|O150|19122018|1|S|S|3.2.02|3.2|8|13122019|O150/I469/I10/T68|20122018|NA|NA|12|0|1|386|97|NA|27022019|4|27022019|NA|1|R|NA|NA|NA|NA|NA|NA|156156
1|2|03032018|1246|841|410630|27101982|435|2|1|1|4|3|NA|999992|410630|1|2738368|NA|410480|NA|NA|NA|NA|NA|NA|NA|NA|NA|NA|NA|NA|NA|2|1|3|1|NA|NA|2|*R571|*O720|*O450|NA|*O842|O450|NA|25674|NA|03032018|NA|NA|NA|20180051|S|10032018|O459|12032018|2|S|S|3.2.00|3.2|7|07112018|R571/O720/O450*O842|13032018|NA|NA|12|0|1|249|44|NA|18042018|5|16042018|NA|1|R|NA|NA|NA|NA|NA|NA|159045
1|2|30042018|2150|835|354160|14111996|421|2|4|2|4|3|3|516110|411520|1|2594714|NA|411520|NA|NA|NA|NA|NA|NA|NA|NA|NA|NA|NA|NA|NA|4|2|1|1|NA|NA|2|*O751|*O450|NA|NA|NA|O450|NA|26285|NA|30042018|NA|NA|NA|20180052|S|30042018|O450|04052018|5|S|S|3.2.02|3.2|1|01082018|O751/O450|04052018|NA|NA|06|0|1|093|67|NA|30082018|5|06072018|NA|1|M|NA|NA|NA|NA|NA|NA|160502
1|2|20032018|0220|841|410370|21051995|422|2|1|2|4|3|NA|999991|410370|1|2781859|NA|411370|NA|NA|NA|NA|NA|NA|NA|NA|NA|NA|NA|NA|NA|4|2|1|1|NA|NA|2|NA|*A419|*R571|*O720|NA|O720|NA|13666|NA|20032018|NA|NA|NA|20190047|S|20032018|O731|27032018|5|S|S|3.2.02|3.2|3|14112019|/A419/R571/O720|29032018|NA|NA|12|0|1|604|98|NA|03072018|5|26062018|NA|1|E|NA|NA|NA|NA|NA|NA|161376
1|2|18052018|0753|835|355030|20081988|429|2|4|2|4|3|NA|999992|412000|1|2729423|NA|412000|NA|NA|NA|NA|NA|NA|NA|NA|NA|NA|NA|NA|NA|4|2|1|1|NA|NA|2|*O888|NA|NA|NA|NA|O888|NA|30944|NA|18052018|NA|NA|NA|20190019|S|18052018|O88|21052018|1|S|S|3.2.00|3.2|3|21112019|O888|21052018|NA|NA|12|0|1|552|31|NA|20062018|5|18062018|NA|2|E|NA|NA|NA|NA|NA|NA|161485
1|2|29012018|0755|109|NA|19021980|437|2|2|2|4|2|8|999992|410690|1|2384299|NA|410690|NA|NA|NA|NA|NA|NA|NA|NA|NA|NA|NA|NA|NA|4|2|1|1|NA|NA|2|*R570|*I219|*O994|NA|NA|O994|NA|18918|NA|29012018|NA|NA|NA|20180081|S|29012018|O994|31012018|2|S|S|3.2.00|3.2|1|18052018|R570/I219/O994|31012018|NA|NA|04|0|1|109|129|NA|26062018|5|07062018|NA|1|M|NA|NA|NA|NA|NA|NA|164392
1|2|14032018|1224|841|410690|10081997|420|2|1|1|4|3|2|999992|411950|1|2384299|NA|410690|NA|NA|NA|NA|NA|NA|NA|NA|NA|NA|NA|NA|NA|1|1|3|1|NA|NA|1|*D65X|*K720|*O000|NA|NA|O000|NA|14547|NA|15032018|NA|NA|NA|20190086|S|14032018|O008|16032018|5|S|S|3.2.00|3.2|1|20122019|D65/K720/O000|19032018|NA|NA|05|0|1|646|44|NA|03082018|1|27042018|NA|1|M|NA|NA|NA|NA|NA|NA|166824
1|2|08042018|0443|841|410480|31101981|436|2|3|5|5|4|NA|521110|410690|1|2361167|NA|410690|NA|NA|NA|NA|NA|NA|NA|NA|NA|NA|NA|NA|NA|1|1|3|1|NA|NA|2|*J80X|*A419|*O998|NA|NA|O998|NA|34980|NA|08042018|NA|NA|NA|20190086|S|08042018|O998|10042018|5|S|S|3.2.00|NA|1|20122019|J80/A419/O998|16042018|NA|NA|07|0|1|621|64|NA|29062018|1|11062018|NA|1|M|NA|NA|NA|NA|NA|NA|167025
1|2|15052018|0330|831|311530|12011998|420|2|1|1|NA|NA|NA|999991|311530|1|2098911|NA|311530|NA|NA|NA|NA|NA|NA|NA|NA|NA|NA|NA|NA|NA|1|1|3|1|NA|NA|2|*R688|*A419|*O995*J09X|NA|*J459|O995|NA|32591|NA|15052018|NA|NA|NA|20190019|S|26062018|J189|18052018|1|S|S|3.2.02|3.2|7|30072019|R688/A419/O995 J09*J459|04062018|NA|NA|NA|0|1|441|52|NA|12072018|1|06072018|NA|1|M|NA|NA|NA|NA|NA|NA|167407
1|2|03052018|0100|831|311530|26111992|425|2|2|2|NA|NA|NA|848310|311530|1|2098911|NA|311530|NA|NA|NA|NA|NA|NA|NA|NA|NA|NA|NA|NA|NA|1|1|3|1|NA|NA|2|*R688|*A419|*O230*N12X|NA|*O998*N258|O230|NA|32591|NA|03052018|NA|NA|NA|20190019|S|10072018|N12|04052018|1|S|S|3.2.02|3.2|1|30072019|R688/A419/O230 N12*O998 N258|04062018|NA|NA|NA|0|1|453|64|NA|12072018|1|06072018|NA|1|M|NA|NA|NA|NA|NA|NA|168256
1|2|07012018|1330|831|314053|26091979|438|2|1|1|2|1|3|999992|311530|1|2098911|NA|311530|NA|NA|NA|NA|NA|NA|NA|NA|NA|NA|NA|NA|NA|1|1|3|1|NA|NA|2|*O994*I64X|*O159|NA|NA|NA|O994|NA|26290|NA|07012018|NA|NA|NA|20190019|S|23032018|O994|09012018|1|S|S|3.2.02|3.2|3|30072019|O994 I64/O159|15012018|NA|NA|01|0|1|569|66|NA|09042018|1|14032018|NA|1|M|NA|NA|NA|NA|NA|NA|168617
1|2|14032018|1150|831|313520|30071980|437|2|4|2|1|0|NA|999992|313930|1|2205998|NA|313930|NA|NA|NA|NA|NA|NA|NA|NA|NA|NA|NA|NA|NA|4|2|1|1|NA|NA|2|*A419|*O864|*D649|NA|NA|O864|NA|43877|NA|14032018|NA|NA|NA|20180007|NA|NA|O864|26032018|1|S|S|3.2.00|3.2|NA|16052018|A419/O864/D649|16052018|NA|NA|00|0|1|063|232|NA|05112018|5|01112018|NA|2|M|NA|NA|NA|NA|NA|NA|169312
1|2|06042018|1020|831|310860|28112000|417|2|1|1|4|3|3|999991|316110|1|2119420|NA|310860|NA|NA|NA|NA|NA|NA|NA|NA|NA|NA|NA|NA|NA|1|1|3|1|NA|NA|2|*A419|*O230|NA|NA|NA|O230|NA|55050|NA|06042018|NA|NA|NA|20200001|NA|NA|O230|16042018|1|S|S|3.2.02|3.2|NA|15012020|A419/O230|16052018|NA|NA|06|0|1|649|124|NA|08082018|1|08082018|NA|1|M|NA|NA|NA|NA|NA|NA|169688
1|2|12092018|0050|831|316920|07021980|438|2|4|2|9|9|NA|331205|316920|1|2764776|NA|311330|NA|NA|NA|NA|NA|NA|NA|NA|NA|NA|NA|NA|NA|4|2|1|1|NA|NA|2|*O721|*R58X*R571|*R092|NA|NA|O721|NA|31718|NA|12092018|NA|NA|NA|20190001|S|21112018|O721|28092018|NA|S|S|3.2.00|3.2|8|17012019|O721/R58 R571/R092|19102018|NA|NA|09|0|1|127|70|NA|21112018|5|21112018|NA|1|R|NA|NA|NA|NA|NA|NA|170594
1|2|16012018|1326|831|310560|22041991|426|2|1|2|4|3|NA|622020|310560|1|2138875|NA|310560|NA|NA|NA|NA|NA|NA|NA|NA|NA|NA|NA|NA|NA|1|1|3|1|NA|NA|2|*R99X|*I10X|NA|NA|*O141|O141|NA|37201|NA|16012018|NA|NA|NA|20190025|S|19022018|I10|30012018|5|S|S|3.2.02|3.2|8|27122019|R99/I10*O141|31012018|NA|NA|12|0|1|710|34|NA|19122019|1|19022018|NA|3|M|NA|NA|NA|NA|NA|NA|170864
1|2|28022018|1930|831|314410|12061985|432|2|1|2|NA|NA|NA|999992|314410|1|2171988|NA|310160|NA|NA|NA|NA|NA|NA|NA|NA|NA|NA|NA|NA|NA|4|2|1|1|NA|NA|2|*D65X|*O441|*O722|NA|*I469|O441|NA|39749|NA|28022018|NA|NA|NA|20190015|S|14032018|O438|21032018|1|S|S|3.2.02|3.2|1|15052019|D65/O441/O722*I469|27032018|NA|NA|NA|0|1|441|86|NA|04062018|4|25052018|NA|1|M|NA|NA|NA|NA|NA|NA|172847
1|2|30042018|2045|831|314720|05021989|429|2|2|NA|NA|NA|NA|NA|314720|1|2171988|NA|310160|NA|NA|NA|NA|NA|NA|NA|NA|NA|NA|NA|NA|NA|4|2|1|1|NA|NA|2|*O995|*J100*J960|*G728|*G122|*J159*N179|O995|NA|71024|NA|30042018|NA|NA|NA|20190027|S|19062018|G122|06062018|NA|S|S|3.2.02|3.2|8|29082019|O995/J100 J960/G728/G122*J159 N179|13062018|NA|NA|NA|0|1|486|28|NA|23112018|5|28052018|NA|1|M|NA|NA|NA|NA|NA|NA|173281
1|2|07022018|1430|831|313580|30071993|424|2|4|1|4|3|2|999992|313580|1|2120410|NA|313580|NA|NA|NA|NA|NA|NA|NA|NA|NA|NA|NA|NA|NA|4|2|1|1|NA|NA|2|*R571|*O620|*O16X|*O721|NA|O16|NA|24453|NA|07022018|NA|NA|NA|20200001|S|06062018|O16|21032018|1|S|S|3.2.00|3.2|8|17022020|R571/O620/O16/O721|27032018|NA|NA|05|0|1|740|119|NA|06062018|5|06062018|NA|1|M|NA|NA|NA|NA|NA|NA|173607
1|2|19022018|2353|831|317040|31051996|421|2|4|5|3|2|NA|999992|317040|1|2760924|NA|317040|NA|NA|NA|NA|NA|NA|NA|NA|NA|NA|NA|NA|NA|4|2|1|1|NA|NA|2|*J969|*J939|*A419|*O85X|NA|O85|NA|24982|NA|19022018|NA|NA|NA|20190007|S|17042018|O868|27022018|1|S|S|3.2.00|3.2|8|15042019|J969/J939/A419/O85|28022018|NA|NA|11|0|1|420|57|NA|14082018|5|17042018|NA|1|M|NA|NA|NA|NA|NA|NA|174873
1|2|04042018|2300|825|250400|28081977|440|2|4|2|4|3|NA|512120|330190|2|7289286|NA|330190|NA|NA|NA|NA|NA|NA|NA|NA|NA|NA|NA|NA|NA|1|1|3|1|NA|NA|2|*O994*J81X*I10X|NA|NA|NA|NA|O994|NA|1069985|NA|04042018|NA|NA|NA|20190098|S|05062018|I516|13042018|5|S|S|3.2.02|3.2|3|19092019|O994 J81 I10|19042018|NA|NA|12|0|1|533|62|NA|05092018|1|05062018|NA|1|M|NA|NA|NA|NA|NA|NA|177214
1|2|02052018|1150|835|355030|11041985|433|2|4|1|3|2|5|422120|351060|1|2792168|NA|351060|NA|NA|NA|NA|NA|NA|NA|NA|NA|NA|NA|NA|NA|4|2|1|1|NA|NA|2|*R578|*D65X|*O622|*O839|NA|O622|NA|94518|NA|02052018|NA|NA|NA|20180023|N|NA|O622|05062018|1|S|S|3.2.00|3.2|NA|06062018|R578/D65/O622/O839|06062018|NA|NA|03|0|1|035|153|NA|02102018|5|02102018|NA|1|M|NA|NA|NA|NA|NA|NA|178602
1|2|14042018|0930|835|351060|14061986|431|2|1|1|4|3|3|999992|351060|1|2792168|NA|351060|NA|NA|NA|NA|NA|NA|NA|NA|NA|NA|NA|NA|NA|3|1|3|1|NA|NA|2|*G936|*G042|*O364*A178|NA|*J180*A419|O364|NA|60087|NA|14042018|NA|NA|NA|20190008|S|29012019|A178|29052018|1|S|S|3.2.00|3.2|3|20022019|G936/G042/O364 A178*J180 A419|30052018|NA|NA|06|0|1|312|135|NA|04122018|1|27082018|NA|1|M|NA|NA|NA|NA|NA|NA|178675
1|2|26062018|1505|835|355030|04061999|419|2|1|1|4|3|3|521105|351060|1|2792168|NA|351060|NA|NA|NA|NA|NA|NA|NA|NA|NA|NA|NA|NA|NA|NA|NA|NA|1|NA|NA|2|*A418|*A419|*O411|NA|*J180*N19X|O411|NA|125310|NA|26062018|NA|NA|NA|20180043|N|NA|O411|23072018|5|S|S|3.2.00|3.2|NA|24102018|A418/A419/O411*J180 N19|25072018|NA|NA|06|0|1|120|84|NA|18092018|3|18092018|NA|1|M|NA|NA|NA|NA|NA|NA|178757
1|2|03122018|0005|841|412130|19111983|435|2|1|1|3|2|5|999992|351060|1|2792168|NA|351060|NA|NA|NA|NA|NA|NA|NA|NA|NA|NA|NA|NA|NA|5|2|2|1|NA|NA|2|*A418|*I330|*J180|NA|*O85X*J459|O85|NA|83695|NA|03122018|NA|NA|NA|20190020|S|25022019|J459|11122018|2|S|S|3.2.00|3.2|8|08052019|A418/I330/J180*O85 J459|12122018|NA|NA|03|0|1|156|84|NA|10092019|6|25022019|NA|1|M|NA|NA|NA|NA|NA|NA|179032
1|2|07122018|0300|829|293230|10071983|435|2|4|2|3|2|5|999992|351060|1|2792168|NA|351060|NA|NA|NA|NA|NA|NA|NA|NA|NA|NA|NA|NA|NA|8|2|3|1|NA|NA|2|*J960|*N179*J189|*I269|*O039*G409|NA|O039|NA|16494|NA|07122018|NA|NA|NA|20190041|S|23052019|G409|20122018|1|S|S|3.2.00|3.2|8|02102019|J960/N179 J189/I269/O039 G409|27122018|NA|NA|03|0|1|299|280|NA|25092019|3|13092019|NA|2|M|NA|NA|NA|NA|NA|NA|179039
1|2|03032018|0140|835|355030|19071979|438|2|1|2|5|4|NA|999994|352500|1|3272591|NA|350570|NA|NA|NA|NA|NA|NA|NA|NA|NA|NA|NA|NA|NA|4|2|1|1|NA|NA|2|*O430|*R571|NA|NA|*D68X|O430|NA|152635|NA|03032018|NA|NA|NA|20180024|NA|NA|O430|16032018|2|S|S|3.2.00|3.2|NA|13062018|O430/R571*D68|22032018|NA|NA|07|0|1|102|129|NA|10072018|5|10072018|NA|3|M|NA|NA|NA|NA|NA|NA|179321
1|2|08072018|0028|835|355030|19041986|432|2|4|5|4|3|2|999992|352170|1|2027186|NA|352240|NA|NA|NA|NA|NA|NA|NA|NA|NA|NA|NA|NA|NA|4|2|1|1|NA|NA|2|*R571|*O829*Y838|NA|NA|*B24X|O759|NA|143946|NA|08072018|NA|NA|NA|20180039|S|31082018|O759|19072018|2|S|S|3.2.00|3.2|1|11122018|R571/O829 Y838*B24|24072018|NA|NA|05|0|1|156|54|NA|06092018|5|31082018|NA|2|M|NA|NA|NA|NA|NA|NA|183089
1|2|06092018|1410|835|351760|17112002|415|2|4|5|4|3|2|999991|351760|1|2083264|NA|351760|NA|NA|NA|NA|NA|NA|NA|NA|NA|NA|NA|NA|NA|2|1|3|1|NA|NA|2|*R092|*J960|*R568|*O743|NA|O743|NA|93479|NA|07092018|NA|NA|NA|20180027|S|28102018|O743|13092018|1|S|S|3.2.00|3.2|1|11122018|R092/J960/R568/O743|18092018|NA|NA|05|0|1|096|52|NA|05122018|4|28102018|NA|3|M|NA|NA|NA|NA|NA|NA|183312
1|2|24072018|1044|835|354350|27051990|428|2|1|5|4|3|2|999992|354350|1|2027186|NA|352240|NA|NA|NA|NA|NA|NA|NA|NA|NA|NA|NA|NA|NA|1|1|3|2|NA|NA|1|*R571|*O460|*O450|NA|NA|O460|NA|130474|NA|24072018|NA|NA|NA|20180039|S|13092018|O460|02082018|5|S|S|3.2.00|3.2|1|11122018|R571/O460/O450|07082018|NA|NA|05|0|1|140|51|NA|20092018|5|13092018|NA|2|M|NA|NA|NA|NA|NA|NA|183426
1|2|24072018|1328|835|351020|21071983|435|2|1|2|2|1|3|612005|351760|1|2027186|NA|352240|NA|NA|NA|NA|NA|NA|NA|NA|NA|NA|NA|NA|NA|2|1|3|1|NA|NA|2|*O460|*R571|*O439|NA|NA|O439|NA|129002|NA|24072018|NA|NA|NA|20180039|S|27082018|O439|02082018|1|S|S|3.2.00|3.2|8|11122018|O460/R571/O439|07082018|NA|NA|01|0|1|140|34|NA|28082018|4|27082018|NA|1|M|NA|NA|NA|NA|NA|NA|183428
1|2|07082018|0945|835|352240|06011992|426|2|4|5|4|2|8|623305|352240|1|2027186|NA|352240|NA|NA|NA|NA|NA|NA|NA|NA|NA|NA|NA|NA|NA|2|1|3|1|NA|NA|2|*R571|*D65X|*K720|*O988*A270|*O829|O988|NA|130474|NA|07082018|NA|NA|NA|20180030|S|11092018|A270|15082018|5|S|S|3.2.00|3.2|1|25092018|R571/D65/K720/O988 A270*O829|21082018|NA|NA|04|0|1|049|35|NA|19092018|4|11092018|NA|3|M|NA|NA|NA|NA|NA|NA|183452
1|2|11012018|1330|NA|NA|26101985|432|2|1|NA|NA|NA|NA|NA|355060|1|2081695|NA|355220|NA|NA|NA|NA|NA|NA|NA|NA|NA|NA|NA|NA|NA|2|1|3|1|NA|NA|1|*A419|*O996*K859|NA|NA|NA|O996|NA|124849|355220|11012018|NA|NA|NA|20180019|S|13032018|O996|16012018|4|S|S|3.2.00|3.2|2|09052018|A419/O996 K859|17012018|NA|NA|NA|0|1|118|463|NA|10062019|5|19042019|NA|1|M|NA|NA|NA|NA|NA|NA|183995
1|2|14012018|2330|835|353780|04011989|429|2|1|2|2|1|NA|999992|355220|1|2081695|NA|355220|NA|NA|NA|NA|NA|NA|NA|NA|NA|NA|NA|NA|NA|1|1|3|1|NA|NA|2|*I609|*O994*I671|NA|NA|NA|O994|NA|177389|NA|15012018|NA|NA|NA|20190002|S|20122018|O994|16012018|1|S|S|3.2.00|3.2|1|09012019|I609/O994 I671|17012018|NA|NA|10|0|1|360|204|NA|04012019|1|06082018|NA|2|M|NA|NA|NA|NA|NA|NA|184069
1|2|16012018|1817|835|350290|21091978|439|2|1|2|9|9|NA|999992|350290|1|2081695|NA|355220|NA|NA|NA|NA|NA|NA|NA|NA|NA|NA|NA|NA|NA|4|2|1|NA|NA|NA|NA|*D65X|*O141|NA|NA|NA|O141|NA|156247|NA|16012018|NA|NA|NA|20200008|S|20122019|O141|09022018|5|S|S|3.2.00|3.2|1|19022020|D65/O141|15022018|NA|NA|09|0|1|764|703|NA|20122019|5|20122019|NA|1|M|NA|NA|NA|NA|NA|NA|184073
1|2|24022018|1345|835|350600|04011980|438|2|1|2|4|3|3|252105|350600|1|2790661|NA|350600|NA|NA|NA|NA|NA|NA|NA|NA|NA|NA|NA|NA|NA|4|2|1|1|NA|NA|2|*R688|*R571|*O95X|NA|NA|O95|NA|93149|NA|24022018|NA|NA|NA|20180016|S|02052018|O95|01032018|5|S|S|3.2.00|3.2|1|14052018|R688/R571/O95|08032018|NA|NA|06|0|1|079|67|NA|03052018|5|02052018|NA|1|M|NA|NA|NA|NA|NA|NA|185853
1|2|19042018|0350|835|350600|25122000|417|2|4|1|4|2|8|999994|350600|1|7482450|NA|350600|NA|NA|NA|NA|NA|NA|NA|NA|NA|NA|NA|NA|NA|5|2|2|1|NA|NA|2|*O229*A483|*A419|*O85X|NA|NA|O229|NA|56476|NA|19042018|NA|NA|NA|20200005|S|04072018|A483|09052018|1|S|S|3.2.00|3.2|1|06022020|O229 A483/A419/O85|14052018|NA|NA|04|0|1|658|76|NA|11092018|6|04072018|NA|1|M|NA|NA|NA|NA|NA|NA|185919
1|2|06032018|0330|835|350600|05051991|426|2|1|2|4|3|1|999992|350600|1|2790556|NA|350600|NA|NA|NA|NA|NA|NA|NA|NA|NA|NA|NA|NA|NA|4|2|1|1|NA|NA|2|*A419|*R100|*K650|*O864|NA|O864|NA|69750|NA|06032018|NA|NA|NA|20180031|S|29082018|O864|14032018|2|S|S|3.2.00|3.2|1|14092018|A419/R100/K650/O864|22032018|NA|NA|05|0|1|192|176|NA|11092018|5|29082018|NA|1|M|NA|NA|NA|NA|NA|NA|185935
1|2|09042018|2230|835|354970|09091985|432|2|1|2|5|5|NA|239215|354970|1|2080923|NA|354970|NA|NA|NA|NA|NA|NA|NA|NA|NA|NA|NA|NA|NA|4|2|1|1|NA|NA|2|*R092|*R571|*O721|*O441|NA|O441|NA|156943|NA|10042018|NA|NA|NA|20190032|S|06112019|O441|11042018|1|S|S|3.2.00|3.2|1|13112019|R092/R571/O721/O441|12042018|NA|NA|08|0|1|583|114|NA|01082018|5|01082018|NA|1|M|NA|NA|NA|NA|NA|NA|188570
1|2|25012018|1420|835|352920|28051986|431|2|1|2|5|5|NA|411010|352920|1|2078147|NA|354140|NA|NA|NA|NA|NA|NA|NA|NA|NA|NA|NA|NA|NA|2|1|3|1|NA|NA|2|*R092|*R571|*O721|*O441|NA|O441|NA|115687|NA|25012018|NA|NA|NA|20190038|S|07122018|O441|30012018|1|S|S|3.2.00|3.2|3|05092019|R092/R571/O721/O441|02022018|NA|NA|08|0|1|588|316|NA|10122018|5|07122018|NA|1|M|NA|NA|NA|NA|NA|NA|189807
1|2|10032018|0610|835|351660|24061987|430|2|4|2|4|3|NA|999992|351660|1|2025507|NA|352900|NA|NA|NA|NA|NA|NA|NA|NA|NA|NA|NA|NA|NA|4|2|1|9|NA|NA|1|*J969|*O995*J189|NA|NA|NA|O995|NA|128555|352900|10032018|NA|NA|NA|20180019|S|09052018|J189|15032018|4|S|S|3.2.00|3.2|3|16052018|J969/O995 J189|21032018|NA|NA|12|0|1|067|125|NA|11092018|5|13072018|NA|1|M|NA|NA|NA|NA|NA|NA|190995
1|2|23052018|0345|835|354380|08081980|437|2|4|5|4|3|NA|NA|354380|1|2081237|NA|354380|NA|NA|NA|NA|NA|NA|NA|NA|NA|NA|NA|NA|NA|4|2|1|9|NA|NA|9|*I269|*O759|*O829|NA|*T652|O759|NA|184426|NA|24052018|NA|NA|NA|20190005|S|15082018|O759|28052018|1|S|S|3.2.00|3.2|2|12032019|I269/O759/O829*T652|30052018|NA|NA|12|0|1|293|84|NA|08032019|5|15082018|NA|1|R|NA|NA|NA|NA|NA|NA|191123
1|2|11092018|0310|850|500270|27051975|443|2|3|2|4|3|NA|999991|411370|1|7758391|NA|411370|NA|NA|NA|NA|NA|NA|NA|NA|NA|NA|NA|NA|NA|4|2|1|1|NA|NA|2|*A419|*K566*K659|*O996|NA|NA|O996|NA|19986|NA|11092018|NA|NA|NA|20190047|S|12092018|K650|14092018|2|S|S|3.2.02|3.2|3|14112019|A419/K566 K659/O996|14092018|NA|NA|12|0|1|429|71|NA|23112018|5|21112018|NA|2|M|NA|NA|NA|NA|NA|NA|196465
1|2|26082018|1338|828|280210|05111984|433|2|1|2|4|3|NA|411010|411370|1|2550792|NA|411370|NA|NA|NA|NA|NA|NA|NA|NA|NA|NA|NA|NA|NA|4|2|1|1|NA|NA|2|NA|*A419|*O211|*E46X|*K819*Y836|O211|NA|31173|NA|26082018|NA|NA|NA|20190006|S|12092018|K808|13092018|5|S|S|3.2.02|3.2|3|01022019|/A419/O211/E46*K819 Y836|14092018|NA|NA|12|0|1|159|66|NA|25022019|3|31102018|NA|2|M|NA|NA|NA|NA|NA|NA|196554
1|2|31102018|1910|841|411370|17111990|427|2|1|2|5|5|NA|261125|412410|1|2550792|NA|411370|NA|NA|NA|NA|NA|NA|NA|NA|NA|NA|NA|NA|NA|4|2|1|1|NA|NA|2|*C80X|*C169|*O998|NA|NA|O998|NA|5784|NA|31102018|NA|NA|NA|20190025|S|05112018|C168|05112018|1|S|S|3.2.02|3.2|3|14062019|C80/C169/O998|09112018|NA|NA|08|0|1|226|166|NA|15042019|5|15042019|NA|1|M|NA|NA|NA|NA|NA|NA|197819
1|2|01102018|1520|841|411990|22091998|420|2|1|1|4|3|3|513405|410465|1|2686953|NA|411990|NA|NA|NA|NA|NA|NA|NA|NA|NA|NA|NA|NA|NA|4|2|1|1|NA|NA|2|*I429|*I272|*Q249|*O994|NA|O994|NA|30857|NA|01102018|NA|NA|NA|20190033|N|NA|O994|10102018|5|S|S|3.2.02|3.2|NA|11062019|I429/I272/Q249/O994|10102018|NA|NA|06|0|1|253|29|NA|30102018|5|30102018|NA|2|M|NA|NA|NA|NA|NA|NA|198513
1|2|11102018|2100|841|411990|08091993|425|2|2|1|3|1|4|999992|411990|1|2686953|NA|411990|NA|NA|NA|NA|NA|NA|NA|NA|NA|NA|NA|NA|NA|4|2|1|1|NA|NA|2|*R571|*O151|NA|NA|*O149|O151|NA|30045|NA|11102018|NA|NA|NA|20190062|S|24102018|O159|22102018|2|S|S|3.2.02|3.2|8|13112019|R571/O151*O149|24102018|NA|NA|02|0|1|398|13|NA|11122018|5|24102018|NA|1|M|NA|NA|NA|NA|NA|NA|198529
1|2|04122018|0520|841|411330|04041982|436|2|1|1|2|1|3|999992|411760|1|2738287|NA|411760|NA|NA|NA|NA|NA|NA|NA|NA|NA|NA|NA|NA|NA|4|2|1|1|NA|NA|2|*I64X|*O11X*O150|NA|NA|NA|O11|NA|18233|NA|04122018|NA|NA|NA|20190083|S|22022019|I639|05122018|5|S|S|3.2.02|3.2|1|27112019|I64/O11 O150|05122018|NA|NA|01|0|1|358|65|NA|24042019|5|07022019|NA|1|M|NA|NA|NA|NA|NA|NA|201606
1|2|17102018|0205|841|412740|03021987|431|2|3|2|4|3|NA|999992|412740|1|4056752|NA|412770|NA|NA|NA|NA|NA|NA|NA|NA|NA|NA|NA|NA|NA|4|2|1|1|NA|NA|2|*R571|*O754|NA|NA|NA|O754|NA|36077|NA|17102018|NA|NA|NA|20190165|S|18102018|R571|18102018|NA|S|S|3.2.02|3.2|4|11112019|R571/O754|18102018|NA|NA|12|0|1|390|8|NA|25102018|5|25102018|NA|1|M|NA|NA|NA|NA|NA|NA|206011
1|2|26102018|0650|841|410200|29121985|432|2|1|2|4|3|NA|521110|410715|1|4056752|NA|412770|NA|NA|NA|NA|NA|NA|NA|NA|NA|NA|NA|NA|NA|4|2|1|1|NA|NA|2|*R579|*O266|NA|NA|NA|O266|NA|22124|NA|26102018|NA|NA|NA|20200007|N|NA|O266|26102018|5|S|S|3.2.02|3.2|NA|03022020|R579/O266|26102018|NA|NA|12|0|1|465|31|NA|26112018|5|26112018|NA|1|M|NA|NA|NA|NA|NA|NA|206017
1|2|25092018|1640|841|411915|07071996|422|2|1|2|4|3|2|421125|411950|1|0013633|NA|410400|NA|NA|NA|NA|NA|NA|NA|NA|NA|NA|NA|NA|NA|4|2|1|1|NA|NA|2|*I612|*O151|NA|NA|NA|O151|NA|18484|NA|25092018|NA|NA|NA|20200001|S|26092018|O994|26092018|2|S|S|3.2.00|3.2|1|15012020|I612/O151|26092018|NA|NA|05|0|1|477|21|NA|15012020|5|16102018|NA|3|M|NA|NA|NA|NA|NA|NA|207484
1|2|27032018|0427|841|411620|29101990|427|2|2|2|4|3|3|411010|411915|1|0015644|NA|410690|NA|NA|NA|NA|NA|NA|NA|NA|NA|NA|NA|NA|NA|1|1|3|1|NA|NA|2|*J969|*O998*C780|NA|NA|NA|O998|NA|37605|NA|27032018|NA|NA|NA|20190030|S|27032018|C509|28032018|5|S|S|3.2.00|3.2|1|28032019|J969/O998 C780|02042018|NA|NA|06|0|1|366|51|NA|17052018|5|17052018|NA|1|M|NA|NA|NA|NA|NA|NA|209552
1|2|25042018|0850|841|412710|25031974|444|2|4|2|4|2|8|354705|412750|1|0013846|NA|410420|NA|NA|NA|NA|NA|NA|NA|NA|NA|NA|NA|NA|NA|4|2|1|1|NA|NA|2|*D65X|*O141|*O16X|NA|NA|O141|NA|25498|NA|25042018|NA|NA|NA|20180027|S|17052018|O141|17052018|2|S|S|3.2.00|3.2|1|13062018|D65/O141/O16|22052018|NA|NA|04|0|1|049|47|NA|06092019|1|11062018|NA|2|M|NA|NA|NA|NA|NA|NA|210743
1|2|25052018|1340|841|412230|20011982|436|2|1|1|3|1|4|999992|410410|1|0013846|NA|410420|NA|NA|NA|NA|NA|NA|NA|NA|NA|NA|NA|NA|NA|4|2|1|1|NA|NA|2|*I600|*O11X|NA|NA|NA|O11|NA|35506|NA|25052018|NA|NA|NA|20190052|N|NA|O11|30052018|5|S|S|3.2.02|3.2|NA|20122019|I600/O11|06062018|NA|NA|02|0|1|574|24|NA|05122019|5|18062018|NA|3|M|NA|NA|NA|NA|NA|NA|211085
1|2|22052018|1949|841|410690|09101991|426|2|1|1|4|2|8|784205|411990|1|0015318|NA|410690|NA|NA|NA|NA|NA|NA|NA|NA|NA|NA|NA|NA|NA|3|1|3|1|NA|NA|2|*K720|*O266*Y413|NA|NA|NA|O266|NA|31442|NA|22052018|NA|NA|NA|20200004|S|22052018|O411|24052018|1|S|S|3.2.00|NA|1|15012020|K720/O266 Y413|25052018|NA|NA|04|0|1|603|17|NA|12092018|1|08062018|NA|3|M|NA|NA|NA|NA|NA|NA|211814
1|2|25042018|1030|841|411915|27101997|420|2|4|1|3|2|NA|999992|411950|3|NA|NA|411950|NA|NA|NA|NA|NA|NA|NA|NA|NA|NA|NA|NA|NA|4|2|1|1|NA|NA|1|*O882*O995|NA|NA|NA|NA|O882|NA|14790|410690|25042018|NA|NA|NA|20200003|S|07052019|R99|02052018|3|S|S|3.2.00|NA|NA|15012020|O882 O995|10052018|NA|NA|11|0|1|630|27|NA|10092019|5|22052018|NA|2|M|NA|NA|NA|NA|NA|NA|213193
1|2|01092018|1657|841|410690|25111979|438|2|1|2|5|5|NA|252210|410580|1|0013846|NA|410420|NA|NA|NA|NA|NA|NA|NA|NA|NA|NA|NA|NA|NA|4|2|1|9|NA|NA|9|*O141|*O11X|NA|NA|NA|O11|NA|39119|NA|01092018|NA|NA|NA|20190052|N|NA|O11|03092018|1|S|S|3.2.02|3.2|NA|20122019|O141/O11|04092018|NA|NA|08|0|1|475|25|NA|01102018|5|26092018|NA|3|M|NA|NA|NA|NA|NA|NA|215606
1|2|08052018|1015|841|410940|15121980|437|2|1|1|4|3|3|999992|410940|1|2741989|NA|410940|NA|NA|NA|NA|NA|NA|NA|NA|NA|NA|NA|NA|NA|4|2|1|1|NA|NA|2|*I619|*O11X|NA|NA|NA|O11|NA|17891|NA|08052018|NA|NA|NA|20190053|S|24092018|O11|13122019|5|S|S|3.2.02|3.2|2|20122019|I619/O11|20122019|NA|NA|06|0|1|591|48|NA|30062018|4|25062018|NA|2|M|NA|NA|NA|NA|NA|NA|218638
1|2|04062018|0745|841|411330|11072001|416|2|4|1|4|3|2|999991|410940|1|2742047|NA|410940|NA|NA|NA|NA|NA|NA|NA|NA|NA|NA|NA|NA|NA|4|2|1|1|NA|NA|2|*D65X|*R571|*O721|NA|*O230|O721|NA|22334|NA|04062018|NA|NA|NA|20190053|S|10102018|O721|13122019|2|S|S|3.2.02|3.2|2|20122019|D65/R571/O721*O230|20122019|NA|NA|05|0|1|564|57|NA|01082018|5|31072018|NA|2|M|NA|NA|NA|NA|NA|NA|218827
1|2|23092018|1748|841|410440|09031980|438|2|5|9|1|0|NA|999992|411330|1|2741989|NA|410940|NA|NA|NA|NA|NA|NA|NA|NA|NA|NA|NA|NA|NA|4|2|1|1|NA|NA|2|*A419|*K650|*O85X|NA|NA|O85|NA|36240|NA|23092018|NA|NA|NA|20190053|S|26092018|O85|24092018|2|S|S|3.2.02|3.2|1|20122019|A419/K650/O85|26092018|NA|NA|00|0|1|453|3|NA|14112018|5|26092018|NA|1|M|NA|NA|NA|NA|NA|NA|219677
1|2|07102018|1700|841|410680|24041989|429|2|1|1|3|2|6|999992|410940|1|2741989|NA|410940|NA|NA|NA|NA|NA|NA|NA|NA|NA|NA|NA|NA|NA|4|2|1|1|NA|NA|2|*R571|*O721|*O459|*O11X|NA|O11|NA|7903|NA|07102018|NA|NA|NA|20190053|S|26112018|O721|08102018|5|S|S|3.2.02|3.2|1|20122019|R571/O721/O459/O11|17122018|NA|NA|03|0|1|439|50|NA|11122018|5|26112018|NA|1|M|NA|NA|NA|NA|NA|NA|219741
1|2|10082018|1556|841|410830|18041999|419|2|1|2|4|3|NA|512120|410830|1|2591049|NA|410830|NA|NA|NA|NA|NA|NA|NA|NA|NA|NA|NA|NA|NA|4|2|1|1|NA|NA|2|*R571|*O723|*O141|NA|NA|O141|NA|27271|NA|10082018|NA|NA|NA|20180050|S|23082018|O722|15082018|5|S|S|3.2.02|3.2|1|18102018|R571/O723/O141|16082018|NA|NA|12|0|1|069|13|NA|18102018|5|23082018|NA|2|M|NA|NA|NA|NA|NA|NA|220710
1|2|08122018|0100|841|410830|16011997|421|2|1|5|4|3|NA|999992|410105|1|2573172|NA|411670|NA|NA|NA|NA|NA|NA|NA|NA|NA|NA|NA|NA|NA|1|1|3|1|NA|NA|2|*R571|*O083|*O001|NA|NA|O001|NA|35727|NA|08122018|NA|NA|NA|20190003|S|07012019|R571|04012019|1|S|S|3.2.00|3.2|1|01022019|R571/O083/O001|04012019|NA|NA|12|0|1|055|30|NA|22012019|1|07012019|NA|3|R|NA|NA|NA|NA|NA|NA|222106
1|2|20082018|0305|841|410210|02051993|425|2|1|5|4|3|3|411005|410210|1|2594714|NA|411520|NA|NA|NA|NA|NA|NA|NA|NA|NA|NA|NA|NA|NA|4|2|1|1|NA|NA|2|*A419|*O721|*O141|NA|*O244*O411|O141|NA|31586|NA|20082018|NA|NA|NA|20190072|S|20082018|O141|24082018|1|S|S|3.2.02|3.2|1|25112019|A419/O721/O141*O244 O411|24082018|NA|NA|06|0|1|462|52|NA|03122018|5|11102018|NA|3|M|NA|NA|NA|NA|NA|NA|222604
1|2|06102018|0610|841|412880|09071994|424|2|2|5|4|3|1|516120|411520|1|2587335|NA|411520|NA|NA|NA|NA|NA|NA|NA|NA|NA|NA|NA|NA|NA|1|1|3|1|NA|NA|2|*J960|*J938|*O009|NA|*F172*J980|O009|NA|16684|NA|06102018|NA|NA|NA|20190072|S|06102018|J980|16102018|2|S|S|3.2.02|3.2|1|25112019|J960/J938/O009*F172 J980|16102018|NA|NA|05|0|1|415|61|NA|06122018|1|06122018|NA|1|M|NA|NA|NA|NA|NA|NA|223767
1|2|28032018|0820|841|410760|29051986|431|2|4|2|4|2|8|999992|410760|1|2439360|NA|410140|NA|NA|NA|NA|NA|NA|NA|NA|NA|NA|NA|NA|NA|4|2|1|1|NA|NA|2|*A419|*R100|*K565|*O996|*Y836*K819|O996|NA|29508|NA|28032018|NA|NA|NA|20180063|S|28032018|A419|28032018|5|S|S|3.2.00|3.2|1|12072018|A419/R100/K565/O996*Y836 K819|29032018|NA|NA|04|0|1|106|98|NA|10072018|5|04072018|NA|2|R|NA|NA|NA|NA|NA|NA|224347
1|2|03062018|1358|841|410140|28071988|429|2|1|4|4|3|3|763215|410140|1|2439360|NA|410140|NA|NA|NA|NA|NA|NA|NA|NA|NA|NA|NA|NA|NA|4|2|1|1|NA|NA|2|*A419|*N390|*O862|NA|NA|O862|NA|29508|NA|03062018|NA|NA|NA|20180087|S|04062018|O868|04062018|5|S|S|3.2.00|3.2|1|25092018|A419/N390/O862|04062018|NA|NA|06|0|1|114|36|NA|13082018|5|09072018|NA|2|R|NA|NA|NA|NA|NA|NA|224890
1|2|31052018|1203|841|411540|28091998|419|2|1|1|3|2|NA|NA|410840|1|2666731|NA|410840|NA|NA|NA|NA|NA|NA|NA|NA|NA|NA|NA|NA|NA|4|2|1|1|NA|NA|2|*A419|*E890*E892|*Y836|*O992*E050|NA|O992|NA|34409|NA|31052018|NA|NA|NA|20190035|S|25072018|I500|07062018|5|S|S|3.2.02|3.2|1|25032019|A419/E890 E892/Y836/O992 E050|07062018|NA|NA|11|0|1|298|55|NA|26072018|5|25072018|NA|1|M|NA|NA|NA|NA|NA|NA|226071
1|2|05052018|1550|841|410430|16011990|428|2|1|2|4|3|2|521110|410430|1|0014109|NA|410430|NA|NA|NA|NA|NA|NA|NA|NA|NA|NA|NA|NA|NA|4|2|1|1|NA|NA|2|*R688|*R571|*O723|*O721|*Y838*O829|O723|NA|5017|NA|05052018|NA|NA|NA|20180027|S|07052018|O723|18052018|NA|S|S|3.2.02|3.2|3|12062018|R688/R571/O723/O721*Y838 O829|18052018|NA|NA|05|0|1|038|15|NA|30082018|5|20052018|NA|2|M|NA|NA|NA|NA|NA|NA|227474
1|2|05062018|0330|850|500770|19091981|436|2|4|3|2|1|NA|999992|411880|1|0014109|NA|410430|NA|NA|NA|NA|NA|NA|NA|NA|NA|NA|NA|NA|NA|4|2|1|1|NA|NA|1|*O882|*O151|NA|NA|*O241*E668*O231|O882|NA|5993|410430|05062018|NA|NA|NA|20190101|S|12122019|O882|14062018|3|S|S|3.2.02|3.2|1|13122019|O882/O151*O241 E668 O231|14062018|NA|NA|10|0|1|556|36|NA|26112018|5|11072018|NA|1|M|NA|NA|NA|NA|NA|NA|227771
1|2|29062018|2325|835|353440|17031996|422|2|4|1|4|3|1|999992|412720|1|0014109|NA|410430|NA|NA|NA|NA|NA|NA|NA|NA|NA|NA|NA|NA|NA|1|1|3|1|NA|NA|2|*G968|*O994*I609|NA|NA|NA|O994|NA|39057|NA|29062018|NA|NA|NA|20180047|N|NA|O994|09072018|2|S|S|3.2.02|3.2|NA|20082018|G968/O994 I609|09072018|NA|NA|05|0|1|052|144|NA|04022019|1|20112018|NA|2|M|NA|NA|NA|NA|NA|NA|227945
1|2|01102018|1740|841|412730|26041993|425|2|4|1|4|3|3|611005|410090|1|2754738|NA|411840|NA|NA|NA|NA|NA|NA|NA|NA|NA|NA|NA|NA|NA|4|2|1|1|NA|NA|2|*O995|NA|NA|NA|NA|O995|NA|21489|NA|01102018|NA|NA|NA|20190018|S|26022019|J189|09102018|1|S|S|3.2.02|3.2|1|27022019|O995|10102018|NA|NA|06|0|1|149|140|NA|27022019|5|18022019|NA|2|M|NA|NA|NA|NA|NA|NA|229426
1|2|22072018|1815|841|410700|22101993|424|2|4|1|9|9|NA|999992|410700|1|2740435|NA|412710|NA|NA|NA|NA|NA|NA|NA|NA|NA|NA|NA|NA|NA|4|2|1|1|NA|NA|2|*R571|*O754|*O721|NA|NA|O721|NA|19727|NA|22072018|NA|NA|NA|20200006|N|NA|O721|24072018|5|S|S|3.2.00|3.2|NA|15012020|R571/O754/O721|24072018|NA|NA|09|0|1|542|74|NA|10102018|5|04102018|NA|1|M|NA|NA|NA|NA|NA|NA|231455
1|2|15022018|0740|841|412627|11012001|417|2|1|1|4|3|2|999991|412627|1|0017884|NA|411850|NA|NA|NA|NA|NA|NA|NA|NA|NA|NA|NA|NA|NA|4|2|1|1|NA|NA|2|*O751|*O721|*O731|NA|NA|O721|NA|10720|NA|15022018|NA|NA|NA|20190067|S|04112019|O95|16022018|5|S|S|3.2.02|3.2|1|26112019|O751/O721/O731|16022018|NA|NA|05|0|1|649|18|NA|22052018|5|05032018|NA|3|M|NA|NA|NA|NA|NA|NA|233037
1|2|05072018|1825|841|411760|17111985|432|2|1|2|5|5|NA|252305|411760|1|2738287|NA|411760|NA|NA|NA|NA|NA|NA|NA|NA|NA|NA|NA|NA|NA|4|2|1|1|NA|NA|2|NA|*O994|NA|NA|NA|O994|NA|14777|NA|05072018|NA|NA|NA|20190078|S|09042019|O994|06072018|1|S|S|3.2.02|3.2|1|04112019|/O994|09072018|NA|NA|08|0|1|487|91|NA|25042019|5|04102018|NA|1|R|NA|NA|NA|NA|NA|NA|233377
1|2|07082018|1820|109|NA|14101990|427|2|2|1|3|1|4|NA|411850|1|0017884|NA|411850|NA|NA|NA|NA|NA|NA|NA|NA|NA|NA|NA|NA|NA|1|1|3|1|NA|NA|2|*O266|*O211|NA|NA|NA|O266|NA|33672|NA|07082018|NA|NA|NA|20190052|S|09102018|O996|08082018|2|S|S|3.2.02|3.2|1|05092019|O266/O211|08082018|NA|NA|02|0|1|394|61|NA|19122018|1|07102018|NA|3|M|NA|NA|NA|NA|NA|NA|233927
1|2|19012018|0155|831|310620|25021979|438|2|4|2|4|3|NA|231205|315780|1|0027979|NA|310620|NA|NA|NA|NA|NA|NA|NA|NA|NA|NA|NA|NA|NA|4|2|1|1|NA|NA|2|*D65X|*O721|NA|NA|*D693|O721|NA|17204|NA|19012018|NA|NA|NA|20190018|S|19042018|D694|19022018|2|S|S|3.2.00|3.2|1|17042019|D65/O721*D693|27022018|NA|NA|12|0|1|453|116|NA|15052018|5|15052018|NA|1|R|NA|NA|NA|NA|NA|NA|234013
1|2|03032018|0655|831|310620|22051982|435|2|4|2|3|2|NA|513205|310670|1|0027871|NA|310620|NA|NA|NA|NA|NA|NA|NA|NA|NA|NA|NA|NA|NA|4|2|1|NA|NA|NA|NA|*O450|NA|NA|NA|*O244*E039|O450|NA|40548|NA|03032018|NA|NA|NA|20190051|S|04042019|O150|11042018|2|S|S|3.2.00|3.2|1|31102019|O450*O244 E039|16052018|NA|NA|11|0|1|607|101|NA|15062018|5|12062018|NA|3|R|NA|NA|NA|NA|NA|NA|234082
1|2|21062018|2153|831|312980|02101982|435|2|1|9|9|9|NA|512115|312980|1|2115786|NA|312980|NA|NA|NA|NA|NA|NA|NA|NA|NA|NA|NA|NA|NA|4|2|1|1|NA|NA|9|*O994*I219|NA|NA|NA|NA|O994|NA|65242|NA|21062018|NA|NA|NA|20190007|S|04042019|I219|14082018|1|S|S|3.2.00|3.2|1|17042019|O994 I219|30082018|NA|NA|09|0|1|300|74|NA|04092018|5|03092018|NA|1|M|NA|NA|NA|NA|NA|NA|239107
1|2|04052018|2330|831|310620|03091975|442|2|1|2|5|5|NA|NA|311860|1|0027871|NA|310620|NA|NA|NA|NA|NA|NA|NA|NA|NA|NA|NA|NA|NA|4|2|1|1|NA|NA|2|*E872|*O751|*O266|*O141|NA|O141|NA|60318|NA|05052018|NA|NA|NA|20180035|N|NA|O141|04062018|1|S|S|3.2.00|3.2|NA|30082018|E872/O751/O266/O141|13062018|NA|NA|08|0|1|118|62|NA|17082018|5|05072018|NA|1|R|NA|NA|NA|NA|NA|NA|241497
1|2|17022018|0845|831|310620|08051985|432|2|1|2|4|3|NA|121010|313220|1|0026972|NA|310620|NA|NA|NA|NA|NA|NA|NA|NA|NA|NA|NA|NA|NA|4|2|1|1|NA|NA|2|*R571|*D65X|*O881|NA|NA|O881|NA|47640|NA|17022018|NA|NA|NA|20180037|S|23082018|O151|02032018|2|S|S|3.2.00|3.2|1|14092018|R571/D65/O881|14032018|NA|NA|12|0|1|209|116|NA|17092018|5|13062018|NA|3|M|NA|NA|NA|NA|NA|NA|241620
1|2|09012018|1900|831|310620|03031984|433|2|2|2|4|3|NA|999992|310620|1|2192896|NA|310620|NA|NA|NA|NA|NA|NA|NA|NA|NA|NA|NA|NA|NA|4|2|1|1|NA|NA|2|*A419|*O995|NA|NA|NA|O995|NA|49483|NA|09012018|NA|NA|NA|20190036|S|09112018|A419|02022018|2|S|S|3.2.00|3.2|1|28082019|A419/O995|15022018|NA|NA|12|0|1|596|27|NA|09082019|5|05022018|NA|3|M|NA|NA|NA|NA|NA|NA|241816
1|2|17032018|1130|831|310670|02092000|417|2|4|1|3|2|7|354705|310670|1|0026972|NA|310620|NA|NA|NA|NA|NA|NA|NA|NA|NA|NA|NA|NA|NA|4|2|1|1|NA|NA|2|*O141*O903*O994*O85X|NA|NA|NA|NA|O141|NA|65665|NA|17032018|NA|NA|NA|20190041|S|28062018|O85|05042018|1|S|S|3.2.00|3.2|3|19092019|O141 O903 O994 O85|16052018|NA|NA|03|0|1|551|103|NA|21122018|5|28062018|NA|3|R|NA|NA|NA|NA|NA|NA|242963
1|2|31012018|2100|831|310620|05091987|430|2|1|1|5|4|NA|322205|310620|1|0027014|NA|310620|NA|NA|NA|NA|NA|NA|NA|NA|NA|NA|NA|NA|NA|4|2|1|1|NA|NA|2|*R578|*O152|*O721|*O244|*I10X*O829|O152|NA|31235|NA|01022018|NA|NA|NA|20180047|S|09112018|O159|27022018|1|S|S|3.2.00|3.2|1|14112018|R578/O152/O721/O244*I10 O829|14032018|NA|NA|07|0|1|287|68|NA|09082019|5|09042018|NA|2|M|NA|NA|NA|NA|NA|NA|243757
1|2|17022018|1340|831|310620|18051990|427|2|4|1|NA|NA|NA|411005|310620|1|0027014|NA|310620|NA|NA|NA|NA|NA|NA|NA|NA|NA|NA|NA|NA|NA|4|2|1|1|NA|NA|2|*A419*N179*K720|*O141|NA|NA|*O992|O141|NA|59989|NA|17022018|NA|NA|NA|20190030|S|05042019|O141|12032018|1|S|S|3.2.00|3.2|1|17072019|A419 N179 K720/O141*O992|15032018|NA|NA|NA|0|1|515|114|NA|01082019|5|11062018|NA|3|M|NA|NA|NA|NA|NA|NA|244191
1|2|22022018|1838|831|310620|19031991|426|2|4|1|5|4|NA|999991|310620|1|0027014|NA|310620|NA|NA|NA|NA|NA|NA|NA|NA|NA|NA|NA|NA|NA|1|1|3|1|NA|NA|2|*I619*I10X*Y560*T830|*O998*M329|NA|NA|*Q273|O998|NA|42301|NA|22022018|NA|NA|NA|20190030|S|05042019|I608|19032018|2|S|S|3.2.00|3.2|1|17072019|I619 I10 Y560 T830 Y42/O998 M329*Q273|27032018|NA|NA|07|0|1|510|175|NA|22042019|3|16082018|NA|3|M|NA|NA|NA|NA|NA|NA|244337
1|2|02032018|1100|831|310620|23011983|435|2|4|1|3|2|NA|999992|315670|1|0027014|NA|310620|NA|NA|NA|NA|NA|NA|NA|NA|NA|NA|NA|NA|NA|4|2|1|1|NA|NA|2|*O150|NA|NA|NA|*O908|O150|NA|71635|NA|02032018|NA|NA|NA|20190041|S|20062018|O159|05042018|2|S|S|3.2.00|3.2|8|19092019|O150*O908|16052018|NA|NA|11|0|1|566|110|NA|07112018|5|20062018|NA|1|M|NA|NA|NA|NA|NA|NA|244369
1|2|23022018|NA|835|350550|26081982|435|2|1|1|4|3|NA|411010|312710|3|NA|NA|312710|NA|NA|NA|NA|NA|NA|NA|NA|NA|NA|NA|NA|NA|3|1|3|2|NA|NA|1|*R571|*N939|*O076|NA|NA|O076|NA|62817|312710|23022018|NA|NA|NA|20180005|NA|NA|O076|13032018|3|S|S|3.2.02|3.2|NA|15032018|R571/N939/O076|15032018|NA|NA|12|0|1|020|115|NA|31082018|2|18062018|NA|1|M|NA|NA|NA|NA|NA|NA|245926
1|2|02012018|0730|831|312770|18061990|427|2|4|1|3|2|NA|512110|312770|1|2222043|NA|312770|NA|NA|NA|NA|NA|NA|NA|NA|NA|NA|NA|NA|NA|4|2|1|1|NA|NA|2|*O990*D570|NA|NA|NA|NA|O990|NA|25277|NA|02012018|NA|NA|NA|20190034|S|04052018|D571|08012018|NA|S|S|3.2.02|3.2|8|18092019|O990 D570|31012018|NA|NA|11|0|1|624|122|NA|11052018|5|04052018|NA|2|M|NA|NA|NA|NA|NA|NA|247124
1|2|07012018|0430|831|316840|20061997|420|2|4|2|4|3|NA|999992|316840|1|2222043|NA|312770|NA|NA|NA|NA|NA|NA|NA|NA|NA|NA|NA|NA|NA|4|2|1|1|NA|NA|2|*I64X|*O882|NA|NA|NA|O882|NA|28515|NA|07012018|NA|NA|NA|20200004|S|30032018|O159|17012018|2|S|S|3.2.02|3.2|3|31012020|I64/O882|31012018|NA|NA|12|0|1|754|67|NA|15032018|5|15032018|NA|1|M|NA|NA|NA|NA|NA|NA|247145
1|2|12012018|1440|831|317180|17081992|425|2|4|1|4|3|NA|999991|315750|1|2222043|NA|312770|NA|NA|NA|NA|NA|NA|NA|NA|NA|NA|NA|NA|NA|1|1|3|1|NA|NA|2|*J80X|*A419|*O230|NA|NA|O230|NA|24890|NA|12012018|NA|NA|NA|20180025|S|18012018|N12|22012018|2|S|S|3.2.02|3.2|3|31102018|J80/A419/O230|31012018|NA|NA|12|0|1|292|74|NA|28032018|1|27032018|NA|1|M|NA|NA|NA|NA|NA|NA|247205
1|2|28022018|0530|831|312770|29121982|435|2|4|1|3|2|NA|999992|317190|1|2222043|NA|312770|NA|NA|NA|NA|NA|NA|NA|NA|NA|NA|NA|NA|NA|4|2|1|1|NA|NA|2|*R571|*K920|*O986|NA|*I850|O986|NA|44877|NA|28022018|NA|NA|NA|20200004|S|10032018|I850|07032018|1|S|S|3.2.02|3.2|3|31012020|R571/K920/O986*I850|15032018|NA|NA|11|0|1|702|90|NA|04062018|5|29052018|NA|1|M|NA|NA|NA|NA|NA|NA|247504
1|2|30032018|1630|831|312770|27061990|427|2|4|5|4|3|NA|999992|312770|1|2222043|NA|312770|NA|NA|NA|NA|NA|NA|NA|NA|NA|NA|NA|NA|NA|4|2|1|1|NA|NA|2|*O723|*O141|*O839|NA|*P001|O141|NA|24890|NA|30032018|NA|NA|NA|20180018|S|04052018|O141|05042018|2|S|S|3.2.02|3.2|8|31082018|O723/O141/O839*P001|14052018|NA|NA|12|0|1|154|105|NA|17082018|5|13072018|NA|2|M|NA|NA|NA|NA|NA|NA|247856
1|2|20032018|NA|831|316760|03051979|438|2|4|2|4|3|NA|621005|311340|1|2118513|NA|311340|NA|NA|NA|NA|NA|NA|NA|NA|NA|NA|NA|NA|NA|4|2|1|NA|NA|NA|NA|*Y838|*O459|*D65X|*O13X|NA|O13|NA|70139|NA|20032018|NA|NA|NA|20180010|S|20042018|R571|12042018|1|S|S|3.2.02|3.2|2|04062018|Y838/O459/D65/O13|16052018|NA|NA|12|0|1|076|34|NA|18052018|5|23042018|NA|2|M|NA|NA|NA|NA|NA|NA|248570
1|2|17112018|0210|831|315210|14111983|435|2|4|2|9|9|NA|311505|315210|1|2206382|NA|315210|NA|NA|NA|NA|NA|NA|NA|NA|NA|NA|NA|NA|NA|4|2|1|NA|NA|NA|NA|*O751|*O438|*Y836*N814|NA|NA|O438|NA|35435|NA|17112018|NA|NA|NA|20190022|S|08032019|O438|20112018|5|S|S|3.2.02|3.2|1|27112019|O751/O438/Y836 N814|29112018|NA|NA|09|0|1|375|111|NA|16082019|5|08032019|NA|1|M|NA|NA|NA|NA|NA|NA|249477
1|2|20052018|1645|831|315990|12081978|439|2|1|2|3|1|4|999992|315990|1|2192128|NA|315990|NA|NA|NA|NA|NA|NA|NA|NA|NA|NA|NA|NA|NA|4|2|1|1|NA|NA|2|*O992*E055|*I509|*E055|NA|NA|O992|NA|24620|NA|20052018|NA|NA|NA|20190031|S|06082019|O992|21082019|5|S|S|3.2.00|3.2|1|29082019|O992 E055/I509/E055|29082019|NA|NA|02|0|1|466|94|NA|22082019|5|22082018|NA|3|M|NA|NA|NA|NA|NA|NA|255975
1|2|04062018|0600|831|311660|14021983|435|2|1|2|4|3|2|999992|311660|1|2144204|NA|311660|NA|NA|NA|NA|NA|NA|NA|NA|NA|NA|NA|NA|NA|1|1|3|1|NA|NA|2|*O230|NA|NA|NA|NA|O230|NA|53861|NA|04062018|NA|NA|NA|20190028|S|06082019|N390|NA|1|S|S|3.2.00|3.2|1|18092019|O230|28062018|NA|NA|05|0|1|471|46|NA|18092019|1|20072018|NA|3|M|NA|NA|NA|NA|NA|NA|256423
1|2|20092018|1920|831|313520|22111984|433|2|1|2|4|2|8|999992|310740|1|2168707|NA|310740|NA|NA|NA|NA|NA|NA|NA|NA|NA|NA|NA|NA|NA|4|2|1|1|NA|NA|2|*R571|*O723|*O458|NA|NA|O458|NA|13806|NA|20092018|NA|NA|NA|20190035|S|13112018|O458|27092018|1|S|S|3.2.00|3.2|1|29082019|R571/O723/O458|17102018|NA|NA|04|0|1|343|54|NA|28122018|5|13112018|NA|1|M|NA|NA|NA|NA|NA|NA|259013
1|2|04042018|0130|831|314430|02011984|434|2|4|1|3|2|NA|999992|314430|1|2208172|NA|316860|NA|NA|NA|NA|NA|NA|NA|NA|NA|NA|NA|NA|NA|NA|NA|NA|NA|NA|NA|NA|*O990*D570|NA|NA|NA|NA|O990|NA|42104|NA|04042018|NA|NA|NA|20190035|S|NA|O265|12042018|NA|S|S|3.2.00|3.2|1|18072019|O990 D570|17052018|NA|NA|11|0|1|470|106|NA|19072018|4|19072018|NA|1|M|NA|NA|NA|NA|NA|NA|261232
1|2|08042018|0856|833|330410|31081994|423|2|1|1|5|5|NA|231205|312490|1|4042085|NA|314390|NA|NA|NA|NA|NA|NA|NA|NA|NA|NA|NA|NA|NA|NA|NA|NA|1|NA|NA|2|*O994|*I619|NA|NA|NA|O994|NA|16394|NA|08042018|NA|NA|NA|20190020|S|30092019|I619|17042018|2|S|S|3.2.02|3.2|3|17102019|O994/I619|17052018|NA|NA|08|0|1|557|81|NA|24072018|5|28062018|NA|1|M|NA|NA|NA|NA|NA|NA|261412
1|2|23112018|1915|831|315680|21071996|422|2|2|5|4|3|NA|999991|315680|1|2135914|NA|315680|NA|NA|NA|NA|NA|NA|NA|NA|NA|NA|NA|NA|NA|NA|NA|NA|NA|NA|NA|NA|*R571|*N939|*O441|NA|NA|O441|NA|68172|NA|23112018|NA|NA|NA|20180019|NA|NA|O441|10122018|1|S|S|3.2.02|3.2|NA|13122018|R571/N939/O441|13122018|NA|NA|12|0|1|020|89|NA|20022019|4|20022019|NA|1|M|NA|NA|NA|NA|NA|NA|262657
1|2|28082018|0700|831|310100|24081984|434|2|1|2|3|2|6|999992|312235|1|2139103|NA|310100|NA|NA|NA|NA|NA|NA|NA|NA|NA|NA|NA|NA|NA|NA|NA|NA|NA|NA|NA|NA|*R092|*O065|*E46X|NA|NA|O065|NA|27059|NA|28082018|NA|NA|NA|20180014|N|NA|O065|25102018|NA|S|S|3.2.00|3.2|NA|28022019|R092/O065/E46|28022019|NA|NA|03|0|1|184|106|NA|29042019|1|12122018|NA|1|M|NA|NA|NA|NA|NA|NA|263051
1|2|27032018|0115|NA|NA|31031995|422|2|5|2|4|3|NA|521110|316250|1|2173565|NA|316250|NA|NA|NA|NA|NA|NA|NA|NA|NA|NA|NA|NA|NA|4|2|1|1|NA|NA|2|*O891|*R688|*O149|NA|NA|O891|NA|28059|NA|27032018|NA|NA|NA|20180009|S|27042018|O891|11042018|NA|S|S|3.2.00|3.2|1|15052018|O891/R688/O149|15052018|NA|NA|12|0|1|049|31|NA|16052018|5|27042018|NA|1|R|NA|NA|NA|NA|NA|NA|264782
1|2|11072018|1300|831|314790|03041977|441|2|2|2|4|3|3|422105|314790|1|2775999|NA|314790|NA|NA|NA|NA|NA|NA|NA|NA|NA|NA|NA|NA|NA|4|2|1|1|NA|NA|2|*R688|*A419|*R570|*O990|*D570|O990|NA|NA|NA|11072018|NA|NA|NA|20180018|S|03092018|O990|31072018|5|S|S|3.2.00|3.2|2|27092018|R688/A419/R570/O990*D570|16082018|NA|NA|06|0|1|078|71|NA|20092018|5|20092018|NA|1|R|NA|NA|NA|NA|NA|NA|266259
1|2|22092018|1042|831|311280|21031998|420|2|1|1|4|2|8|999991|311280|1|2775999|NA|314790|NA|NA|NA|NA|NA|NA|NA|NA|NA|NA|NA|NA|NA|1|1|3|1|NA|NA|2|*R688|*A419|*K440|*O998|NA|O998|NA|51527|NA|22092018|NA|NA|NA|20180019|NA|NA|O998|27092018|5|S|S|3.2.00|3.2|NA|17102018|R688/A419/K440/O998|17102018|NA|NA|04|0|1|025|76|NA|16012019|1|07122018|NA|1|R|NA|NA|NA|NA|NA|NA|266930
1|2|12092018|NA|NA|NA|14071990|428|2|1|1|5|5|NA|422105|312800|3|NA|NA|312800|NA|NA|NA|NA|NA|NA|NA|NA|NA|NA|NA|NA|NA|4|2|1|2|NA|NA|2|*O95X|NA|NA|NA|*O882|O882|NA|44352|NA|12092018|NA|NA|NA|20190032|S|11122018|O95|14092018|5|S|S|3.2.00|3.2|1|12112019|O95*O882|28092018|NA|NA|08|0|1|426|90|NA|18102019|5|11122018|NA|2|M|NA|NA|NA|NA|NA|NA|271977
1|2|16072018|2240|831|312590|18061993|425|2|4|2|9|9|NA|999992|312590|1|2144522|NA|312590|NA|NA|NA|NA|NA|NA|NA|NA|NA|NA|NA|NA|NA|1|1|3|1|NA|NA|1|*O95X|NA|NA|NA|NA|O95|NA|44663|313170|17072018|NA|NA|NA|20200001|S|12012020|O95|27092018|3|S|S|3.2.00|3.2|1|17022020|O95|16102018|NA|NA|09|0|1|581|207|NA|08022019|1|08022019|NA|1|M|NA|NA|NA|NA|NA|NA|272367
1|2|04072018|1745|NA|NA|06111987|430|2|4|2|4|3|3|999992|315800|1|2218690|NA|313170|NA|NA|NA|NA|NA|NA|NA|NA|NA|NA|NA|NA|NA|4|2|1|NA|NA|NA|NA|*R571|*D65X|*O721|NA|*E669*I10X|O721|NA|51196|NA|04072018|NA|NA|NA|20190032|S|31102018|D65|16072018|NA|S|S|3.2.02|3.2|8|10122019|R571/D65/O721*E669 I10|31072018|NA|NA|06|0|1|524|119|NA|01112018|5|31102018|NA|1|M|NA|NA|NA|NA|NA|NA|272524
1|2|08012018|0500|831|311910|11021989|428|2|4|1|3|2|NA|999992|316720|1|2206528|NA|316720|NA|NA|NA|NA|NA|NA|NA|NA|NA|NA|NA|NA|NA|4|2|1|1|NA|NA|NA|*A419|*O85X|NA|NA|NA|O85|NA|NA|NA|08012018|NA|NA|NA|20190019|S|07112019|O85|01022018|2|S|S|3.2.02|3.2|1|29112019|A419/O85|15022018|NA|NA|11|0|1|690|98|NA|27112019|5|16042018|NA|1|M|NA|NA|NA|NA|NA|NA|272611
1|2|25032018|2235|831|316935|27081978|439|2|1|1|3|2|NA|999992|316720|1|2206528|NA|316720|NA|NA|NA|NA|NA|NA|NA|NA|NA|NA|NA|NA|NA|3|1|3|NA|NA|NA|NA|*A419|*O063|NA|NA|*O993*O998|O063|NA|NA|NA|25032018|NA|NA|NA|20190020|S|01112019|O065|24042018|2|S|S|3.2.02|3.2|1|11122019|A419/O063*O993 O998|14052018|NA|NA|11|0|1|626|101|NA|27112019|3|04072018|NA|3|M|NA|NA|NA|NA|NA|NA|273458
1|2|24012018|2210|831|310630|03081986|431|2|4|2|3|2|NA|999992|315240|1|2208172|NA|316860|NA|NA|NA|NA|NA|NA|NA|NA|NA|NA|NA|NA|NA|4|2|1|1|NA|NA|2|*I619|*O150|NA|NA|NA|O150|NA|47516|NA|24012018|NA|NA|NA|20180044|S|NA|O16|30012018|5|S|S|3.2.00|3.2|1|18102018|I619/O150|16022018|NA|NA|11|0|1|267|118|NA|22052018|5|22052018|NA|1|M|NA|NA|NA|NA|NA|NA|274101
1|2|15092018|1146|831|310620|14112001|416|2|2|1|3|2|NA|999992|316040|1|2144026|NA|316040|NA|NA|NA|NA|NA|NA|NA|NA|NA|NA|NA|NA|NA|2|1|3|1|NA|NA|2|*O742|NA|NA|NA|NA|O742|NA|18985|NA|15092018|NA|NA|NA|20190024|S|22072019|O995|27092018|5|S|S|3.2.00|3.2|1|13082019|O742|27092018|NA|NA|11|0|1|332|86|NA|05082019|4|10122018|NA|2|M|NA|NA|NA|NA|NA|NA|275794
1|2|26052018|1200|832|320520|24021979|439|2|4|1|3|2|NA|999992|313940|1|2099454|NA|317130|NA|NA|NA|NA|NA|NA|NA|NA|NA|NA|NA|NA|NA|4|2|1|NA|NA|NA|NA|*A419|*O715|NA|NA|NA|O715|NA|40917|NA|26052018|NA|NA|NA|20190025|S|NA|A419|12062018|2|S|S|3.2.02|3.2|1|23122019|A419/O715|28062018|NA|NA|11|0|1|576|122|NA|27092018|5|25092018|NA|1|R|NA|NA|NA|NA|NA|NA|278240
1|2|03092018|1020|831|317050|24091978|439|2|4|2|3|2|NA|999992|317050|1|2111640|NA|315210|NA|NA|NA|NA|NA|NA|NA|NA|NA|NA|NA|NA|NA|4|2|1|1|NA|NA|2|*O266*O141|NA|NA|NA|NA|O266|NA|48883|NA|03092018|NA|NA|NA|20190018|S|25092019|K760|11092018|NA|S|S|3.2.02|3.2|7|26092019|O266 O141|12092018|NA|NA|11|0|1|388|80|NA|22112018|4|22112018|NA|1|R|NA|NA|NA|NA|NA|NA|278659
1|2|21012018|1300|831|313670|20081977|440|2|1|2|4|2|8|999992|313670|1|2153882|NA|313670|NA|NA|NA|NA|NA|NA|NA|NA|NA|NA|NA|NA|NA|4|2|1|1|NA|NA|2|*R571*O994|*O711|NA|NA|NA|O711|NA|35943|NA|21012018|NA|NA|NA|20190024|S|08032018|O13|30012018|5|S|S|3.2.02|3.2|1|28112019|R571 O994/O711|09022018|NA|NA|04|0|1|676|46|NA|07052018|5|08032018|NA|2|R|NA|NA|NA|NA|NA|NA|279007
1|2|27032018|1055|831|317103|19061986|431|2|2|2|9|9|NA|999992|317103|1|6920977|NA|313510|NA|NA|NA|NA|NA|NA|NA|NA|NA|NA|NA|NA|NA|4|2|1|1|NA|NA|2|*R571|*O141|NA|NA|NA|O141|NA|62932|NA|27032018|NA|NA|NA|20180014|NA|NA|O141|17042018|1|S|S|3.2.02|3.2|NA|15052018|R571/O141|15052018|NA|NA|09|0|1|049|18|NA|04092018|5|14042018|NA|1|R|NA|NA|NA|NA|NA|NA|280469
1|2|24032018|1000|831|314330|30081977|440|2|4|4|2|1|NA|999992|314330|1|2149990|NA|314330|NA|NA|NA|NA|NA|NA|NA|NA|NA|NA|NA|NA|NA|4|2|1|1|NA|NA|2|*I633|*O722|NA|NA|NA|O722|NA|NA|NA|24032018|NA|NA|NA|20190053|S|NA|O722|27032018|NA|S|S|3.2.02|3.2|1|19092019|I633/O722|15052018|NA|NA|10|0|1|544|123|NA|26072018|5|25072018|NA|1|M|NA|NA|NA|NA|NA|NA|280672
1|2|16022018|0045|831|310710|07071995|422|2|4|1|NA|NA|NA|354705|310710|1|2139200|NA|316940|NA|NA|NA|NA|NA|NA|NA|NA|NA|NA|NA|NA|NA|3|1|3|1|NA|NA|2|*O240|NA|*A590|*O035|NA|O240|NA|62314|NA|16022018|NA|NA|NA|20190017|NA|NA|O240|26032018|2|S|S|3.2.02|3.2|NA|30082019|O240/ /A590/O035|27032018|NA|NA|NA|0|1|560|54|NA|17052018|3|11042018|NA|1|R|NA|NA|NA|NA|NA|NA|283367
1|2|24012018|2140|831|317070|13111981|436|2|4|1|4|3|NA|999992|317070|1|2761092|NA|317070|NA|NA|NA|NA|NA|NA|NA|NA|NA|NA|NA|NA|NA|4|2|1|1|NA|NA|2|*A418|*A150|*B24X|NA|*B200|B200|NA|67128|NA|24012018|NA|NA|NA|20190009|S|08052018|A483|16022018|5|S|S|3.2.00|3.2|8|29042019|A418/A150/B24*B200|27032018|NA|NA|12|0|1|460|104|NA|14052018|5|08052018|NA|1|R|NA|NA|NA|NA|NA|NA|283529
1|2|29042018|1115|831|313780|07021989|429|2|1|2|9|9|NA|999992|313780|3|NA|NA|313780|NA|NA|NA|NA|NA|NA|NA|NA|NA|NA|NA|NA|NA|1|1|3|1|NA|NA|2|*I219|*O994*I429|NA|NA|*F339*I10X|O994|NA|59046|NA|29042018|NA|NA|NA|20190027|S|30082018|I429|17052018|5|S|S|3.2.02|3.2|1|28112019|I219/O994 I429*F339 I10|04062018|NA|NA|09|0|1|578|123|NA|30082018|1|30082018|NA|1|M|NA|NA|NA|NA|NA|NA|283591
1|2|06082018|0715|816|160030|13071996|422|2|4|NA|NA|NA|NA|999991|160030|1|2020068|NA|160030|NA|NA|NA|NA|NA|NA|NA|NA|NA|NA|NA|NA|NA|4|2|1|1|NA|NA|2|*R048|NA|*O882|*O149|*O234|O882|NA|865|NA|06082018|NA|NA|NA|20190032|S|22032019|D696|13082018|1|S|S|3.2.02|3.2|8|02092019|R048/ /O882/O149*O234|20082018|NA|NA|NA|0|1|392|228|NA|16082019|5|22032019|NA|2|M|NA|NA|NA|NA|NA|NA|283961
1|2|06092018|0212|816|160023|09051987|431|2|4|5|4|3|NA|999992|160030|1|2020068|NA|160030|NA|NA|NA|NA|NA|NA|NA|NA|NA|NA|NA|NA|NA|4|2|1|1|NA|NA|2|*R092|*O723|*Y836*O822|*O330|*O450|O330|NA|865|NA|06092018|NA|NA|NA|20190041|S|02102018|O723|26092018|1|S|S|3.2.02|3.2|8|21112019|R092/O723/Y836 O822/O330*O450|28092018|NA|NA|12|0|1|441|26|NA|17102018|5|02102018|NA|3|M|NA|NA|NA|NA|NA|NA|284099
1|2|22112018|0030|816|160030|15021985|433|2|4|2|2|1|NA|999992|160030|1|2020068|NA|160030|NA|NA|NA|NA|NA|NA|NA|NA|NA|NA|NA|NA|NA|1|1|3|1|NA|NA|1|NA|*O249|NA|NA|NA|O249|NA|183|160030|22112018|NA|NA|NA|20190023|S|28122018|R99|11122018|3|S|S|3.2.00|3.2|8|11062019|/O249|17122018|NA|NA|10|0|1|201|36|NA|23052019|1|28122018|NA|2|M|NA|NA|NA|NA|NA|NA|284603
1|2|30122018|0825|816|160030|02021997|421|2|4|1|4|3|NA|999992|160040|1|2020068|NA|160030|NA|NA|NA|NA|NA|NA|NA|NA|NA|NA|NA|NA|NA|3|1|3|1|NA|NA|2|*O083|*O084|*O079|NA|NA|O078|NA|1409|NA|30122018|NA|NA|NA|20190008|S|01032019|O078|12022019|5|S|S|3.2.00|3.2|2|07032019|O083/O084/O079|14022019|NA|NA|12|0|1|067|100|NA|09042019|2|09042019|NA|1|E|NA|NA|NA|NA|NA|NA|284622
1|2|14112018|0100|823|230423|13101999|419|2|1|1|3|2|NA|999991|230423|5|NA|NA|230423|NA|NA|NA|NA|NA|NA|NA|NA|NA|NA|NA|NA|NA|1|1|3|1|NA|NA|1|*O994|*I619|NA|NA|NA|O994|NA|7207|230440|14112018|NA|NA|NA|20190035|S|19122018|I619|30112018|4|S|S|3.2.00|NA|7|03102019|O994/I619|28122018|NA|NA|11|0|1|323|35|NA|17012019|1|19122018|NA|1|M|NA|NA|NA|NA|NA|NA|285385
1|2|15112018|1050|823|230440|09081983|435|2|4|1|2|1|NA|999992|230765|1|2497654|NA|230440|NA|NA|NA|NA|NA|NA|NA|NA|NA|NA|NA|NA|NA|4|2|1|1|NA|NA|1|*T811*T814|*Y836|*O996*K251|NA|*O244*O996*K251|O996|NA|7207|230440|15112018|NA|NA|NA|20200004|S|25062019|K251|30112018|4|S|S|3.2.00|NA|1|05022020|T811 T814/Y836/O996 K251*O244 O996 K251|28122018|NA|NA|10|0|1|447|18|NA|08012019|5|03122018|NA|1|M|NA|NA|NA|NA|NA|NA|285401
1|2|11112018|2100|835|350950|13121989|428|2|4|2|5|5|NA|252210|230185|1|2611201|NA|230185|NA|NA|NA|NA|NA|NA|NA|NA|NA|NA|NA|NA|NA|4|2|1|1|NA|NA|1|*I269|*O888|NA|NA|NA|O888|NA|15147|230440|12112018|NA|NA|NA|20180051|S|29112018|O888|23112018|4|S|S|3.2.00|NA|8|28122018|I269/O888|29112018|NA|NA|08|0|1|047|18|NA|26122018|5|29112018|NA|1|M|NA|NA|NA|NA|NA|NA|285424
1|2|19082018|1930|823|230440|10071990|428|2|4|2|4|3|NA|521110|230370|1|2482339|NA|230440|NA|NA|NA|NA|NA|NA|NA|NA|NA|NA|NA|NA|NA|1|1|3|1|NA|NA|1|*I312|*O994*I710|NA|NA|*I059|O994|NA|8740|230440|20082018|NA|NA|NA|20190042|S|25092018|I710|23082018|4|S|S|3.2.00|NA|8|10122019|I312/O994 I710*I059|31082018|NA|NA|12|0|1|478|37|NA|03102019|1|25092018|NA|2|M|NA|NA|NA|NA|NA|NA|287214
1|2|20082018|0020|823|230970|16081982|436|2|4|1|2|1|NA|622005|230495|1|2561417|NA|230440|NA|NA|NA|NA|NA|NA|NA|NA|NA|NA|NA|NA|NA|4|2|1|1|NA|NA|1|*J969|*A199*O987|NA|NA|*B24X|B200|NA|7207|230440|20082018|NA|NA|NA|20200004|S|12112018|B200|23082018|4|S|S|3.2.00|NA|8|05022020|J969/A199 O987*B24|31082018|NA|NA|10|0|1|534|84|NA|17122019|5|12112018|NA|1|M|NA|NA|NA|NA|NA|NA|287219
1|2|22082018|1057|823|230640|29051997|421|2|4|1|4|3|NA|521130|230640|1|2552086|NA|230640|NA|NA|NA|NA|NA|NA|NA|NA|NA|NA|NA|NA|NA|1|1|3|1|NA|NA|1|*R571|*R601|*O985|*A91X|*N938*O985|O985|NA|5316|230440|22082018|NA|NA|NA|20200003|S|30082018|A91|27082018|4|S|S|3.2.00|NA|3|05022020|R571/R601/O985/A91*N938 O985|31082018|NA|NA|12|0|1|532|22|NA|14012020|1|13092018|NA|3|M|NA|NA|NA|NA|NA|NA|287608
1|2|02092018|0520|823|231180|18031983|435|2|2|1|9|9|NA|621005|231180|1|2328003|NA|231180|NA|NA|NA|NA|NA|NA|NA|NA|NA|NA|NA|NA|NA|4|2|1|1|NA|NA|2|*O152|NA|NA|NA|NA|O152|NA|11476|NA|02092018|NA|NA|NA|20190025|S|02022019|R99|06092018|1|S|S|3.2.00|3.2|8|28082019|O152|11092018|NA|NA|09|0|1|360|153|NA|27082019|5|02022019|NA|3|M|NA|NA|NA|NA|NA|NA|288236
1|2|05072018|1950|823|230730|06051990|428|2|4|2|3|2|NA|999992|230730|1|2564211|NA|230190|NA|NA|NA|NA|NA|NA|NA|NA|NA|NA|NA|NA|NA|5|2|2|1|NA|NA|2|*O998*C159|*C80X|NA|NA|NA|O998|NA|7828|NA|05072018|NA|NA|NA|20180030|S|24072018|O998|18072018|2|S|S|3.2.00|3.2|3|20082018|O998 C159/C80|30072018|NA|NA|11|0|1|046|19|NA|08112018|9|24072018|NA|NA|M|NA|NA|NA|NA|NA|NA|288976
1|2|13072018|1313|823|231370|25061982|436|2|4|2|3|2|5|621005|230380|1|2564211|NA|230190|NA|NA|NA|NA|NA|NA|NA|NA|NA|NA|NA|NA|NA|4|2|1|1|NA|NA|1|*A419*R571|*K661|*O994|*O908|*R02X|O994|NA|11890|230190|13072018|NA|NA|NA|20180029|S|24072018|O994|20072018|4|S|S|3.2.00|3.2|3|30072018|A419 R571/K661/O994/O908*R02|30072018|NA|NA|03|0|1|017|17|NA|23082018|5|30072018|NA|2|M|NA|NA|NA|NA|NA|NA|289031
1|2|08092018|0410|823|230523|01061990|428|2|4|1|3|2|NA|414210|230523|1|2497654|NA|230440|NA|NA|NA|NA|NA|NA|NA|NA|NA|NA|NA|NA|NA|4|2|1|1|NA|NA|2|*R578*A419|NA|*O622|NA|*N179|O622|NA|11938|NA|08092018|NA|NA|NA|20190043|S|26112019|N179|19092018|2|S|S|3.2.00|NA|1|10122019|R578 A419/ /O622*N179|24092018|NA|NA|11|0|1|458|100|NA|17122018|5|17122018|NA|1|M|NA|NA|NA|NA|NA|NA|290827
1|2|28092018|2315|823|230870|20101984|433|2|4|2|3|2|NA|763015|230870|1|2499363|NA|230440|NA|NA|NA|NA|NA|NA|NA|NA|NA|NA|NA|NA|NA|4|2|1|1|NA|NA|2|*D65X|*O450|NA|NA|NA|O450|NA|4713|NA|28092018|NA|NA|NA|20180052|S|05122018|O450|03102018|2|S|S|3.2.00|NA|8|28122018|D65/O450|18102018|NA|NA|11|0|1|091|68|NA|16052019|5|05122018|NA|3|M|NA|NA|NA|NA|NA|NA|291603
1|2|24092018|0900|823|231130|15111977|440|2|4|2|4|3|NA|NA|230440|1|2415631|NA|230440|NA|NA|NA|NA|NA|NA|NA|NA|NA|NA|NA|NA|NA|4|2|1|1|NA|NA|2|*R578|*O141|NA|NA|NA|O141|NA|15460|NA|24092018|NA|NA|NA|20180049|S|23102018|O141|11102018|2|S|S|3.2.00|NA|3|29112018|R578/O141|18102018|NA|NA|12|0|1|066|60|NA|23112018|5|23112018|NA|1|M|NA|NA|NA|NA|NA|NA|291972
1|2|02092018|1540|823|231170|10052003|415|2|4|1|3|2|NA|999994|231170|1|3021114|NA|231290|NA|NA|NA|NA|NA|NA|NA|NA|NA|NA|NA|NA|NA|1|1|3|1|NA|NA|2|*A419|*O998*N179|*O039|*M359|NA|O998|NA|4506|NA|02092018|NA|NA|NA|20190013|S|18102018|N179|11092018|1|S|S|3.2.00|3.2|8|01082019|A419/O998 N179/O039/M359|18092018|NA|NA|11|0|1|333|46|NA|13112018|1|18102018|NA|1|M|NA|NA|NA|NA|NA|NA|292877
1|2|20082018|2030|823|230170|13011982|436|2|1|2|4|3|NA|NA|230320|1|6779522|NA|230730|NA|NA|NA|NA|NA|NA|NA|NA|NA|NA|NA|NA|NA|5|2|2|1|NA|NA|2|*O903*I500|NA|NA|NA|NA|O903|NA|11890|230190|21082018|NA|NA|NA|20190001|S|19092018|I500|24082018|4|S|S|3.2.00|3.2|2|11012019|O903 I500|31082018|NA|NA|12|0|1|144|46|NA|05102018|6|05102018|NA|1|M|NA|NA|NA|NA|NA|NA|293473
1|2|27092018|0816|824|240800|13021987|431|2|1|1|4|3|NA|354145|240800|1|9119701|NA|240800|NA|NA|NA|NA|NA|NA|NA|NA|NA|NA|NA|NA|NA|5|2|2|1|NA|NA|1|*O95X|NA|NA|NA|NA|O95|NA|NA|NA|NA|NA|NA|NA|20190023|S|20112018|O266|21112018|NA|S|S|3.2.00|3.2|8|05092019|O95|22112018|NA|NA|12|0|1|343|54|NA|27092019|6|20112018|NA|2|M|NA|NA|NA|NA|NA|NA|294386
1|2|19102018|2245|825|250430|10011977|441|2|1|5|1|0|NA|999992|240810|1|2653982|NA|240810|NA|NA|NA|NA|NA|NA|NA|NA|NA|NA|NA|NA|NA|4|2|1|1|NA|NA|2|*R571|*D65X|*O904|*O150|*O822|O150|NA|6440|NA|19102018|NA|NA|NA|20190041|S|16102019|O996|09112018|2|S|S|3.2.00|3.2|3|05112019|R571/D65/O904/O150*O822|09112018|NA|NA|00|0|1|382|362|NA|16102019|5|16102019|NA|3|M|NA|NA|NA|NA|NA|NA|294747
1|2|22102018|0725|824|240810|21051997|421|2|4|1|2|1|NA|999991|240810|1|2409208|NA|240810|NA|NA|NA|NA|NA|NA|NA|NA|NA|NA|NA|NA|NA|4|2|1|1|NA|NA|1|*A419|*O862|*N12X|NA|NA|O862|NA|7395|240810|22102018|NA|NA|NA|20190009|S|19122018|O862|14112018|3|S|S|3.2.00|3.2|8|01032019|A419/O862/N12|16112018|NA|NA|10|0|1|130|58|NA|19122018|5|19122018|NA|1|E|NA|NA|NA|NA|NA|NA|295384
1|2|26122018|0348|824|240810|07051990|428|2|4|1|4|3|NA|763010|240810|5|NA|NA|240810|NA|NA|NA|NA|NA|NA|NA|NA|NA|NA|NA|NA|NA|1|1|3|2|NA|NA|1|*J81X|*I219|*O13X|NA|*Q231|O13|NA|3734|240810|26122018|NA|NA|NA|20190013|S|13032019|O13|19022019|4|S|S|3.2.00|3.2|8|27052019|J81/I219/O13*Q231|22022019|NA|NA|12|0|1|152|77|NA|04042019|1|13032019|NA|1|M|NA|NA|NA|NA|NA|NA|295779
1|2|15082018|1430|823|230840|24051989|429|2|4|2|3|2|NA|621005|230840|1|4010868|NA|230190|NA|NA|NA|NA|NA|NA|NA|NA|NA|NA|NA|NA|NA|5|2|2|NA|NA|NA|NA|*R570|*I509|*O994*I38X|NA|*J189|O994|NA|17715|NA|15082018|NA|NA|NA|20180033|S|15082018|I38|24082018|NA|S|S|3.2.00|3.2|3|31082018|R570/I509/O994 I38*J189|31082018|NA|NA|11|0|1|016|33|NA|17092018|9|17092018|NA|NA|M|NA|NA|NA|NA|NA|NA|296176
1|2|25082018|1009|823|230820|24051989|429|2|4|1|2|1|NA|999992|230820|1|6848710|NA|231290|NA|NA|NA|NA|NA|NA|NA|NA|NA|NA|NA|NA|NA|4|2|1|1|NA|NA|2|*O268|NA|NA|NA|NA|O268|NA|16593|NA|25082018|NA|NA|NA|20190001|S|25092018|O268|31082018|1|S|S|3.2.00|3.2|8|15012019|O268|05092018|NA|NA|10|0|1|143|31|NA|25102018|5|25092018|NA|1|M|NA|NA|NA|NA|NA|NA|296760
1|2|15102018|0100|825|250680|09011978|440|2|4|NA|NA|NA|NA|NA|250940|3|NA|NA|250680|NA|NA|NA|NA|NA|NA|NA|NA|NA|NA|NA|NA|NA|1|1|3|2|NA|NA|1|*J960|*O994|*I519|*I269|NA|O994|NA|4713|250750|15102018|NA|NA|NA|20190015|N|NA|O994|18112018|3|S|S|3.2.00|3.2|NA|16052019|J960/O994/I519/I269|20112018|NA|NA|NA|0|1|213|56|NA|10122018|1|10122018|NA|1|M|NA|NA|NA|NA|NA|NA|297816
1|2|14112018|1345|825|250180|19081998|420|2|4|1|1|0|NA|999992|251370|1|2399644|NA|250750|NA|NA|NA|NA|NA|NA|NA|NA|NA|NA|NA|NA|NA|4|2|1|1|NA|NA|1|*O878*I279*O809|NA|NA|NA|NA|O878|NA|6270|250750|15112018|NA|NA|NA|20180052|S|15112018|I279|16112018|4|S|S|3.2.00|3.2|5|07122018|O878 I279 O809|16112018|NA|NA|00|0|1|023|125|NA|19032019|5|19032019|NA|1|M|NA|NA|NA|NA|NA|NA|299027
1|2|17082018|1120|821|210090|23061988|430|2|2|1|9|9|NA|512105|520025|1|0010537|NA|530010|NA|NA|NA|NA|NA|NA|NA|NA|NA|NA|NA|NA|NA|4|2|1|1|NA|NA|2|*A419|*J189*O995|*O149|NA|*E669*N179|O149|NA|16938|NA|17082018|NA|NA|NA|20190055|S|25102018|O85|21082018|2|S|S|3.2.00|3.2|1|06092019|A419/J189 O995/O149*E669 N179|28082018|NA|NA|09|0|1|385|69|NA|14112018|5|25102018|NA|3|M|NA|NA|NA|NA|NA|NA|301112
1|2|07092018|1730|829|290070|NA|427|2|2|1|3|2|NA|999992|521250|1|0010537|NA|530010|NA|NA|NA|NA|NA|NA|NA|NA|NA|NA|NA|NA|NA|4|2|1|1|NA|NA|2|*A419|*O829|*O149|NA|*Q141*N179|O149|NA|16938|NA|07092018|NA|NA|NA|20190012|S|17102018|O149|31102018|2|S|S|3.2.00|3.2|1|08032019|A419/O829/O149*Q141 N179|06112018|NA|NA|11|0|1|182|40|NA|16042019|5|17102018|NA|2|M|NA|NA|NA|NA|NA|NA|301113
1|2|12102018|0150|853|530010|05121996|421|2|1|1|5|4|NA|252305|521250|1|0010537|NA|530010|NA|NA|NA|NA|NA|NA|NA|NA|NA|NA|NA|NA|NA|1|1|3|NA|NA|NA|NA|*O751*R579|*O995*J189|NA|NA|NA|O995|NA|14586|NA|12102018|NA|NA|NA|20190012|S|24102018|O995|17102018|2|S|S|3.2.00|3.2|1|08032019|O751 R579/O995 J189|24102018|NA|NA|07|0|1|147|12|NA|29112018|1|24102018|NA|1|M|NA|NA|NA|NA|NA|NA|301114
1|2|22122018|1325|853|530010|03011990|428|2|1|1|4|3|NA|999992|530010|1|0010537|NA|530010|NA|NA|NA|NA|NA|NA|NA|NA|NA|NA|NA|NA|NA|5|2|2|NA|NA|NA|NA|*O751*A419|*O995|NA|NA|*O998*N19X|O995|NA|14586|NA|22122018|NA|NA|NA|20190024|S|09042019|O995|27122018|NA|S|S|3.2.00|3.2|1|08052019|O751 A419/O995*O998 N19|28122018|NA|NA|12|0|1|137|108|NA|03072019|6|09042019|NA|3|M|NA|NA|NA|NA|NA|NA|301116
1|2|08092018|NA|815|150140|04071984|434|2|4|1|5|5|NA|241005|530010|1|6730914|NA|530010|NA|NA|NA|NA|NA|NA|NA|NA|NA|NA|NA|NA|NA|4|2|1|1|NA|NA|1|*O95X|NA|NA|NA|*O16X*O249|O16|NA|12916|530010|09092018|NA|NA|NA|20190007|S|28012019|O95|10092018|3|S|S|3.2.00|3.2|1|14022019|O95*O16 O249|14092018|NA|NA|08|0|1|159|142|NA|28012019|5|28012019|NA|1|M|NA|NA|NA|NA|NA|NA|301340
1|2|08022018|1130|852|520620|15111986|431|2|4|5|9|9|NA|521110|520620|1|0010472|NA|530010|NA|NA|NA|NA|NA|NA|NA|NA|NA|NA|NA|NA|NA|4|2|1|1|NA|NA|2|*R578|*O622*R092|*O822|NA|NA|O622|NA|18704|NA|08022018|NA|NA|NA|20180051|S|27042018|O622|09022018|1|S|S|3.2.00|3.2|1|20112018|R578/O622 R092/O822|26032018|NA|NA|09|0|1|285|78|NA|27042018|5|27042018|NA|1|M|NA|NA|NA|NA|NA|NA|301710
1|2|09012018|1330|826|261610|01121986|431|2|4|1|4|3|NA|999994|530010|1|2649497|NA|530010|NA|NA|NA|NA|NA|NA|NA|NA|NA|NA|NA|NA|NA|4|2|1|1|NA|NA|1|*A419|*O030*N10X|NA|NA|NA|O030|NA|19579|530010|11012018|NA|NA|NA|20200005|S|05102018|R99|21022018|3|S|S|3.2.00|3.2|8|22012020|A419/O030 N10|26032018|NA|NA|12|0|1|743|233|NA|03092019|3|30082018|NA|2|M|NA|NA|NA|NA|NA|NA|302026
1|2|21032018|0819|NA|NA|18091986|431|2|4|2|4|3|NA|999992|530010|1|0010499|NA|530010|NA|NA|NA|NA|NA|NA|NA|NA|NA|NA|NA|NA|NA|4|2|1|1|NA|NA|2|*O709|NA|NA|NA|NA|O709|NA|12809|NA|21032018|NA|NA|NA|20190006|S|28012019|O95|02042018|1|S|S|3.2.00|3.2|1|04022019|O709|05042018|NA|NA|12|0|1|320|NA|NA|22052018|5|NA|NA|1|M|NA|NA|NA|NA|NA|NA|302534
1|2|18012018|0215|853|530010|09011988|430|2|4|4|5|5|NA|422305|530010|1|3018520|NA|530010|NA|NA|NA|NA|NA|NA|NA|NA|NA|NA|NA|NA|NA|4|2|1|1|NA|NA|2|*A419*O751|*N390*O862|NA|NA|NA|O862|NA|15768|NA|18012018|NA|NA|NA|20190005|S|23052018|O998|20022018|1|S|S|3.2.00|3.2|1|31012019|A419 O751/N390 O862|26032018|NA|NA|08|0|1|378|125|NA|23052018|5|23052018|NA|1|M|NA|NA|NA|NA|NA|NA|302767
1|2|12072018|0200|853|530010|14021987|431|2|2|2|2|1|NA|NA|530010|1|0010499|NA|530010|NA|NA|NA|NA|NA|NA|NA|NA|NA|NA|NA|NA|NA|4|2|1|1|NA|NA|2|*O868*A419|*O718*Y600|*O821|NA|*O151|O718|NA|7988|NA|12072018|NA|NA|NA|20190005|S|16082018|O868|10082018|2|S|S|3.2.00|3.2|1|31012019|O868 A419/O718 Y600/O821*O151|14082018|NA|NA|10|0|1|203|35|NA|14092018|5|16082018|NA|3|M|NA|NA|NA|NA|NA|NA|304360
1|2|21032018|0720|853|530010|24011991|427|2|4|2|5|5|NA|223710|530010|1|2649497|NA|530010|NA|NA|NA|NA|NA|NA|NA|NA|NA|NA|NA|NA|NA|4|2|1|1|NA|NA|2|*R571|*D65X|*O450|NA|*I10X*D259|O450|NA|8068|NA|21032018|NA|NA|NA|20190068|S|19122018|O13|02042018|1|S|S|3.2.00|3.2|1|08112019|R571/D65/O450*I10 D259|05042018|NA|NA|08|0|1|597|273|NA|04092019|5|19122018|NA|2|M|NA|NA|NA|NA|NA|NA|304391
1|2|13042018|1050|853|530010|11091994|423|2|2|1|3|2|NA|516120|530010|1|3276678|NA|530010|NA|NA|NA|NA|NA|NA|NA|NA|NA|NA|NA|NA|NA|4|2|1|1|NA|NA|2|*O751*R570|*O998*C380|*C499|NA|*O909|O998|NA|NA|NA|13042018|NA|NA|NA|20180023|S|NA|O998|16042018|1|S|S|3.2.00|3.2|1|15062018|O751 R570/O998 C380/C499*O909|18042018|NA|NA|11|0|1|063|NA|NA|22052018|5|NA|NA|1|M|NA|NA|NA|NA|NA|NA|304941
1|2|25032018|1145|835|351380|21111996|421|2|4|5|4|3|NA|999992|530010|1|0010510|NA|530010|NA|NA|NA|NA|NA|NA|NA|NA|NA|NA|NA|NA|NA|1|1|3|1|NA|NA|9|*R571|*K922|*O998|NA|*C835|O998|NA|NA|NA|25032018|NA|NA|NA|20190029|S|25042018|C835|26042018|1|S|S|3.2.00|3.2|1|31052019|R571/K922/O998*C835|27042018|NA|NA|12|0|1|432|31|NA|16042019|1|25042018|NA|1|M|NA|NA|NA|NA|NA|NA|305624
1|2|10062018|1050|817|172120|15051996|422|2|4|5|4|3|NA|999992|530010|1|2815966|NA|530010|NA|NA|NA|NA|NA|NA|NA|NA|NA|NA|NA|NA|NA|2|1|3|1|NA|NA|2|*R578|*J969|*O882*I269|NA|NA|O882|NA|16165|NA|10062018|NA|NA|NA|20180055|S|16082018|O882|21062018|2|S|S|3.2.00|3.2|1|11122018|R578/J969/O882 I269|25062018|NA|NA|12|0|1|184|67|NA|16082018|4|16082018|NA|1|M|NA|NA|NA|NA|NA|NA|306039
1|2|18072018|1731|826|260390|16091983|434|2|1|2|5|5|NA|999992|530010|1|0010499|NA|530010|NA|NA|NA|NA|NA|NA|NA|NA|NA|NA|NA|NA|NA|1|1|3|NA|NA|NA|NA|*I959*D649|*K922|*Y839|*O019|*N179|O019|NA|24603|NA|18072018|NA|NA|NA|20190051|S|25072019|K922|25072018|1|S|S|3.2.00|3.2|3|29082019|I959 D649/K922/Y839/O019*N179|27072018|NA|NA|08|0|1|407|20|NA|08082018|9|07082018|NA|NA|M|NA|NA|NA|NA|NA|NA|306563
1|2|22042018|2015|831|316110|15051987|430|2|2|5|4|3|NA|512120|317052|1|0010456|NA|530010|NA|NA|NA|NA|NA|NA|NA|NA|NA|NA|NA|NA|NA|4|2|1|1|NA|NA|2|*I674|*I619|*O141|NA|*O13X|O141|NA|NA|NA|23042018|NA|NA|NA|20190064|S|21102019|O141|25042018|1|S|S|3.2.00|3.2|1|25102019|I674/I619/O141*O13|27042018|NA|NA|12|0|1|551|599|NA|13122019|5|12122019|NA|1|M|NA|NA|NA|NA|NA|NA|306653
1|2|26052018|0743|835|352590|17101975|442|2|1|2|5|5|NA|999992|530010|1|0010510|NA|530010|NA|NA|NA|NA|NA|NA|NA|NA|NA|NA|NA|NA|NA|4|2|1|1|NA|NA|2|*A419|*N12X|*O998|NA|*C439|O998|NA|21282|NA|26052018|NA|NA|NA|20190005|S|31102018|O998|13062018|5|S|S|3.2.00|3.2|3|31012019|A419/N12/O998*C439|15062018|NA|NA|08|0|1|250|501|NA|09102019|5|09102019|NA|1|M|NA|NA|NA|NA|NA|NA|307811
1|2|29062018|1230|852|520530|08111977|440|2|4|1|4|3|NA|516110|530010|1|0010456|NA|530010|NA|NA|NA|NA|NA|NA|NA|NA|NA|NA|NA|NA|NA|4|2|1|1|NA|NA|2|*I619|*O909|NA|NA|*R960|O909|NA|24036|NA|29062018|NA|NA|NA|20200006|S|01082019|I619|05072018|1|S|S|3.2.00|3.2|3|28012020|I619/O909*R960|06072018|NA|NA|12|0|1|578|NA|NA|NA|NA|NA|NA|NA|NA|NA|NA|NA|NA|NA|NA|307883
1|2|22062018|1541|821|211300|20031986|432|2|1|1|4|3|NA|999994|522185|1|5717515|NA|530010|NA|NA|NA|NA|NA|NA|NA|NA|NA|NA|NA|NA|NA|4|2|1|1|NA|NA|NA|*A419|*J81X|*O141|NA|*E059*I10X|O141|NA|21185|NA|22062018|NA|NA|NA|20180034|S|03082018|O998|19072018|5|S|S|3.2.00|3.2|3|14082018|A419/J81/O141*E059 I10|20072018|NA|NA|12|0|1|053|75|NA|15102019|5|05092018|NA|1|E|NA|NA|NA|NA|NA|NA|308287
1|2|30062018|2045|853|530010|01031984|434|2|1|5|2|1|NA|999992|530010|1|0010502|NA|530010|NA|NA|NA|NA|NA|NA|NA|NA|NA|NA|NA|NA|NA|4|2|1|1|NA|NA|2|*R688|*R579|*O868|NA|*O411|O868|NA|8434|NA|30062018|NA|NA|NA|20190027|S|03102018|O868|05072018|2|S|S|3.2.00|3.2|1|23052019|R688/R579/O868*O411|06072018|NA|NA|10|0|1|327|95|NA|03052019|5|03102018|NA|3|M|NA|NA|NA|NA|NA|NA|308523
1|2|06072018|2309|823|230410|21021984|434|2|1|9|4|3|NA|322205|530010|1|3018520|NA|530010|NA|NA|NA|NA|NA|NA|NA|NA|NA|NA|NA|NA|NA|4|2|1|NA|NA|NA|NA|*R571*O711|*O720|NA|NA|NA|O720|NA|23212|NA|06072018|NA|NA|NA|20190068|S|19122018|O720|10082018|1|S|S|3.2.00|3.2|1|08112019|R571 O711/O720|14082018|NA|NA|12|0|1|490|166|NA|04092019|5|19122018|NA|3|M|NA|NA|NA|NA|NA|NA|308737
1|2|27062018|0820|821|210300|25111982|435|2|1|2|5|4|NA|411010|530010|2|7078730|NA|530010|NA|NA|NA|NA|NA|NA|NA|NA|NA|NA|NA|NA|NA|1|1|3|2|NA|NA|1|*O081|*O001|NA|NA|NA|O001|NA|6108|530010|28062018|NA|NA|NA|20190005|S|06082018|O001|20072018|4|S|S|3.2.00|3.2|1|31012019|O081/O001|24072018|NA|NA|07|0|1|218|40|NA|06082018|1|06082018|NA|1|M|NA|NA|NA|NA|NA|NA|308791
1|2|31082018|1227|853|530010|05041994|424|2|4|1|4|3|NA|999991|530010|1|2645157|NA|530010|NA|NA|NA|NA|NA|NA|NA|NA|NA|NA|NA|NA|NA|4|2|1|1|NA|NA|1|*R571|*I269|*O871|NA|*O001|O871|NA|11068|NA|02092018|NA|NA|NA|20200005|S|31072019|I802|06092018|NA|S|S|3.2.00|3.2|8|22012020|R571/I269/O871*O001|06092018|NA|NA|12|0|1|509|446|NA|20112019|6|20112019|NA|1|M|NA|NA|NA|NA|NA|NA|310230
1|2|15092018|1915|853|530010|27071987|431|2|1|1|4|3|NA|512105|530010|1|0010480|NA|530010|NA|NA|NA|NA|NA|NA|NA|NA|NA|NA|NA|NA|NA|8|2|3|2|NA|NA|2|*R960|*I358|*O722*Q874|NA|*Q654*H271|O722|NA|11068|530010|16092018|NA|NA|NA|20190013|S|05022019|Q874|23112018|4|S|S|3.2.00|3.2|1|13032019|R960/I358/O722 Q874*Q654 H271|27112018|NA|NA|12|0|1|179|143|NA|05022019|9|05022019|NA|NA|M|NA|NA|NA|NA|NA|NA|310920
1|2|30092018|1347|835|355030|15011984|434|2|1|2|5|5|NA|NA|530010|1|2649497|NA|530010|NA|NA|NA|NA|NA|NA|NA|NA|NA|NA|NA|NA|NA|5|2|2|NA|NA|NA|NA|*R570|*I269*O882|NA|NA|*N078*I10X|O882|NA|21523|NA|30092018|NA|NA|NA|20200005|S|02092019|I269|25102018|1|S|S|3.2.00|3.2|1|22012020|R570/I269 O882*N078 I10|30102018|NA|NA|08|0|1|479|337|NA|02092019|6|02092019|NA|1|M|NA|NA|NA|NA|NA|NA|311436
1|2|12102018|0256|853|530010|08011976|442|2|4|5|5|5|NA|231205|530010|1|2815966|NA|530010|NA|NA|NA|NA|NA|NA|NA|NA|NA|NA|NA|NA|NA|4|2|1|NA|NA|NA|NA|*K720|*K769|*O266|NA|NA|O266|NA|15581|NA|12102018|NA|NA|NA|20200005|S|07082019|O266|12112018|NA|S|S|3.2.00|3.2|1|22012020|K720/K769/O266|13112018|NA|NA|08|0|1|467|299|NA|21082019|3|07082019|NA|1|M|NA|NA|NA|NA|NA|NA|311532
1|2|05112018|0903|853|530010|09101993|425|2|1|2|5|5|NA|411010|530010|1|2649497|NA|530010|NA|NA|NA|NA|NA|NA|NA|NA|NA|NA|NA|NA|NA|4|2|1|NA|NA|NA|NA|*K729|*O266|NA|NA|*A419*K650|O266|NA|14701|NA|05112018|NA|NA|NA|20190024|S|19022019|O266|29112018|5|S|S|3.2.00|3.2|1|08052019|K729/O266*A419 K650|04122018|NA|NA|08|0|1|184|106|NA|04092019|5|19022019|NA|2|M|NA|NA|NA|NA|NA|NA|312253
1|2|29102018|0712|822|220290|27101980|438|2|4|4|2|1|NA|512105|530010|1|0010510|NA|530010|NA|NA|NA|NA|NA|NA|NA|NA|NA|NA|NA|NA|NA|4|2|1|1|NA|NA|9|*R092|*A419|*O860|NA|*O992*E875*O998*C845|O860|NA|NA|NA|29102018|NA|NA|NA|20190042|S|17122018|O998|31102018|2|S|S|3.2.00|3.2|3|17072019|R092/A419/O860*O992 E875 O998 C845|06112018|NA|NA|10|0|1|261|210|NA|27052019|5|27052019|NA|1|M|NA|NA|NA|NA|NA|NA|312360
1|2|19022018|0156|852|520870|08101988|429|2|2|2|5|4|NA|141410|520870|1|2337754|NA|520870|NA|NA|NA|NA|NA|NA|NA|NA|NA|NA|NA|NA|NA|1|1|3|1|NA|NA|2|*R578|*D65X|*O340*O718|NA|*O000|O340|NA|10320|NA|19022018|NA|NA|NA|20190073|S|30042019|O711|18052018|2|S|S|3.2.00|3.2|1|10102019|R578/D65/O340 O718*O000|22052018|NA|NA|07|0|1|598|225|NA|15102019|1|02102018|NA|2|E|NA|NA|NA|NA|NA|NA|312890
1|2|10012018|0020|851|510340|26041982|435|2|1|2|5|5|NA|142105|520870|1|2339196|NA|520870|NA|NA|NA|NA|NA|NA|NA|NA|NA|NA|NA|NA|NA|4|2|1|1|NA|NA|2|*R688|*D65X|*O152|*O149|*O309*O622*N390|O152|NA|13690|NA|10012018|NA|NA|NA|20190072|S|08022018|O235|19012018|2|S|S|3.2.00|3.2|1|04102019|R688/D65/O152/O149*O309 O622 N390|22012018|NA|NA|08|0|1|632|29|NA|26032019|5|08022018|NA|2|E|NA|NA|NA|NA|NA|NA|313479
1|2|06012018|2145|821|210890|14111982|435|2|4|5|4|3|NA|421125|520970|1|2589605|NA|520140|NA|NA|NA|NA|NA|NA|NA|NA|NA|NA|NA|NA|NA|2|1|3|1|NA|NA|1|*R571|*O266*D65X|*O150|NA|NA|O150|NA|18100|520870|07012018|NA|NA|NA|20190085|S|23072018|R99|02022018|4|S|S|3.2.00|3.2|5|12122019|R571/O266 D65/O150|02022018|NA|NA|12|0|1|705|249|NA|17092018|4|12092018|NA|1|M|NA|NA|NA|NA|NA|NA|313776
1|2|23012018|1235|852|520140|30061992|425|2|4|1|3|2|NA|999992|520870|1|2338262|NA|520870|NA|NA|NA|NA|NA|NA|NA|NA|NA|NA|NA|NA|NA|4|2|1|1|NA|NA|1|*A419|*K650|*R100|*O85X|*F102*F172*F192*O809|O85|NA|20083|520870|23012018|NA|NA|NA|20190043|S|14032018|R99|28022018|4|S|S|3.2.00|3.2|1|24072019|A419/K650/R100/O85*F102 F172 F192 O809|01032018|NA|NA|11|0|1|547|10|NA|28112019|5|02022018|NA|3|E|NA|NA|NA|NA|NA|NA|314305
1|2|20022018|0100|829|292140|02121978|439|2|1|NA|NA|NA|NA|999992|520870|1|2338424|NA|520870|NA|NA|NA|NA|NA|NA|NA|NA|NA|NA|NA|NA|NA|4|2|1|1|NA|NA|2|*R570|*R688|*A419|*O995*J159|*O809*K729*F102*F192|O995|NA|4148|NA|20022018|NA|NA|NA|20190074|S|10052018|O903|23032018|2|S|S|3.2.00|3.2|1|17102019|R570/R688/A419/O995 J159*O809 K729 F102 F192|23032018|NA|NA|NA|0|1|604|79|NA|14102019|5|10052018|NA|2|E|NA|NA|NA|NA|NA|NA|315135
1|2|15022018|2040|817|170950|13051979|438|2|1|2|4|3|NA|999992|520870|1|9082875|NA|520870|NA|NA|NA|NA|NA|NA|NA|NA|NA|NA|NA|NA|NA|4|2|1|1|NA|NA|1|*R571|*O721|NA|NA|NA|O721|NA|7928|520870|16022018|NA|NA|NA|20190022|S|19032019|R99|12032018|4|S|S|3.2.00|3.2|1|04042019|R571/O721|12032018|NA|NA|12|0|1|413|84|NA|10052018|5|10052018|NA|1|M|NA|NA|NA|NA|NA|NA|315389
1|2|13032018|2025|852|520960|30091980|437|2|4|1|4|3|NA|352210|520960|1|2339196|NA|520870|NA|NA|NA|NA|NA|NA|NA|NA|NA|NA|NA|NA|NA|4|2|1|1|NA|NA|2|*R571|*O720|NA|NA|*O829*E669|O720|NA|13690|NA|13032018|NA|NA|NA|20190075|S|12112018|O720|15052018|2|S|S|3.2.00|3.2|8|28102019|R571/O720*O829 E669|22052018|NA|NA|12|0|1|594|244|NA|13112018|5|12112018|NA|1|M|NA|NA|NA|NA|NA|NA|316114
1|2|21032018|1115|852|520490|30121987|430|2|4|1|3|2|7|763210|520140|1|2339196|NA|520870|NA|NA|NA|NA|NA|NA|NA|NA|NA|NA|NA|NA|NA|1|1|3|1|NA|NA|1|*D62X|*O001|*R100*O468|NA|*N10X*E149|O001|NA|10313|520870|21032018|NA|NA|NA|20190085|S|11062019|R99|12062018|4|S|S|3.2.00|3.2|3|12122019|D62/O001/R100 O468*N10 E149|19062018|NA|NA|03|0|1|631|225|NA|15102019|1|01112018|NA|2|E|NA|NA|NA|NA|NA|NA|316925
1|2|13042018|0600|852|520440|19121977|440|2|4|1|5|4|NA|413110|520870|1|2518406|NA|520870|NA|NA|NA|NA|NA|NA|NA|NA|NA|NA|NA|NA|NA|1|1|3|9|NA|NA|1|*J969|*J81X|*O994*I219|NA|NA|O994|NA|7928|520870|13042018|NA|NA|NA|20190088|S|17082018|R99|14082018|4|S|S|3.2.00|3.2|8|19122019|J969/J81/O994 I219|16082018|NA|NA|07|0|1|615|40|NA|15102019|1|23052018|NA|2|E|NA|NA|NA|NA|NA|NA|317871
1|2|15042018|1200|823|230560|26091980|437|2|4|2|4|3|NA|516205|520870|2|2339315|NA|520870|NA|NA|NA|NA|NA|NA|NA|NA|NA|NA|NA|NA|NA|1|1|3|1|NA|NA|1|*R571|*O266|*O150|NA|NA|O150|NA|17000|520870|15042018|NA|NA|NA|20190088|S|26022019|R99|14082018|4|S|S|3.2.00|3.2|1|19122019|R571/O266/O150|16082018|NA|NA|12|0|1|613|38|NA|25032019|1|23052018|NA|2|E|NA|NA|NA|NA|NA|NA|318007
1|2|14022018|1440|852|520110|21041990|427|2|4|1|3|2|NA|515225|520110|1|2361787|NA|520110|NA|NA|NA|NA|NA|NA|NA|NA|NA|NA|NA|NA|NA|4|2|1|1|NA|NA|2|*O995|*O868|*O903|*O998|*O266*O880|O995|NA|8684|520110|14022018|NA|NA|NA|20190051|S|07062018|J180|05032018|4|S|S|3.2.00|3.2|8|01082019|O995/O868/O903/O998*O266 O880|09032018|NA|NA|11|0|1|533|NA|NA|26032019|5|NA|NA|2|M|NA|NA|NA|NA|NA|NA|319306
1|2|26032018|1932|853|530010|15071996|421|2|4|1|3|2|NA|999992|520110|1|2361787|NA|520110|NA|NA|NA|NA|NA|NA|NA|NA|NA|NA|NA|NA|NA|1|1|3|1|NA|NA|2|*A419|*J189|*J80X|*O981*A539|*O240*E109|O981|NA|14432|NA|26032018|NA|NA|NA|20200008|S|05092018|O988|04042018|5|S|S|3.2.00|3.2|8|10022020|A419/J189/J80/O981 A539*O240 E109|06042018|NA|NA|11|0|1|686|114|NA|06092018|1|18072018|NA|2|M|NA|NA|NA|NA|NA|NA|319567
1|2|11042018|1740|852|520110|26091982|435|2|4|2|5|5|NA|252105|520110|1|3771962|NA|520110|NA|NA|NA|NA|NA|NA|NA|NA|NA|NA|NA|NA|NA|4|2|1|1|NA|NA|1|*O994*I619|NA|NA|NA|NA|O994|NA|14374|520110|12042018|NA|NA|NA|20190074|S|18072018|O994|17052018|3|S|S|3.2.00|3.2|3|17102019|O994 I619|22052018|NA|NA|08|0|1|554|98|NA|26112018|5|18072018|NA|1|M|NA|NA|NA|NA|NA|NA|319661
1|2|24022018|1145|852|522160|12071987|430|2|2|2|4|3|3|999992|522160|1|2337142|NA|522160|NA|NA|NA|NA|NA|NA|NA|NA|NA|NA|NA|NA|NA|8|2|3|1|NA|NA|2|*O469|*O459|*O13X|NA|NA|O13|NA|3932|NA|24022018|NA|NA|NA|20190061|S|23052018|O109|07032018|1|S|S|3.2.00|3.2|8|02092019|O469/O459/O13|09032018|NA|NA|06|0|1|555|88|NA|25052018|4|23052018|NA|1|M|NA|NA|NA|NA|NA|NA|323990
1|2|09032018|0800|852|522160|08091996|421|2|4|2|4|3|NA|516110|522160|1|2337142|NA|522160|NA|NA|NA|NA|NA|NA|NA|NA|NA|NA|NA|NA|NA|8|2|3|1|NA|NA|1|*O469|*O821|*O459|NA|NA|O469|NA|13466|522160|09032018|NA|NA|NA|20190070|N|NA|O469|23032018|3|S|S|3.2.00|3.2|NA|01102019|O469/O821/O459|23032018|NA|NA|12|0|1|571|75|NA|25052018|5|23052018|NA|1|M|NA|NA|NA|NA|NA|NA|324058
1|2|27032018|1830|852|522070|22121981|436|2|4|5|5|4|NA|NA|522070|3|NA|NA|522070|NA|NA|NA|NA|NA|NA|NA|NA|NA|NA|NA|NA|NA|1|1|3|2|NA|NA|1|*J960|*J81X|*O888|NA|*O210*O234|O888|NA|19979|520800|28032018|NA|NA|NA|20190074|S|16102019|R99|08062018|4|S|S|3.2.00|3.2|5|17102019|J960/J81/O888*O210 O234|19062018|NA|NA|07|0|1|569|366|NA|28032019|1|28032019|NA|2|M|NA|NA|NA|NA|NA|NA|324587
1|2|12042018|0710|852|521830|12041990|428|2|4|2|4|3|1|NA|521830|1|2382792|NA|521830|NA|NA|NA|NA|NA|NA|NA|NA|NA|NA|NA|NA|NA|2|1|3|1|NA|NA|2|*R571|*O711|NA|NA|NA|O711|NA|10389|NA|12042018|NA|NA|NA|20190085|NA|NA|O711|12042018|NA|S|S|3.2.00|3.2|NA|12122019|R571/O711|13042018|NA|NA|05|0|1|609|231|NA|29032019|4|29112018|NA|1|M|NA|NA|NA|NA|NA|NA|325057
1|2|03052018|1600|852|520540|02092001|416|2|1|1|NA|NA|NA|NA|521860|1|2339196|NA|520870|NA|NA|NA|NA|NA|NA|NA|NA|NA|NA|NA|NA|NA|4|2|1|1|NA|NA|2|*I619*A419|*D65X|*O995*J09X|NA|*O722*N179|O995|NA|4539|NA|03052018|NA|NA|NA|20190077|S|26032019|O995|26062018|2|S|S|3.2.00|3.2|1|12112019|I619 A419/D65/O995 J09*O722 N179|02072018|NA|NA|NA|0|1|558|98|NA|29032019|5|09082018|NA|2|E|NA|NA|NA|NA|NA|NA|325588
1|2|17052018|1040|852|521190|13091978|439|2|1|2|5|5|NA|241005|521190|1|3400573|NA|520870|NA|NA|NA|NA|NA|NA|NA|NA|NA|NA|NA|NA|NA|4|2|1|1|NA|NA|2|*A419|*J80X|*O995*J09X|*J189|*N179*O309|O995|NA|10430|NA|17052018|NA|NA|NA|20190079|S|17092018|O995|23082018|2|S|S|3.2.00|3.2|2|22112019|A419/J80/O995 J09/J189*N179 O309|31082018|NA|NA|08|0|1|554|123|NA|12082019|1|17092018|NA|1|M|NA|NA|NA|NA|NA|NA|325611
1|2|13052018|1937|852|520870|09081983|434|2|1|2|5|5|NA|411010|520870|1|9357661|NA|520870|NA|NA|NA|NA|NA|NA|NA|NA|NA|NA|NA|NA|NA|4|2|1|1|NA|NA|1|*I978|*R58X|*Y836|*O721|*O829*O300|O721|NA|20742|520870|14052018|NA|NA|NA|20190076|S|19032019|O622|29052018|3|S|S|3.2.00|3.2|1|04112019|I978/R58/Y836/O721*O829 O300|07062018|NA|NA|08|0|1|540|16|NA|15012019|5|29052018|NA|2|M|NA|NA|NA|NA|NA|NA|325991
1|2|02062018|1117|852|520540|26031979|439|2|1|2|4|3|NA|999992|520870|1|2338262|NA|520870|NA|NA|NA|NA|NA|NA|NA|NA|NA|NA|NA|NA|NA|4|2|1|1|NA|NA|2|*O152*I10X*I619|NA|NA|NA|NA|O152|NA|9904|NA|02062018|NA|NA|NA|20190076|S|15082018|I619|27062018|2|S|S|3.2.00|3.2|8|04112019|O152 I10 I619|02072018|NA|NA|12|0|1|520|74|NA|26032019|5|15082018|NA|2|E|NA|NA|NA|NA|NA|NA|326311
1|2|04052018|2130|826|260010|19021991|427|2|4|2|4|3|NA|521110|521180|1|2361787|NA|520110|NA|NA|NA|NA|NA|NA|NA|NA|NA|NA|NA|NA|NA|1|1|3|1|NA|NA|NA|*J960|*J180|*O995*J118|NA|NA|O995|NA|18074|520110|05052018|NA|NA|NA|20190074|S|02102019|O995|25052018|4|S|S|3.2.00|3.2|8|17102019|J960/J180/O995 J118|29052018|NA|NA|12|0|1|531|514|NA|15102019|1|30092019|NA|3|E|NA|NA|NA|NA|NA|NA|327169
1|2|18052018|1949|852|520110|24051997|420|2|4|9|NA|NA|NA|999992|520110|1|2361787|NA|520110|NA|NA|NA|NA|NA|NA|NA|NA|NA|NA|NA|NA|NA|NA|NA|NA|NA|NA|NA|NA|*O751|*O150|*O13X|NA|NA|O150|NA|18074|520110|19052018|NA|NA|NA|20190060|S|05092018|O150|05062018|4|S|S|3.2.00|3.2|8|22082019|O751/O150/O13|07062018|NA|NA|NA|0|1|461|101|NA|06092018|5|27082018|NA|1|M|NA|NA|NA|NA|NA|NA|327200
1|2|22062018|2330|852|520260|15071982|435|2|4|1|3|2|NA|999992|520320|1|2361787|NA|520110|NA|NA|NA|NA|NA|NA|NA|NA|NA|NA|NA|NA|NA|3|1|3|1|NA|NA|2|*R688|*A419|*J180|*O058|NA|O058|NA|8712|NA|22062018|NA|NA|NA|20190051|S|21032019|J180|03072018|5|S|S|3.2.00|3.2|3|01082019|R688/A419/J180/O058|09072018|NA|NA|11|0|1|405|272|NA|21032019|3|21032019|NA|1|E|NA|NA|NA|NA|NA|NA|327544
1|2|25052018|0905|852|520540|05041999|419|2|2|1|4|3|NA|999991|520540|1|2339137|NA|520870|NA|NA|NA|NA|NA|NA|NA|NA|NA|NA|NA|NA|NA|1|1|3|1|NA|NA|1|*J960|*J81X|*I269|*O269*D571|NA|O269|NA|7928|520870|25052018|NA|NA|NA|20190085|S|06082018|R99|26062018|4|S|S|3.2.00|3.2|3|12122019|J960/J81/I269/O269 D571|02072018|NA|NA|12|0|1|566|40|NA|06022019|1|04072018|NA|2|E|NA|NA|NA|NA|NA|NA|329396
1|2|21062018|2008|852|521380|03091994|423|2|1|2|4|3|NA|999992|521380|1|2338262|NA|520870|NA|NA|NA|NA|NA|NA|NA|NA|NA|NA|NA|NA|NA|NA|NA|NA|1|NA|NA|2|*T811|*Y836|*T810*D65X|*O441|*O829*O715|O441|NA|11607|NA|22062018|NA|NA|NA|20190008|S|13122018|O95|30072018|5|S|S|3.2.00|3.2|3|08022019|T811/Y836/T810 D65/O441*O829 O715|02082018|NA|NA|12|0|1|232|449|NA|13092019|5|13092019|NA|1|E|NA|NA|NA|NA|NA|NA|329496
1|2|25062018|1240|850|500325|22081974|443|2|4|NA|NA|NA|NA|NA|521310|1|2339196|NA|520870|NA|NA|NA|NA|NA|NA|NA|NA|NA|NA|NA|NA|NA|3|1|3|NA|NA|NA|NA|*A419|*O035|NA|NA|NA|O035|NA|11768|NA|25062018|NA|NA|NA|20190077|S|18092018|O035|29082018|5|S|S|3.2.00|3.2|1|12112019|A419/O035|31082018|NA|NA|NA|0|1|505|85|NA|05102018|3|18092018|NA|1|M|NA|NA|NA|NA|NA|NA|329544
1|2|25062018|1845|852|520740|19031987|431|2|4|1|4|3|3|141405|520740|1|2339196|NA|520870|NA|NA|NA|NA|NA|NA|NA|NA|NA|NA|NA|NA|NA|4|2|1|1|NA|NA|1|*O230*O988*O993*G936|NA|NA|NA|*O829*O429|O230|NA|14632|520870|25062018|NA|NA|NA|20190087|S|11122018|R99|31082018|4|S|S|3.2.00|3.2|5|18122019|O230 O988 O993 G936 G932 J81*O829 O429|11092018|NA|NA|06|0|1|541|241|NA|18122019|5|21022019|NA|2|E|NA|NA|NA|NA|NA|NA|330369
1|2|08082018|1637|852|520000|18021985|433|2|NA|2|4|3|NA|111410|520870|1|2337754|NA|520870|NA|NA|NA|NA|NA|NA|NA|NA|NA|NA|NA|NA|NA|4|2|1|1|NA|NA|2|*G936|*I64X|*O159|NA|NA|O159|NA|16930|NA|09082018|NA|NA|NA|20190076|S|02102018|O159|25092018|2|S|S|3.2.00|3.2|8|04112019|G936/I64/O159|27092018|NA|NA|12|0|1|453|55|NA|02102018|5|02102018|NA|2|M|NA|NA|NA|NA|NA|NA|331793
1|2|11082018|1820|852|520870|02051995|423|2|4|9|9|9|NA|999994|520870|1|2339196|NA|520870|NA|NA|NA|NA|NA|NA|NA|NA|NA|NA|NA|NA|NA|3|1|3|1|NA|NA|2|*A419*R571|*O731|*O601|NA|*F102*I519*N189*I10X|O731|NA|7509|NA|11082018|NA|NA|NA|20190076|S|19032019|O731|11102018|2|S|S|3.2.00|3.2|1|04112019|A419 R571/O731/O601*F102 I519 N189 I10|15102018|NA|NA|09|0|1|450|12|NA|22032019|3|23082018|NA|2|E|NA|NA|NA|NA|NA|NA|332197
1|2|27082018|2325|815|150590|14021986|432|2|4|2|4|3|NA|999992|520110|1|2361787|NA|520110|NA|NA|NA|NA|NA|NA|NA|NA|NA|NA|NA|NA|NA|NA|NA|NA|1|NA|NA|1|*O234*O995|*O035*O008|*O318|NA|NA|O234|NA|8955|520110|28082018|NA|NA|NA|20190061|S|26112018|O234|23102018|4|S|S|3.2.00|3.2|8|02092019|O234 O995/O035 O008/O318|26102018|NA|NA|12|0|1|371|91|NA|26112018|3|26112018|NA|2|M|NA|NA|NA|NA|NA|NA|332874
1|2|24102018|2310|853|530010|30091992|426|2|4|2|9|9|NA|999992|520870|1|3400573|NA|520870|NA|NA|NA|NA|NA|NA|NA|NA|NA|NA|NA|NA|NA|4|2|1|1|NA|NA|NA|*I619|*O13X|*O152|NA|*A419*R578*N179|O152|NA|17748|NA|24102018|NA|NA|NA|20190080|S|19022019|O13|20112018|5|S|S|3.2.00|3.2|1|26112019|I619/O13/O152*A419 R578 N179|27112018|NA|NA|09|0|1|398|16|NA|26032019|5|09112018|NA|2|E|NA|NA|NA|NA|NA|NA|334674
1|2|11092018|1840|852|521180|22041994|424|2|1|2|5|4|NA|351505|521180|1|2361787|NA|520110|NA|NA|NA|NA|NA|NA|NA|NA|NA|NA|NA|NA|NA|1|1|3|2|NA|NA|1|*D62X|*R58X|*O95X|NA|NA|O95|NA|12815|520110|11092018|NA|NA|NA|20190074|S|13022019|O990|28092018|4|S|S|3.2.00|3.2|2|17102019|D62/R58/O95|28092018|NA|NA|07|0|1|401|155|NA|25022019|1|13022019|NA|3|M|NA|NA|NA|NA|NA|NA|335219
1|2|20092018|0330|842|420540|11101999|418|2|4|5|9|9|NA|999992|520110|1|2361787|NA|520110|NA|NA|NA|NA|NA|NA|NA|NA|NA|NA|NA|NA|NA|2|1|3|1|NA|NA|1|*O751|*O622|*O230|*O995*O998|*O882*O266*O994|O998|NA|8684|520110|20092018|NA|NA|NA|20190056|S|26112018|O998|08102018|4|S|S|3.2.00|3.2|8|12082019|O751/O622/O230/O995 O998*O882 O266 O994|09102018|NA|NA|09|0|1|326|62|NA|26112018|5|21112018|NA|2|M|NA|NA|NA|NA|NA|NA|335233
1|2|03112018|1815|010|NA|29091989|429|2|4|2|4|3|NA|333115|520110|1|2361787|NA|520110|NA|NA|NA|NA|NA|NA|NA|NA|NA|NA|NA|NA|NA|2|1|3|NA|NA|NA|NA|*O751|*O711|*O342|NA|NA|O711|NA|7833|NA|03112018|NA|NA|NA|20190044|S|21012019|O711|13112018|5|S|S|3.2.00|3.2|8|25072019|O751/O711/O342|27112018|NA|NA|12|0|1|264|79|NA|16042019|5|21012019|NA|1|M|NA|NA|NA|NA|NA|NA|335763
1|2|05112018|1455|821|210547|12121992|425|2|4|2|4|3|NA|999992|520110|2|7529368|NA|520110|NA|NA|NA|NA|NA|NA|NA|NA|NA|NA|NA|NA|NA|1|1|3|9|NA|NA|1|*J960|*J81X|*I420*O994|*Q250|NA|O994|NA|8955|520110|05112018|NA|NA|NA|20190044|S|21012019|O994|19112018|4|S|S|3.2.00|3.2|3|25072019|J960/J81/I420 O994/Q250|27112018|NA|NA|12|0|1|262|77|NA|14112019|1|21012019|NA|1|M|NA|NA|NA|NA|NA|NA|335830
1|2|02012018|1700|851|510710|02051992|425|2|4|1|3|2|NA|784205|510710|1|2395037|NA|510250|NA|NA|NA|NA|NA|NA|NA|NA|NA|NA|NA|NA|NA|1|1|3|1|NA|NA|2|*R570|*A419|*O235*O981|NA|*O990*O234|O235|NA|3199|NA|02012018|NA|NA|NA|20180017|S|03012018|A419|05012018|2|S|S|3.2.00|3.2|3|26072018|R570/A419/O235 O981*O990 O234|08012018|NA|NA|11|0|1|205|1|NA|19012018|1|03012018|NA|1|M|NA|NA|NA|NA|NA|NA|338044
1|2|01012018|2218|109|NA|02101982|435|2|2|2|4|3|1|999994|510340|1|2659107|NA|510340|NA|NA|NA|NA|NA|NA|NA|NA|NA|NA|NA|NA|NA|3|1|3|1|NA|NA|2|*R092|*I219|*O036*O721|*O990*D571|NA|O990|NA|8236|NA|01012018|NA|NA|NA|20190012|S|22022018|O994|08012018|2|S|S|3.2.00|3.2|8|29042019|R092/I219/O036 O721/O990 D571|16012018|NA|NA|05|0|1|483|52|NA|23042019|3|22022018|NA|2|E|NA|NA|NA|NA|NA|NA|338589
1|2|05012018|0110|851|510760|23111997|420|2|4|5|4|2|8|999992|510760|1|2396866|NA|510760|NA|NA|NA|NA|NA|NA|NA|NA|NA|NA|NA|NA|NA|4|2|1|1|NA|NA|2|*R688|*J960|*O229|*O990|NA|O990|NA|5840|NA|05012018|NA|NA|NA|20180028|S|04042018|O990|05012018|5|S|S|3.2.00|3.2|8|27042018|R688/J960/O229/O990|05012018|NA|NA|04|0|1|112|89|NA|12042018|3|04042018|NA|1|M|NA|NA|NA|NA|NA|NA|339053
1|2|25022018|0905|851|510270|10021986|432|2|5|1|NA|NA|NA|999992|510270|1|2473046|NA|510020|NA|NA|NA|NA|NA|NA|NA|NA|NA|NA|NA|NA|NA|NA|NA|NA|NA|NA|NA|NA|*O149|NA|NA|NA|NA|O149|NA|4355|NA|25022018|NA|NA|NA|20180007|NA|NA|O149|05032018|1|S|S|3.2.00|3.2|NA|05032018|O149|05032018|NA|NA|NA|0|1|008|22|NA|18042018|1|19032018|NA|1|M|NA|NA|NA|NA|NA|NA|339939
1|2|19092018|1140|851|510020|15051987|431|2|4|5|9|9|NA|513205|510020|1|2473046|NA|510020|NA|NA|NA|NA|NA|NA|NA|NA|NA|NA|NA|NA|NA|4|2|1|1|NA|NA|1|*O879|*R571|*R688|*O829|NA|O879|NA|4355|NA|19092018|NA|NA|NA|20190006|S|07112018|D65|18102018|1|S|S|3.2.00|3.2|1|04042019|O879/R571/R688/O829|18102018|NA|NA|09|0|1|197|49|NA|05122018|5|07112018|NA|1|M|NA|NA|NA|NA|NA|NA|340060
1|2|14022018|0837|851|510130|30011993|425|2|4|5|4|3|2|999994|510130|1|2655411|NA|510340|NA|NA|NA|NA|NA|NA|NA|NA|NA|NA|NA|NA|NA|4|2|1|1|NA|NA|2|*A419|*O998*M069|NA|NA|NA|O998|NA|5296|NA|14022018|NA|NA|NA|20180019|S|06062018|M069|23022018|2|S|S|3.2.00|3.2|3|20072018|A419/O998 M069|28022018|NA|NA|05|0|1|156|63|NA|08062018|5|18042018|NA|1|M|NA|NA|NA|NA|NA|NA|340373
1|2|23032018|0340|851|510340|04042002|415|2|4|1|2|1|3|999992|510840|1|2391635|NA|510840|NA|NA|NA|NA|NA|NA|NA|NA|NA|NA|NA|NA|NA|1|1|3|1|NA|NA|1|*R092|*J81X|*O150|*O141|NA|O150|NA|5430|510340|23032018|NA|NA|NA|20180017|S|26032018|O150|04052018|4|S|S|3.2.00|3.2|8|11092018|R092/J81/O150/O141|08052018|NA|NA|01|0|1|172|3|NA|09072018|1|26032018|NA|2|M|NA|NA|NA|NA|NA|NA|341074
1|2|20032018|2100|827|270280|07031992|426|2|4|5|3|2|NA|999992|510268|1|2395037|NA|510250|NA|NA|NA|NA|NA|NA|NA|NA|NA|NA|NA|NA|NA|4|2|1|1|NA|NA|2|*J81X|*O822|*O723|NA|NA|O723|NA|3199|NA|20032018|NA|NA|NA|20190023|S|02092019|O723|23032018|2|S|S|3.2.00|3.2|3|10102019|J81/O822/O723|26032018|NA|NA|11|0|1|569|531|NA|25102019|5|02092019|NA|1|M|NA|NA|NA|NA|NA|NA|341405
1|2|02052018|0500|851|510562|30071987|430|2|4|5|3|2|7|999992|510562|1|7254628|NA|510562|NA|NA|NA|NA|NA|NA|NA|NA|NA|NA|NA|NA|NA|1|1|3|NA|NA|NA|NA|NA|*O994|NA|NA|NA|O994|NA|6206|510250|02052018|NA|NA|NA|20180024|N|NA|O994|25052018|3|N|S|3.2.00|NA|NA|28062018|/O994|25052018|NA|NA|03|0|1|057|27|NA|13062018|1|29052018|NA|1|M|NA|NA|NA|NA|NA|NA|341569
1|2|24072018|1800|811|110005|18061984|434|2|4|1|4|2|8|999992|510025|1|2471345|NA|510025|NA|NA|NA|NA|NA|NA|NA|NA|NA|NA|NA|NA|NA|1|1|3|1|NA|NA|2|*R092|*J80X|*O995*J189|NA|NA|O995|NA|8468|NA|24072018|NA|NA|NA|20200003|S|27032019|J129|26072018|5|S|S|3.2.00|3.2|8|18022020|R092/J80/O995 J189|07082018|NA|NA|04|0|1|574|247|NA|28032019|1|28032019|NA|1|M|NA|NA|NA|NA|NA|NA|341802
1|2|09062018|1420|821|210990|04051980|438|2|4|2|4|3|3|999992|510790|1|7943733|NA|510792|NA|NA|NA|NA|NA|NA|NA|NA|NA|NA|NA|NA|NA|4|2|1|1|NA|NA|2|*R092|*R060|*O880*J989|NA|*F329|O880|NA|3303|NA|09062018|NA|NA|NA|20180034|S|11062018|O881|11062018|1|S|S|3.2.00|3.2|3|05102018|R092/R060/O880 J989*F329|15062018|NA|NA|06|0|1|118|10|NA|09102018|5|19062018|NA|1|R|NA|NA|NA|NA|NA|NA|342214
1|2|27022018|0746|850|500500|22071997|420|2|4|1|4|2|8|999992|510040|1|2396866|NA|510760|NA|NA|NA|NA|NA|NA|NA|NA|NA|NA|NA|NA|NA|4|2|1|1|NA|NA|2|*R092|NA|*O998|*C710|NA|O998|NA|2514|NA|27022018|NA|NA|NA|20180044|S|28022018|C710|08032018|5|S|S|3.2.00|3.2|3|13072018|R092/ /O998/C710|08032018|NA|NA|04|0|1|136|35|NA|03042018|5|03042018|NA|1|M|NA|NA|NA|NA|NA|NA|342744
1|2|31052018|0109|851|510320|09072000|417|2|4|5|4|3|NA|999992|510805|1|2699842|NA|510642|NA|NA|NA|NA|NA|NA|NA|NA|NA|NA|NA|NA|NA|4|2|1|1|NA|NA|2|*O622|NA|NA|NA|NA|O622|NA|9941|NA|31052018|NA|NA|NA|20180023|S|22082018|O622|04062018|5|S|S|3.2.00|3.2|2|06122018|O622|05062018|NA|NA|12|0|1|189|83|NA|16102018|5|22082018|NA|1|M|NA|NA|NA|NA|NA|NA|343584
1|2|12092018|1834|851|510260|24031991|427|2|5|5|9|9|NA|622020|510260|1|2395479|NA|510260|NA|NA|NA|NA|NA|NA|NA|NA|NA|NA|NA|NA|NA|2|1|3|2|NA|NA|2|*D62X|*O721|NA|NA|NA|O721|NA|1514|NA|17102018|NA|NA|NA|20180022|N|NA|O721|18102018|2|S|S|3.2.00|3.2|NA|26112018|D62/O721|25102018|NA|NA|09|0|1|075|37|NA|21022019|4|19102018|NA|1|M|NA|NA|NA|NA|NA|NA|343782
1|2|19042018|0720|841|410690|31011979|439|2|4|1|4|3|3|621005|510454|1|2767953|NA|510525|NA|NA|NA|NA|NA|NA|NA|NA|NA|NA|NA|NA|NA|4|2|1|1|NA|NA|2|*O994|NA|NA|NA|NA|O994|NA|5678|NA|19042018|NA|NA|NA|20180013|N|NA|O994|07052018|1|S|S|3.2.00|3.2|NA|26062018|O994|20062018|NA|NA|06|0|1|068|127|NA|24082018|5|24082018|NA|1|M|NA|NA|NA|NA|NA|NA|344156
1|2|08052018|1805|851|510760|22121993|424|2|5|1|3|2|NA|999992|510760|1|2396866|NA|510760|NA|NA|NA|NA|NA|NA|NA|NA|NA|NA|NA|NA|NA|1|1|3|1|NA|NA|2|*R688|*A419|*J181|*O995|NA|O995|NA|2513|NA|08052018|NA|NA|NA|20180045|S|06072018|O995|10052018|5|S|S|3.2.00|3.2|8|16072018|R688/A419/J181/O995|11052018|NA|NA|11|0|1|069|59|NA|16072018|1|06072018|NA|3|M|NA|NA|NA|NA|NA|NA|344806
1|2|10052018|1440|851|510760|02031986|432|2|4|2|5|5|NA|421125|510760|1|2396866|NA|510760|NA|NA|NA|NA|NA|NA|NA|NA|NA|NA|NA|NA|NA|4|2|1|1|NA|NA|2|*R092|*D649*F329|*O081|*O061|*B24X|O061|NA|5063|NA|10052018|NA|NA|NA|20200007|S|18052018|R092|14052018|5|S|S|3.2.00|3.2|8|17022020|R092/D649 F329/O081/O061*B24|18052018|NA|NA|08|0|1|648|125|NA|15042019|5|12092018|NA|2|M|NA|NA|NA|NA|NA|NA|344825
1|2|06052018|0902|851|510340|02061977|440|2|4|1|3|2|NA|516120|510840|1|2659107|NA|510340|NA|NA|NA|NA|NA|NA|NA|NA|NA|NA|NA|NA|NA|4|2|1|1|NA|NA|2|*R092|*R571|*D65X|*O720*O244*O109|NA|O720|NA|8462|NA|06052018|NA|NA|NA|20190012|S|17072018|O720|08062018|1|S|S|3.2.00|3.2|3|29042019|R092/R571/D65/O720 O244 O109|08062018|NA|NA|11|0|1|358|72|NA|23042019|5|17072018|NA|2|E|NA|NA|NA|NA|NA|NA|345370
1|2|04062018|2230|851|510340|05031982|436|2|4|1|5|4|NA|999992|510340|1|2311682|NA|510340|NA|NA|NA|NA|NA|NA|NA|NA|NA|NA|NA|NA|NA|4|2|1|1|NA|NA|2|*R092|*N179|*D649|*O720*O141|NA|O720|NA|9127|NA|04062018|NA|NA|NA|20180034|S|20072018|O95|08062018|2|S|S|3.2.00|3.2|8|26112018|R092/N179/D649/O720 O141|08062018|NA|NA|07|0|1|175|46|NA|23042019|5|20072018|NA|2|E|NA|NA|NA|NA|NA|NA|346055
1|2|09072018|0345|851|510160|25091982|435|2|4|1|4|3|2|622020|510160|1|2311682|NA|510340|NA|NA|NA|NA|NA|NA|NA|NA|NA|NA|NA|NA|NA|2|1|3|1|NA|NA|1|*K729|*O141|NA|NA|NA|O141|NA|3796|510340|09072018|NA|NA|NA|20180028|S|21082018|O141|17072018|4|S|S|3.2.00|3.2|5|10102018|K729/O141|20072018|NA|NA|05|0|1|093|43|NA|06032019|5|21082018|NA|1|E|NA|NA|NA|NA|NA|NA|347795
1|2|01012018|0320|850|500270|15102002|415|2|4|1|2|1|NA|999991|500270|1|0009717|NA|500270|NA|NA|NA|NA|NA|NA|NA|NA|NA|NA|NA|NA|NA|4|2|1|1|NA|NA|1|*A419|*O85X|NA|NA|*D649|O85|NA|2106|500270|01012018|NA|NA|NA|20190026|S|20062018|O85|15012018|3|S|S|3.2.00|3.2|1|01082019|A419/O85*D649|17012018|NA|NA|10|0|1|577|15|NA|27092019|5|16012018|NA|2|M|NA|NA|NA|NA|NA|NA|349272
1|2|20032018|0849|850|500790|02031994|424|2|4|1|4|2|8|421105|500790|1|0009717|NA|500270|NA|NA|NA|NA|NA|NA|NA|NA|NA|NA|NA|NA|NA|4|2|1|1|NA|NA|1|*R579|*O993*G936|NA|NA|NA|O993|NA|5014|NA|20032018|NA|NA|NA|20180012|N|NA|O993|28032018|5|S|S|3.2.00|3.2|NA|02042018|R579/O993 G936|02042018|NA|NA|04|0|1|013|63|NA|22052018|5|22052018|NA|1|M|NA|NA|NA|NA|NA|NA|349522
1|2|04072018|0635|831|314800|01081995|422|2|4|2|5|4|NA|521110|500830|1|2756951|NA|500830|NA|NA|NA|NA|NA|NA|NA|NA|NA|NA|NA|NA|NA|4|2|1|1|NA|NA|2|*A419|*O141|NA|NA|NA|O141|NA|8913|NA|04072018|NA|NA|NA|20180154|N|NA|O141|05072018|1|N|S|3.2.00|NA|NA|09072018|A419/O141|09072018|NA|NA|07|0|1|005|84|NA|26092018|5|26092018|NA|1|M|NA|NA|NA|NA|NA|NA|352281
1|2|13042018|0440|850|500320|01031991|427|2|4|1|4|3|NA|999992|500320|1|2376334|NA|500320|NA|NA|NA|NA|NA|NA|NA|NA|NA|NA|NA|NA|NA|3|1|3|1|NA|NA|2|*R688|*A419|*O075|*Y836|NA|O075|NA|3885|NA|13042018|NA|NA|NA|20180081|N|NA|O075|13042018|5|N|S|3.2.00|NA|NA|13042018|R688/A419/O075/Y836|13042018|NA|NA|12|0|1|000|39|NA|23052018|3|22052018|NA|1|M|NA|NA|NA|NA|NA|NA|352477
1|2|31052018|0445|850|500320|13072000|417|2|4|1|3|2|7|999992|500320|1|2376334|NA|500320|NA|NA|NA|NA|NA|NA|NA|NA|NA|NA|NA|NA|NA|4|2|1|1|NA|NA|2|*R570|*O903|NA|NA|NA|O903|NA|3885|NA|31052018|NA|NA|NA|20180122|N|NA|O903|04062018|5|N|S|3.2.00|NA|NA|04062018|R570/O903|04062018|NA|NA|03|0|1|004|7|NA|21062018|5|07062018|NA|1|M|NA|NA|NA|NA|NA|NA|352583
1|2|14052018|0645|850|500210|28081977|440|2|4|5|1|0|NA|999992|500090|1|2651610|NA|500660|NA|NA|NA|NA|NA|NA|NA|NA|NA|NA|NA|NA|NA|4|2|1|1|NA|NA|2|*O882|NA|NA|NA|*O260*O100*O85X|O882|NA|8865|NA|14052018|NA|NA|NA|20180259|S|14052018|O882|14052018|1|N|S|3.2.00|NA|3|23112018|O882*O260 O100 O85|15052018|NA|NA|00|0|1|193|49|NA|02072018|7|02072018|NA|1|M|NA|NA|NA|NA|NA|NA|354064
1|2|19072018|2300|850|500070|23091977|440|2|4|2|4|3|3|999992|500070|1|2659417|NA|500110|NA|NA|NA|NA|NA|NA|NA|NA|NA|NA|NA|NA|NA|2|1|3|1|NA|NA|2|*R571|*O469|*O622|NA|NA|O469|NA|425|NA|19072018|NA|NA|NA|20180180|N|NA|O469|10082018|5|N|S|3.2.00|NA|NA|10082018|R571/O469/O622|10082018|NA|NA|06|0|1|022|288|NA|03052019|4|03052019|NA|1|M|NA|NA|NA|NA|NA|NA|354554
1|2|28112018|0340|850|500270|19071989|429|2|NA|2|4|3|3|999992|500150|1|2371138|NA|500150|NA|NA|NA|NA|NA|NA|NA|NA|NA|NA|NA|NA|NA|NA|NA|NA|1|NA|NA|2|*R100|*O998*C480|*C785|NA|NA|O998|NA|9190|NA|28112018|NA|NA|NA|20190004|S|28112018|O998|17122018|5|S|S|3.2.00|3.2|8|12032019|R100/O998 C480/C785|21122018|NA|NA|06|0|1|104|0|NA|18022019|6|28112018|NA|1|M|NA|NA|NA|NA|NA|NA|354613
1|2|11092018|0935|829|292640|19101991|426|2|4|1|4|3|2|512105|500190|1|2756951|NA|500830|NA|NA|NA|NA|NA|NA|NA|NA|NA|NA|NA|NA|NA|2|1|3|1|NA|NA|2|*T811|*Y835*O459|NA|NA|NA|O459|NA|9298|NA|11092018|NA|NA|NA|20180244|N|NA|O459|22102018|5|N|S|3.2.00|NA|NA|01112018|T811/Y835 O459|23102018|NA|NA|05|0|1|051|238|NA|07052019|3|07052019|NA|1|M|NA|NA|NA|NA|NA|NA|355407
1|2|07112018|0340|850|500830|25051994|424|2|1|1|3|2|7|999992|500830|1|2756951|NA|500830|NA|NA|NA|NA|NA|NA|NA|NA|NA|NA|NA|NA|NA|2|1|3|1|NA|NA|2|*R688|*O904|*O991|*O713|NA|O991|NA|1517|NA|07112018|NA|NA|NA|20180252|N|NA|O991|09112018|1|N|S|3.2.00|NA|NA|12112018|R688/O904/O991/O713|12112018|NA|NA|03|0|1|005|105|NA|25022019|5|20022019|NA|1|M|NA|NA|NA|NA|NA|NA|355520
1|2|07062018|1920|850|500270|13082003|414|2|4|1|4|2|8|999991|500270|2|0010103|NA|500270|NA|NA|NA|NA|NA|NA|NA|NA|NA|NA|NA|NA|NA|1|1|3|1|NA|NA|1|*J960|*J81X|*O149|NA|*A499|O149|NA|1507|500270|08062018|NA|NA|NA|20190026|S|18072018|O149|20062018|4|S|S|3.2.00|3.2|1|01082019|J960/J81/O149*A499|25062018|NA|NA|04|0|1|420|14|NA|27092019|1|21062018|NA|2|M|NA|NA|NA|NA|NA|NA|356071
1|2|09062018|2120|850|500270|02111997|420|2|4|1|4|3|3|999992|500270|1|0009725|NA|500270|NA|NA|NA|NA|NA|NA|NA|NA|NA|NA|NA|NA|NA|4|2|1|1|NA|NA|2|*A419|*J960|*N179|*O990*D619|*O429|O990|NA|4205|NA|09062018|NA|NA|NA|20190026|S|05072018|O990|20062018|2|S|S|3.2.00|3.2|1|01082019|A419/J960/N179/O990 D619*O429|25062018|NA|NA|06|0|1|418|5|NA|27092019|5|14062018|NA|1|M|NA|NA|NA|NA|NA|NA|356201
1|2|29062018|1418|850|500500|29081984|433|2|4|1|3|2|7|999992|500500|1|0009725|NA|500270|NA|NA|NA|NA|NA|NA|NA|NA|NA|NA|NA|NA|NA|4|2|1|1|NA|NA|2|*T818|*J958|*T814|*Y838*O829*O149|*E149*N189|O149|NA|7961|NA|29062018|NA|NA|NA|20180023|N|NA|O149|13072018|2|S|S|3.2.00|3.2|NA|23072018|T818/J958/T814/Y838 O829 O149*E149 N189|23072018|NA|NA|03|0|1|024|89|NA|27092018|5|26092018|NA|1|M|NA|NA|NA|NA|NA|NA|356878
1|2|07082018|0650|850|500720|29081984|433|2|4|1|3|2|5|999992|500600|1|0009717|NA|500270|NA|NA|NA|NA|NA|NA|NA|NA|NA|NA|NA|NA|NA|4|2|1|1|NA|NA|1|*R571|*E86X|*O670*D689|*O720|NA|O670|NA|1507|500270|07082018|NA|NA|NA|20180028|N|NA|O670|16082018|4|S|S|3.2.00|3.2|NA|20082018|R571/E86/O670 D689/O720|20082018|NA|NA|03|0|1|013|NA|NA|NA|NA|NA|NA|NA|NA|NA|NA|NA|NA|NA|NA|357446
1|2|18092018|1458|850|500560|05101984|433|2|5|1|3|1|4|512105|500270|1|0009725|NA|500270|NA|NA|NA|NA|NA|NA|NA|NA|NA|NA|NA|NA|NA|3|1|3|1|NA|NA|2|*R688|*A419|*O035|NA|NA|O035|NA|1981|NA|18092018|NA|NA|NA|20190001|S|21092018|O035|24092018|2|S|S|3.2.00|3.2|1|17012019|R688/A419/O035|05102018|NA|NA|02|0|1|121|13|NA|27092019|5|01102018|NA|1|M|NA|NA|NA|NA|NA|NA|357989
1|2|01112018|2244|850|500620|25031980|438|2|4|1|3|2|6|999992|500270|1|0009725|NA|500270|NA|NA|NA|NA|NA|NA|NA|NA|NA|NA|NA|NA|NA|2|1|3|1|NA|NA|2|*R571|*D65X|*O622|NA|*C169*C786|O622|NA|1654|NA|01112018|NA|NA|NA|20190026|S|19122018|O622|07112018|1|S|S|3.2.00|3.2|1|01082019|R571/D65/O622*C169 C786|12112018|NA|NA|03|0|1|273|18|NA|27092019|5|19112018|NA|2|M|NA|NA|NA|NA|NA|NA|359341
1|2|19122018|2040|850|500270|14011996|422|2|4|2|4|3|3|999991|500270|3|NA|NA|500270|NA|NA|NA|NA|NA|NA|NA|NA|NA|NA|NA|NA|NA|1|1|3|1|NA|NA|1|NA|NA|NA|NA|*O211|O211|NA|4662|500270|20122018|NA|NA|NA|20190026|NA|NA|O211|28122018|3|S|S|3.2.00|3.2|NA|01082019|*O211|17012019|NA|NA|06|0|1|225|22|NA|27092019|1|10012019|NA|2|M|NA|NA|NA|NA|NA|NA|359775
1|2|27122018|0600|850|500270|25041982|436|2|4|1|4|3|3|999992|500270|1|0009725|NA|500270|NA|NA|NA|NA|NA|NA|NA|NA|NA|NA|NA|NA|NA|4|2|1|1|NA|NA|2|*R688|NA|*R578|*O713|NA|O713|NA|4038|NA|27122018|NA|NA|NA|20190026|NA|NA|O713|08012019|2|S|S|3.2.00|3.2|NA|01082019|R688/ /R578/O713|17012019|NA|NA|06|0|1|217|4|NA|27092019|5|31122018|NA|1|M|NA|NA|NA|NA|NA|NA|359861
1|2|10102018|2028|850|500110|16081990|428|2|1|5|4|3|2|999992|500110|3|NA|NA|500110|NA|NA|NA|NA|NA|NA|NA|NA|NA|NA|NA|NA|NA|4|2|1|2|NA|NA|2|*R570|*I499|NA|*O100|NA|O100|NA|8514|500110|10102018|NA|NA|NA|20180235|S|12102018|O100|15102018|4|N|S|3.2.00|NA|2|23102018|R570/I499/ /O100|15102018|NA|NA|05|0|1|013|223|NA|21052019|5|21052019|NA|1|M|NA|NA|NA|NA|NA|NA|360392
1|2|14112018|1840|850|500320|19051995|423|2|4|1|4|2|8|999992|500320|1|2376334|NA|500320|NA|NA|NA|NA|NA|NA|NA|NA|NA|NA|NA|NA|NA|2|1|3|1|NA|NA|2|*T811|*O998|*Y836*O829|NA|NA|O998|NA|3885|NA|14112018|NA|NA|NA|20180259|N|NA|O998|21112018|5|N|S|3.2.00|NA|NA|23112018|T811/O998/Y836 O829|22112018|NA|NA|04|0|1|009|12|NA|06122018|4|26112018|NA|1|M|NA|NA|NA|NA|NA|NA|360715
1|2|21112018|0620|850|500660|18111999|419|2|1|1|4|3|NA|999991|500660|1|2651610|NA|500660|NA|NA|NA|NA|NA|NA|NA|NA|NA|NA|NA|NA|NA|4|2|1|1|NA|NA|9|*R571|*O722|*O712|NA|NA|O722|NA|8884|NA|21112018|NA|NA|NA|20180280|S|04122018|NA|29112018|1|N|S|3.2.00|NA|8|26122018|R571/O722/O712|30112018|NA|NA|12|0|1|035|19|NA|21122018|5|10122018|NA|1|M|NA|NA|NA|NA|NA|NA|361123
1|2|26122018|0200|850|500370|11031981|437|2|4|2|3|2|6|999992|500370|1|2710935|NA|500370|NA|NA|NA|NA|NA|NA|NA|NA|NA|NA|NA|NA|NA|5|2|2|1|NA|NA|2|*I48X|*I420|*O903|NA|NA|O903|NA|7371|NA|26122018|NA|NA|NA|20190277|N|NA|O903|11012019|5|N|S|3.2.00|NA|NA|17092019|I48/I420/O903|14012019|NA|NA|03|0|1|265|27|NA|31012019|6|22012019|NA|1|M|NA|NA|NA|NA|NA|NA|361160
1|2|27032018|0830|842|420820|10011988|430|2|1|2|5|5|NA|232115|420245|5|NA|NA|420245|NA|NA|NA|NA|NA|NA|NA|NA|NA|NA|NA|NA|NA|1|1|3|1|NA|NA|1|*K661|*O998*D175|NA|NA|NA|O998|NA|5819|420540|27032018|NA|NA|NA|20190019|S|15062018|O998|03042018|4|S|S|3.2.02|3.2|5|13052019|K661/O998 D175|05042018|NA|NA|08|0|1|412|38|NA|04052018|1|04052018|NA|2|M|NA|NA|NA|NA|NA|NA|362112
1|2|16022018|0630|842|420540|28061979|438|2|1|1|3|2|NA|512105|421660|1|2555646|NA|421660|NA|NA|NA|NA|NA|NA|NA|NA|NA|NA|NA|NA|NA|1|1|3|1|NA|NA|1|*O994*I713|NA|NA|NA|NA|O994|NA|4822|420540|16022018|NA|NA|NA|20190015|S|22062018|O994|23022018|4|S|S|3.2.02|3.2|8|08042019|O994 I713|28022018|NA|NA|11|0|1|416|80|NA|02042019|1|07052018|NA|3|M|NA|NA|NA|NA|NA|NA|362688
1|2|26012018|0430|843|431750|17101991|426|2|1|1|4|3|3|999992|420420|1|2537788|NA|420420|NA|NA|NA|NA|NA|NA|NA|NA|NA|NA|NA|NA|NA|1|1|3|1|NA|NA|2|*O95X|NA|NA|NA|*D141|O95|NA|3320|NA|26012018|NA|NA|NA|20190074|S|21022018|R99|21022018|5|S|S|3.2.00|3.2|1|06082019|O95*D141|21022018|NA|NA|06|0|1|557|26|NA|11102019|1|21022018|NA|2|M|NA|NA|NA|NA|NA|NA|363802
1|2|03042018|2115|841|411850|10101999|418|2|1|1|4|3|2|999992|420420|1|2537788|NA|420420|NA|NA|NA|NA|NA|NA|NA|NA|NA|NA|NA|NA|NA|3|1|3|1|NA|NA|2|*O021|*I678|*I619|NA|NA|O021|NA|10130|NA|04042018|NA|NA|NA|20190019|S|05042018|I619|05042018|5|S|S|3.2.00|3.2|8|11032019|O021/I678/I619|05042018|NA|NA|05|0|1|342|121|NA|02082018|3|02082018|NA|2|M|NA|NA|NA|NA|NA|NA|363878
1|2|22092018|0310|842|421950|13081981|437|2|1|2|5|5|NA|214125|421950|1|2411393|NA|421950|NA|NA|NA|NA|NA|NA|NA|NA|NA|NA|NA|NA|NA|1|1|3|9|NA|NA|9|*J960|*O882|*O429|NA|NA|O429|NA|19930|NA|22092018|NA|NA|NA|20180045|N|NA|O429|25092018|2|S|S|3.2.02|3.2|NA|25092018|J960/O882/O429|25092018|NA|NA|08|0|1|003|59|NA|27062019|1|20112018|NA|1|M|NA|NA|NA|NA|NA|NA|364344
1|2|24052018|2108|843|431270|02091982|435|2|1|2|4|3|2|763210|420590|1|2691485|NA|420590|NA|NA|NA|NA|NA|NA|NA|NA|NA|NA|NA|NA|NA|1|1|3|1|NA|NA|2|*O239|*O988*A419|NA|NA|*O109*O243*E668|O988|NA|16720|NA|24052018|NA|NA|NA|20190034|S|29052018|N390|29052018|NA|S|S|3.2.02|3.2|1|12082019|O239/O988 A419*O109 O243 E668|01062018|NA|NA|05|0|1|445|6|NA|06082019|1|30052018|NA|2|M|NA|NA|NA|NA|NA|NA|366394
1|2|14072018|1350|843|430510|19102001|416|2|1|1|2|1|NA|NA|421380|1|2691515|NA|420140|NA|NA|NA|NA|NA|NA|NA|NA|NA|NA|NA|NA|NA|4|2|1|1|NA|NA|2|*O152|*O141|NA|NA|NA|O152|NA|19602|NA|14072018|NA|NA|NA|20190050|S|17072018|O152|19072018|1|S|S|3.2.02|3.2|3|19122019|O152/O141|02082018|NA|NA|10|0|1|523|102|NA|24102018|4|24102018|NA|1|M|NA|NA|NA|NA|NA|NA|367026
1|2|25072018|2355|843|431490|10091976|441|2|4|3|3|2|NA|999992|420140|1|2691515|NA|420140|NA|NA|NA|NA|NA|NA|NA|NA|NA|NA|NA|NA|NA|2|1|3|1|NA|NA|2|*O995*J969|*O882|*O881|NA|*O109*O992*E669|O998|NA|19946|NA|25072018|NA|NA|NA|20190045|S|02082018|O998|02082018|1|S|S|3.2.02|3.2|8|19112019|O995 J969/O882/O881*O109 O992 E669|02082018|NA|NA|11|0|1|482|36|NA|19092018|4|30082018|NA|3|M|NA|NA|NA|NA|NA|NA|367103
1|2|17112018|1740|NA|NA|08041993|425|2|NA|NA|NA|NA|NA|NA|421125|1|2691515|NA|420140|NA|NA|NA|NA|NA|NA|NA|NA|NA|NA|NA|NA|NA|4|2|1|1|NA|NA|2|*R99X|*R961|*O149|*I749|NA|O149|NA|2495|NA|17112018|NA|NA|NA|20180052|N|NA|O149|23112018|5|S|S|3.2.02|3.2|NA|23112018|R99/R961/O149/I749|23112018|NA|NA|NA|0|1|006|76|NA|12112019|5|01022019|NA|2|M|NA|NA|NA|NA|NA|NA|367127
1|2|29072018|2007|842|420930|18101992|425|2|1|1|4|3|3|999992|420930|1|2504332|NA|420930|NA|NA|NA|NA|NA|NA|NA|NA|NA|NA|NA|NA|NA|4|2|1|1|NA|NA|2|*O230*O989*A419|*O364|*O441|NA|NA|O230|NA|7227|NA|29072018|NA|NA|NA|20190087|S|29072018|O230|06082018|1|S|S|3.2.02|3.2|8|13122019|O230 O989 A419/O364/O441|06082018|NA|NA|06|0|1|502|95|NA|22112018|5|01112018|NA|1|M|NA|NA|NA|NA|NA|NA|371113
1|2|13012018|1925|842|420820|15071981|436|2|1|2|4|3|3|521110|420320|1|2522691|NA|420820|NA|NA|NA|NA|NA|NA|NA|NA|NA|NA|NA|NA|NA|4|2|1|1|NA|NA|2|*O141*O410*O821|*O723|*Y836|NA|NA|O141|NA|18831|NA|13012018|NA|NA|NA|20190030|S|22012018|NA|24012018|1|S|S|3.2.02|3.2|4|10052019|O141 O410 O821/O723/Y836|01022018|NA|NA|06|0|1|482|55|NA|24042018|5|09032018|NA|1|M|NA|NA|NA|NA|NA|NA|373202
1|2|04082018|0320|842|421970|31012000|418|2|1|1|4|3|NA|999992|421970|1|2537788|NA|420420|NA|NA|NA|NA|NA|NA|NA|NA|NA|NA|NA|NA|NA|1|1|3|1|NA|NA|2|*G932|*O019*C711|NA|NA|NA|O019|NA|16994|NA|04082018|NA|NA|NA|20180077|N|NA|C711|07082018|1|S|S|3.2.00|3.2|NA|08082018|G932/O019 C711|08082018|NA|NA|12|0|1|004|396|NA|04092019|9|04092019|NA|NA|M|NA|NA|NA|NA|NA|NA|375167
1|2|02042018|0951|184|NA|11061978|439|2|1|2|4|2|8|763210|420240|1|2558254|NA|420240|NA|NA|NA|NA|NA|NA|NA|NA|NA|NA|NA|NA|NA|4|2|1|NA|NA|NA|NA|*O800|*O721*O723*Y836|NA|NA|*E669|O721|NA|20924|NA|02042018|NA|NA|NA|20190049|S|02042018|O721|03042018|5|S|S|3.2.02|3.2|3|11112019|O800/O721 O723 Y836*E669|06042018|NA|NA|04|0|1|588|123|NA|14082018|5|03082018|NA|1|M|NA|NA|NA|NA|NA|NA|376886
1|2|09082018|2210|842|421270|14011971|447|2|1|2|5|5|NA|231315|421320|1|2537192|NA|421820|NA|NA|NA|NA|NA|NA|NA|NA|NA|NA|NA|NA|NA|4|2|1|1|NA|NA|2|*O721*O678|*Y836|*O104*O13X|NA|*Q850|O721|NA|12070|NA|09082018|NA|NA|NA|20190029|S|21082018|O621|21082018|5|S|S|3.2.02|3.2|3|19122019|O721 O678/Y836/O104 O13*Q850|22082018|NA|NA|08|0|1|497|110|NA|06122018|5|27112018|NA|1|M|NA|NA|NA|NA|NA|NA|377450
1|2|12072018|1753|842|420910|09051976|442|2|2|5|2|1|NA|999992|420910|1|2436450|NA|420910|NA|NA|NA|NA|NA|NA|NA|NA|NA|NA|NA|NA|NA|4|2|1|1|NA|NA|2|*O821*O688|*O751*T811|*Y836|*O85X|*O13X|O751|NA|5709|NA|12072018|NA|NA|NA|20200010|N|NA|O751|21082018|2|S|S|3.2.02|3.2|NA|18022020|O821 O688/O751 T811/Y836/O85*O13|21082018|NA|NA|10|0|1|586|54|NA|04092018|1|04092018|NA|1|M|NA|NA|NA|NA|NA|NA|379156
1|2|21022018|2000|835|355030|19081994|423|2|1|1|5|4|NA|999991|354890|5|NA|NA|420830|NA|NA|NA|NA|NA|NA|NA|NA|NA|NA|NA|NA|NA|3|1|3|2|NA|NA|1|*R99X|*Y839|*O069|NA|NA|O069|NA|10739|420200|22022018|NA|NA|NA|20180014|S|07032018|O069|05032018|3|S|S|3.2.00|3.2|7|19032018|R99/Y839/O069|07032018|NA|NA|07|0|1|026|82|NA|16052018|3|14052018|NA|1|M|NA|NA|NA|NA|NA|NA|382384
1|2|10022018|0103|842|420200|31071992|425|2|4|1|3|2|NA|999992|420320|1|6854729|NA|420200|NA|NA|NA|NA|NA|NA|NA|NA|NA|NA|NA|NA|NA|1|1|3|1|NA|NA|2|*O998*B24X|NA|NA|NA|*B582*B59X|O998|NA|22480|NA|10022018|NA|NA|NA|20190035|S|05032018|B207|05032018|5|S|S|3.2.02|3.2|3|30092019|O998 B24*B582 B59|07032018|NA|NA|11|0|1|597|46|NA|28032018|1|28032018|NA|1|M|NA|NA|NA|NA|NA|NA|382451
1|2|22062018|0800|842|420420|17031990|428|2|1|5|4|3|NA|375105|420820|1|3718395|NA|420200|NA|NA|NA|NA|NA|NA|NA|NA|NA|NA|NA|NA|NA|4|2|1|1|NA|NA|2|*I619|*O150|NA|NA|NA|O150|NA|15921|NA|22062018|NA|NA|NA|20180038|S|22102018|O150|02072018|5|S|S|3.2.02|3.2|3|29102018|I619/O150|03072018|NA|NA|12|0|1|129|304|NA|22042019|5|22042019|NA|1|M|NA|NA|NA|NA|NA|NA|383038
1|2|24022018|2345|842|420200|25012001|417|2|1|1|4|2|8|999991|420820|1|2522691|NA|420820|NA|NA|NA|NA|NA|NA|NA|NA|NA|NA|NA|NA|NA|4|2|1|1|NA|NA|2|*O230|*O821|*O721|*O85X*B962|NA|O230|NA|17289|NA|25022018|NA|NA|NA|20190017|S|11032019|A419|22032018|2|S|S|3.2.02|3.2|3|13032019|O230/O821/O721/O85 B962|23032018|NA|NA|04|0|1|382|184|NA|27082018|5|27082018|NA|2|M|NA|NA|NA|NA|NA|NA|383216
1|2|19032018|1055|842|420930|28061990|427|2|2|NA|3|1|4|513205|420820|1|2522691|NA|420820|NA|NA|NA|NA|NA|NA|NA|NA|NA|NA|NA|NA|NA|4|2|1|1|NA|NA|2|*O141|*O821|*O996*K859|NA|NA|O141|NA|17150|NA|19032018|NA|NA|NA|20190033|S|13052019|O141|20042018|2|S|S|3.2.02|3.2|3|29052019|O141/O821/O996 K859|20042018|NA|NA|02|0|1|436|151|NA|17082018|4|17082018|NA|1|M|NA|NA|NA|NA|NA|NA|383275
1|2|01072018|2030|842|420290|30102000|417|2|1|1|4|3|NA|622005|420090|4|NA|NA|420090|NA|NA|NA|NA|NA|NA|NA|NA|NA|NA|NA|NA|NA|1|1|3|1|NA|NA|1|*O995*J81X|NA|NA|NA|NA|O995|NA|14085|420540|02072018|NA|NA|NA|20190050|S|19072018|J81|02072018|4|S|S|3.2.02|3.2|5|19112019|O995 J81|02072018|NA|NA|12|0|1|506|93|NA|10102018|1|02102018|NA|1|M|NA|NA|NA|NA|NA|NA|385856
1|2|08082018|0700|842|420140|30051988|430|2|1|4|4|3|NA|999992|420140|1|3157245|NA|420540|NA|NA|NA|NA|NA|NA|NA|NA|NA|NA|NA|NA|NA|1|1|3|1|NA|NA|2|*O998*C169*K251*C796|NA|NA|NA|NA|O998|NA|25545|NA|08082018|NA|NA|NA|20180047|S|25092018|C169|10082018|NA|S|S|3.2.02|3.2|3|09102018|O998 C169 K251 C796 C786|14082018|NA|NA|12|0|1|062|78|NA|20112018|5|25102018|NA|2|M|NA|NA|NA|NA|NA|NA|386203
1|2|04072018|NA|821|210237|30081999|418|2|4|1|4|3|NA|422305|421190|1|2555646|NA|421660|NA|NA|NA|NA|NA|NA|NA|NA|NA|NA|NA|NA|NA|4|2|1|1|NA|NA|1|*O882*O85X|NA|NA|NA|*Y838|O882|NA|3689|420540|05072018|NA|NA|NA|20190009|S|09082018|O994|06072018|4|S|S|3.2.02|3.2|5|26022019|O882 O85*Y838|02082018|NA|NA|12|0|1|237|99|NA|19122019|5|11102018|NA|2|M|NA|NA|NA|NA|NA|NA|386607
1|2|13112018|2130|842|421190|03051993|425|2|1|2|4|3|NA|NA|421190|1|2555646|NA|421660|NA|NA|NA|NA|NA|NA|NA|NA|NA|NA|NA|NA|NA|1|1|3|1|NA|NA|2|*G936|*G919|*O95X*G930|NA|NA|O95|NA|18585|NA|14112018|NA|NA|NA|20180107|N|NA|G930|23112018|5|S|S|3.2.02|3.2|NA|27112018|G936/G919/O95 G930|27112018|NA|NA|12|0|1|014|85|NA|06022019|5|06022019|NA|1|M|NA|NA|NA|NA|NA|NA|386674
1|2|27072018|1012|842|420000|13082002|415|2|1|5|NA|NA|NA|999992|421660|1|2555646|NA|421660|NA|NA|NA|NA|NA|NA|NA|NA|NA|NA|NA|NA|NA|4|2|1|1|NA|NA|2|*A419|*O998*G049|NA|NA|NA|O998|NA|23381|NA|27072018|NA|NA|NA|20190016|S|03082018|A879|06082018|1|S|S|3.2.02|3.2|3|27022019|A419/O998 G049|08082018|NA|NA|NA|0|1|215|41|NA|20022019|5|06092018|NA|3|M|NA|NA|NA|NA|NA|NA|389654
1|2|27012018|0525|829|291590|02111999|418|2|NA|9|2|1|NA|NA|291590|1|2627418|NA|292100|NA|NA|NA|NA|NA|NA|NA|NA|NA|NA|NA|NA|NA|NA|NA|NA|NA|NA|NA|NA|*O141|NA|NA|NA|NA|O141|NA|6801|NA|27012018|NA|NA|NA|20180013|NA|NA|O141|09022018|NA|S|S|3.2.00|3.2|NA|14112018|O141|16022018|NA|NA|10|0|1|291|30|NA|12042019|4|26022018|NA|1|M|NA|NA|NA|NA|NA|NA|391468
1|2|04012018|1905|829|292740|06051982|435|2|2|1|3|2|NA|999992|292740|1|0004294|NA|292740|NA|NA|NA|NA|NA|NA|NA|NA|NA|NA|NA|NA|NA|4|2|1|1|NA|NA|2|*R578|*A419|*I619|*O13X*O152|NA|O152|NA|30870|NA|05012018|NA|NA|NA|20190112|S|11012019|O152|26012018|2|S|S|3.2.02|3.2|8|13092019|R578/A419/I619/O13 O152|30012018|NA|NA|11|0|1|617|372|NA|11012019|5|11012019|NA|3|M|NA|NA|NA|NA|NA|NA|391691
1|2|17012018|1730|829|290320|25111992|425|2|4|9|9|9|NA|NA|292620|4|NA|NA|292620|NA|NA|NA|NA|NA|NA|NA|NA|NA|NA|NA|NA|NA|4|2|1|2|NA|NA|1|*O95X|NA|NA|NA|NA|O95|NA|10739|290320|18012018|NA|NA|NA|20180004|NA|NA|O95|07022018|3|S|S|3.2.00|3.2|NA|16022018|O95|16022018|NA|NA|09|0|1|030|481|NA|13052019|5|13052019|NA|1|M|NA|NA|NA|NA|NA|NA|392748
1|2|15012018|0845|829|291480|31011998|419|2|4|1|4|3|NA|999992|290470|1|2385171|NA|291480|NA|NA|NA|NA|NA|NA|NA|NA|NA|NA|NA|NA|NA|8|2|3|NA|NA|NA|NA|*J969|*D649|*I269|*O159*N19X|*I509|O159|NA|10611|NA|15012018|NA|NA|NA|20190001|S|22012018|N19|19012018|5|S|S|3.2.02|3.2|3|10012019|J969/D649/I269/O159 N19*I509|29012018|NA|NA|12|0|1|360|7|NA|16012020|5|22012018|NA|1|M|NA|NA|NA|NA|NA|NA|393086
1|2|09012018|0700|829|293120|04061994|423|2|2|5|3|2|NA|513315|293120|3|NA|NA|293120|NA|NA|NA|NA|NA|NA|NA|NA|NA|NA|NA|NA|NA|4|2|1|2|NA|NA|2|*I269|*O882|NA|NA|*R262*F531|O882|NA|21546|NA|09012018|NA|NA|NA|20190026|S|14042018|O882|31012018|1|S|S|3.2.02|3.2|8|05062019|I269/O882*R262 F531|31012018|NA|NA|11|0|1|512|98|NA|30042018|5|17042018|NA|1|M|NA|NA|NA|NA|NA|NA|393532
1|2|09032018|NA|829|293360|25071988|429|2|4|1|2|1|NA|524205|290270|3|NA|NA|290270|NA|NA|NA|NA|NA|NA|NA|NA|NA|NA|NA|NA|NA|1|1|3|2|NA|NA|NA|*O990*D571|*I500|NA|NA|NA|O990|NA|9971|290270|10032018|NA|NA|NA|20180004|NA|NA|O990|14032018|3|S|S|3.2.00|3.2|NA|14032018|O990 D571/I500|14032018|NA|NA|10|0|1|005|NA|NA|NA|NA|NA|NA|NA|NA|NA|NA|NA|NA|NA|NA|394671
1|2|22012018|1640|829|292400|16061992|425|2|4|9|9|9|NA|NA|292400|1|2533480|NA|292400|NA|NA|NA|NA|NA|NA|NA|NA|NA|NA|NA|NA|NA|4|2|1|NA|NA|NA|NA|*I269|*J189|*O903|NA|NA|O903|NA|18865|NA|26012018|NA|NA|NA|20180039|S|24082018|J189|06022018|2|S|S|3.2.00|3.2|1|17092018|I269/J189/O903|07022018|NA|NA|09|0|1|238|214|NA|12092018|5|24082018|NA|2|M|NA|NA|NA|NA|NA|NA|394965
1|2|27092018|1440|NA|NA|15011992|426|2|1|5|4|NA|NA|421125|291955|5|NA|NA|290320|NA|NA|NA|NA|NA|NA|NA|NA|NA|NA|NA|NA|NA|NA|NA|NA|NA|NA|NA|NA|*R577|*N170|*K922|*O996*K519|NA|O996|NA|26107|NA|27092018|NA|NA|NA|20190016|S|11072019|K519|29102018|1|S|S|3.2.00|NA|8|09092019|R577/N170/K922/O996 K519|01112018|NA|NA|NA|0|1|347|127|NA|05092019|5|01022019|NA|1|M|NA|NA|NA|NA|NA|NA|395340
1|2|23012018|1447|815|150620|02011981|437|2|4|5|4|3|NA|NA|291955|1|3972925|NA|290320|NA|NA|NA|NA|NA|NA|NA|NA|NA|NA|NA|NA|NA|2|1|3|1|NA|NA|2|*O13X|*O151|*O670|NA|NA|O151|NA|16658|NA|23012018|NA|NA|NA|20180004|NA|NA|O151|06022018|NA|S|S|3.2.00|3.2|NA|16022018|O13/O151/O670|16022018|NA|NA|12|0|1|024|176|NA|20072018|5|18072018|NA|1|M|NA|NA|NA|NA|NA|NA|395409
1|2|19022018|0505|829|292170|02041986|431|2|2|1|3|1|4|999992|291955|1|3972925|NA|290320|NA|NA|NA|NA|NA|NA|NA|NA|NA|NA|NA|NA|NA|8|2|3|1|NA|NA|2|*O994*I500*J90X*R18X|NA|NA|NA|NA|O994|NA|28326|NA|19022018|NA|NA|NA|20180020|S|28052018|O994|21022018|2|N|S|3.2.00|3.2|2|10072018|O994 I500 J90 R18|26022018|NA|NA|02|0|1|141|44|NA|11042018|6|04042018|NA|1|M|NA|NA|NA|NA|NA|NA|395421
1|2|31032018|1330|852|520110|16012001|417|2|4|5|3|2|NA|621005|291110|1|3972925|NA|290320|NA|NA|NA|NA|NA|NA|NA|NA|NA|NA|NA|NA|NA|4|2|1|1|NA|NA|2|*A419|NA|*J189|*A169|*J80X*B24X*B200|B200|NA|29952|NA|31032018|NA|NA|NA|20180011|NA|NA|B200|24042018|5|S|S|3.2.00|3.2|NA|23052018|A419/ /J189/A169*J80 B24 B200|23052018|NA|NA|11|0|1|053|NA|NA|NA|NA|NA|NA|NA|NA|NA|NA|NA|NA|NA|NA|395603
1|2|08052018|NA|829|290930|09071989|428|2|4|2|2|1|NA|NA|290930|1|2801574|NA|290930|NA|NA|NA|NA|NA|NA|NA|NA|NA|NA|NA|NA|NA|1|1|3|NA|NA|NA|NA|*O751|*O460|*O364|*O441|NA|O460|NA|22128|NA|08052018|NA|NA|NA|20180005|N|NA|O460|17052018|NA|S|S|3.2.00|3.2|NA|17052018|O751/O460/O364/O441|17052018|NA|NA|10|0|1|009|NA|NA|NA|NA|NA|NA|NA|NA|NA|NA|NA|NA|NA|NA|396118
1|2|29012018|1935|829|291400|15011978|440|2|4|2|4|3|NA|NA|291400|1|4026640|NA|291400|NA|NA|NA|NA|NA|NA|NA|NA|NA|NA|NA|NA|NA|NA|NA|NA|NA|NA|NA|NA|*I269|*O159|*I10X|NA|NA|O159|NA|6462|NA|29012018|NA|NA|NA|20180023|S|15022018|O159|15022018|1|S|S|3.2.00|3.2|8|18062018|I269/O159/I10|16022018|NA|NA|12|0|1|140|NA|NA|NA|NA|NA|NA|NA|NA|NA|NA|NA|NA|NA|NA|396864
1|2|22012018|0010|829|290260|12081987|430|2|4|1|4|3|NA|999992|293305|1|2799278|NA|291080|NA|NA|NA|NA|NA|NA|NA|NA|NA|NA|NA|NA|NA|9|9|9|1|NA|NA|9|*O754*T71X|*O751|NA|NA|NA|O751|NA|30380|NA|22012018|NA|NA|NA|20190041|NA|NA|O751|24012018|1|S|S|3.2.00|3.2|NA|24052019|O754 T71/O751|25012018|NA|NA|12|0|1|487|NA|NA|NA|NA|NA|NA|NA|NA|NA|NA|NA|NA|NA|NA|397011
1|2|26012018|1015|829|291300|20061989|428|2|4|1|2|1|NA|621005|291300|1|2412713|NA|291300|NA|NA|NA|NA|NA|NA|NA|NA|NA|NA|NA|NA|NA|4|2|1|NA|NA|NA|NA|*A419|*O860|*R092|NA|NA|O860|NA|16688|NA|22022018|NA|NA|NA|20190009|S|23082018|O860|12042018|NA|S|S|3.2.02|3.2|8|12062019|A419/O860/R092|16042018|NA|NA|10|0|1|502|209|NA|29112018|5|23082018|NA|1|M|NA|NA|NA|NA|NA|NA|398224
1|2|13032018|2320|829|291360|20071984|433|2|NA|NA|NA|NA|NA|NA|291360|1|2802112|NA|291360|NA|NA|NA|NA|NA|NA|NA|NA|NA|NA|NA|NA|NA|4|2|1|9|NA|NA|2|*O820|*O882|NA|NA|NA|O882|NA|20699|NA|13032018|NA|NA|NA|20190015|S|27022019|I269|21032018|1|S|S|3.2.00|3.2|8|31072019|O820/O882|22032018|NA|NA|NA|0|1|505|351|NA|15042019|5|27022019|NA|3|M|NA|NA|NA|NA|NA|NA|398748
1|2|11042018|1600|829|291620|03071986|431|2|4|1|2|1|NA|999992|291620|1|2385171|NA|291480|NA|NA|NA|NA|NA|NA|NA|NA|NA|NA|NA|NA|NA|4|2|1|1|NA|NA|2|*O678|*O670|*O679|*O809|NA|O678|NA|19770|NA|11042018|NA|NA|NA|20190016|S|22052018|O678|16042018|2|S|S|3.2.02|NA|8|29052019|O678/O670/O679/O809|25042018|NA|NA|10|0|1|413|41|NA|24072018|5|22052018|NA|1|R|NA|NA|NA|NA|NA|NA|399832
1|2|13052018|2340|829|290800|18041986|432|2|4|2|4|3|NA|999992|290800|1|2525569|NA|291480|NA|NA|NA|NA|NA|NA|NA|NA|NA|NA|NA|NA|NA|1|1|3|NA|NA|NA|NA|*R092|*A419|*O141|*D699|*K729*I10X|O141|NA|25466|NA|13052018|NA|NA|NA|20190016|S|24052018|O141|24072018|2|S|S|3.2.02|3.2|8|29052019|R092/A419/O141/D699*K729 I10|27072018|NA|NA|12|0|1|381|11|NA|27082018|1|24052018|NA|2|M|NA|NA|NA|NA|NA|NA|400133
1|2|21022018|2040|829|291120|18051985|432|2|4|9|4|3|NA|NA|291120|1|2400693|NA|291800|NA|NA|NA|NA|NA|NA|NA|NA|NA|NA|NA|NA|NA|5|2|2|1|NA|NA|2|*R570|*I429*O903|NA|NA|NA|O903|NA|18983|NA|21022018|NA|NA|NA|20180004|N|NA|O903|01032018|5|S|S|3.2.00|3.2|NA|02032018|R570/I429 O903|02032018|NA|NA|12|0|1|009|NA|NA|NA|NA|NA|NA|NA|NA|NA|NA|NA|NA|NA|NA|400797
1|2|11022018|1218|829|291680|05031994|423|2|NA|NA|4|3|NA|331110|291680|1|2402564|NA|293330|NA|NA|NA|NA|NA|NA|NA|NA|NA|NA|NA|NA|NA|4|2|1|1|NA|NA|2|*R571|*O721|NA|NA|NA|O721|NA|22826|NA|11022018|NA|NA|NA|20190010|S|28052019|O622|16022018|1|S|S|3.2.00|3.2|8|25062019|R571/O721|28022018|NA|NA|12|0|1|499|271|NA|14112018|5|09112018|NA|1|R|NA|NA|NA|NA|NA|NA|402153
1|2|02012018|1103|829|291850|31081998|419|2|1|1|4|3|3|622020|291535|1|4026896|NA|291460|NA|NA|NA|NA|NA|NA|NA|NA|NA|NA|NA|NA|NA|4|2|1|1|NA|NA|2|*A419|*N19X|*K659|*O95X|NA|O95|NA|19488|NA|02012018|NA|NA|NA|20180003|NA|NA|O95|25012018|1|S|S|3.2.00|3.2|NA|26012018|A419/N19/K659/O95|26012018|NA|NA|06|0|1|024|NA|NA|NA|NA|NA|NA|NA|NA|NA|NA|NA|NA|NA|NA|403851
1|2|15022018|2055|829|291915|23061981|436|2|2|2|3|1|4|622020|291915|1|4026896|NA|291460|NA|NA|NA|NA|NA|NA|NA|NA|NA|NA|NA|NA|NA|2|1|3|1|NA|NA|2|*D65X|*O16X|*O249|NA|NA|O16|NA|6756|NA|15022018|NA|NA|NA|20190013|S|14062018|O16|28022018|1|S|S|3.2.00|3.2|8|29042019|D65/O16/O249|02022018|NA|NA|02|0|1|438|119|NA|22062018|4|14062018|NA|1|M|NA|NA|NA|NA|NA|NA|404049
1|2|31012018|1915|829|292740|14121999|418|2|4|1|3|2|NA|999994|292740|1|3956369|NA|292740|NA|NA|NA|NA|NA|NA|NA|NA|NA|NA|NA|NA|NA|4|2|1|1|NA|NA|2|*G932|*R090|*I609|*O149|NA|O149|NA|25943|NA|01022018|NA|NA|NA|20190112|S|31012018|O994|15022018|2|S|S|3.2.02|3.2|8|13092019|G932/R090/I609/O149|19022018|NA|NA|11|0|1|590|314|NA|19122018|5|11122018|NA|3|M|NA|NA|NA|NA|NA|NA|405943
1|2|29012018|1547|829|290160|07062000|417|2|4|1|3|2|NA|999991|291810|1|3956369|NA|292740|NA|NA|NA|NA|NA|NA|NA|NA|NA|NA|NA|NA|NA|2|1|3|2|NA|NA|9|*A419|*O998*N390|NA|NA|NA|O998|NA|28494|NA|29012018|NA|NA|NA|20190112|N|NA|O998|15022018|5|S|S|3.2.02|3.2|NA|13092019|A419/O998 N390|19022018|NA|NA|11|0|1|592|471|NA|11092019|4|15052019|NA|1|M|NA|NA|NA|NA|NA|NA|407546
1|2|08032018|0817|829|292740|30041987|430|2|4|1|4|3|NA|322205|293070|1|0003859|NA|292740|NA|NA|NA|NA|NA|NA|NA|NA|NA|NA|NA|NA|NA|4|2|1|1|NA|NA|2|*I619|*O994*I609|NA|NA|*D571|O994|NA|14621|NA|08032018|NA|NA|NA|20190113|S|03052018|O994|20032018|5|S|S|3.2.02|3.2|2|13092019|I619/O994 I609*D571|28032018|NA|NA|12|0|1|554|56|NA|02082018|5|03052018|NA|1|M|NA|NA|NA|NA|NA|NA|408471
1|2|15032018|1130|829|292740|02051979|438|2|NA|2|9|9|NA|999992|292740|1|2802082|NA|292740|NA|NA|NA|NA|NA|NA|NA|NA|NA|NA|NA|NA|NA|1|1|3|1|NA|NA|2|*J969|*R571|*N939|*O441*O720|*O759|O441|NA|7123|NA|15032018|NA|NA|NA|20190113|S|11012019|O720|28032018|2|S|S|3.2.02|3.2|8|13092019|J969/R571/N939/O441 O720*O759|02042018|NA|NA|09|0|1|547|302|NA|11012019|4|11012019|NA|3|M|NA|NA|NA|NA|NA|NA|408508
1|2|24022018|1411|829|293320|15041995|422|2|4|5|4|3|NA|354705|291610|1|3956369|NA|292740|NA|NA|NA|NA|NA|NA|NA|NA|NA|NA|NA|NA|NA|4|2|1|9|NA|NA|2|*A419|*R100|*O990*D571*K819|NA|NA|O990|NA|28494|NA|24022018|NA|NA|NA|20190112|S|11122018|O990|09032018|1|S|S|3.2.02|3.2|8|13092019|A419/R100/O990 D571 K819|13032018|NA|NA|12|0|1|566|290|NA|19122018|5|11122018|NA|3|M|NA|NA|NA|NA|NA|NA|408665
1|2|06022018|0720|829|292740|03011984|434|2|2|2|4|3|NA|512105|292740|1|2470667|NA|292740|NA|NA|NA|NA|NA|NA|NA|NA|NA|NA|NA|NA|NA|1|1|3|1|NA|NA|2|NA|*R688|*A419|*O998*C509*C787|NA|O998|NA|27871|NA|06022018|NA|NA|NA|20190112|S|25012019|O998|09032018|2|S|S|3.2.02|3.2|8|13092019|/R688/A419/O998 C509 C787|13032018|NA|NA|12|0|1|584|353|NA|25012019|1|25012019|NA|3|M|NA|NA|NA|NA|NA|NA|408822
1|2|11122018|1140|829|292740|30031977|441|2|1|1|5|5|NA|223605|292740|1|5407591|NA|292740|NA|NA|NA|NA|NA|NA|NA|NA|NA|NA|NA|NA|NA|2|1|3|1|NA|NA|1|*O995*J81X|NA|NA|NA|*R048|O995|NA|6569|292740|11022018|NA|NA|NA|20200007|S|02092019|R99|02032018|3|S|S|3.2.02|3.2|6|17012020|O995 J81*R048|07032018|NA|NA|08|0|1|402|0|NA|19122018|4|11122018|NA|3|M|NA|NA|NA|NA|NA|NA|408949
1|2|27012018|2005|829|292740|23051988|429|2|4|2|3|2|NA|999993|290820|1|2520613|NA|292900|NA|NA|NA|NA|NA|NA|NA|NA|NA|NA|NA|NA|NA|4|2|1|NA|NA|NA|NA|*R570|*I500|*O991*D689|NA|NA|O991|NA|29396|NA|27012018|NA|NA|NA|20190008|S|31012018|D689|22032018|1|S|S|3.2.00|3.2|8|11062019|R570/I500/O991 D689|04042018|NA|NA|11|0|1|500|249|NA|23102018|5|03102018|NA|1|M|NA|NA|NA|NA|NA|NA|410851
1|2|13042018|0440|829|292805|13051988|429|2|4|5|3|2|NA|999992|293135|1|2301318|NA|293135|NA|NA|NA|NA|NA|NA|NA|NA|NA|NA|NA|NA|NA|4|2|1|1|NA|NA|2|*O723|*O721|NA|NA|NA|O723|NA|15597|NA|13042018|NA|NA|NA|20180019|NA|NA|O723|18042018|NA|S|S|3.2.00|3.2|NA|02052018|O723/O721|18042018|NA|NA|11|0|1|019|118|NA|24012020|5|09082018|NA|1|M|NA|NA|NA|NA|NA|NA|411898
1|2|10032018|0500|829|290560|13111988|429|2|4|5|2|1|1|999992|291465|1|2802015|NA|291465|NA|NA|NA|NA|NA|NA|NA|NA|NA|NA|NA|NA|NA|4|2|1|1|NA|NA|2|*J81X|*O903|*O152|NA|NA|O152|NA|22187|NA|10032018|NA|NA|NA|20200004|S|05022020|O149|02042018|5|S|S|3.2.00|3.2|4|05022020|J81/O903/O152|03042018|NA|NA|01|0|1|697|67|NA|16052018|9|16052018|NA|NA|M|NA|NA|NA|NA|NA|NA|412553
1|2|15022018|1122|831|315780|08041999|418|2|4|1|9|9|NA|999992|292530|1|2802090|NA|292530|NA|NA|NA|NA|NA|NA|NA|NA|NA|NA|NA|NA|NA|4|2|1|1|NA|NA|2|*O85X*A419*N179|NA|NA|NA|NA|O85|NA|15660|NA|15022018|NA|NA|NA|20200002|S|07052018|K659|20022018|1|S|S|3.2.02|3.2|8|12022020|O85 A419 N179|21022018|NA|NA|09|0|1|727|NA|NA|NA|NA|NA|NA|NA|NA|NA|NA|NA|NA|NA|NA|412626
1|2|17032018|0907|829|292530|22121987|430|2|NA|1|2|1|NA|512120|292530|3|NA|NA|292530|NA|NA|NA|NA|NA|NA|NA|NA|NA|NA|NA|NA|NA|4|2|1|9|NA|NA|1|*O882|NA|NA|NA|NA|O882|NA|3966|292530|17032018|NA|NA|NA|20190021|S|27042018|O96|27032018|3|S|S|3.2.00|3.2|8|05062019|O882|27032018|NA|NA|10|0|1|445|255|NA|28112018|5|27112018|NA|1|M|NA|NA|NA|NA|NA|NA|412885
1|2|05052018|1405|829|292400|24011982|436|2|4|2|9|9|NA|621005|292400|1|2533480|NA|292400|NA|NA|NA|NA|NA|NA|NA|NA|NA|NA|NA|NA|NA|5|2|2|NA|NA|NA|NA|*A419|*J960|*J189|*O903*N179|NA|O903|NA|24451|NA|05052018|NA|NA|NA|20180039|S|24082018|N179|08062018|5|S|S|3.2.00|3.2|1|17092018|A419/J960/J189/O903 N179|11062018|NA|NA|09|0|1|135|111|NA|12092018|6|24082018|NA|3|M|NA|NA|NA|NA|NA|NA|413246
1|2|27032018|1420|829|293330|19061975|442|2|4|NA|3|1|4|999992|291580|1|2402564|NA|293330|NA|NA|NA|NA|NA|NA|NA|NA|NA|NA|NA|NA|NA|4|2|1|1|NA|NA|2|*R571|*O721|*O723|*O459|*O149|O459|NA|15056|NA|27032018|NA|NA|NA|20190010|S|28052019|O459|09042018|NA|S|S|3.2.00|3.2|8|25062019|R571/O721/O723/O459*O149|20042018|NA|NA|02|0|1|455|153|NA|28082018|5|27082018|NA|1|M|NA|NA|NA|NA|NA|NA|415304
1|2|29032018|0400|NA|NA|11111993|424|2|NA|1|NA|NA|NA|999992|291580|1|2417189|NA|291640|NA|NA|NA|NA|NA|NA|NA|NA|NA|NA|NA|NA|NA|NA|NA|NA|NA|NA|NA|NA|*O723|*O723|*O721|NA|NA|O723|NA|8626|NA|29032018|NA|NA|NA|20180011|NA|NA|O723|24042018|NA|S|S|3.2.02|3.2|NA|27042018|O723/O723/O721|27042018|NA|NA|NA|0|1|029|159|NA|06092018|5|04092018|NA|1|M|NA|NA|NA|NA|NA|NA|416328
1|2|16062018|0146|829|292870|24071985|432|2|4|1|NA|NA|NA|NA|292870|1|2799286|NA|292870|NA|NA|NA|NA|NA|NA|NA|NA|NA|NA|NA|NA|NA|2|1|3|1|NA|NA|1|*O721|*O266|NA|NA|NA|O721|NA|6335|292870|16062018|NA|NA|NA|20180044|S|20062018|O721|03072018|3|S|S|3.2.02|3.2|8|12122018|O721/O266|06072018|NA|NA|NA|0|1|179|51|NA|06012020|4|06082018|NA|1|R|NA|NA|NA|NA|NA|NA|417477
1|2|01052018|1115|835|355030|19101984|433|2|2|1|4|3|NA|999992|290980|1|2390043|NA|290980|NA|NA|NA|NA|NA|NA|NA|NA|NA|NA|NA|NA|NA|2|1|3|1|NA|NA|NA|*R571|*O459|*M329|NA|NA|O459|NA|2066|NA|01052018|NA|NA|NA|20190025|S|08052018|O459|04052018|NA|S|S|3.2.00|3.2|8|26062019|R571/O459/M329|09052018|NA|NA|12|0|1|421|115|NA|24082018|4|24082018|NA|1|M|NA|NA|NA|NA|NA|NA|417709
1|2|02022018|1040|828|280030|06081977|440|2|4|2|5|5|NA|251510|280290|1|2546027|NA|280290|NA|NA|NA|NA|NA|NA|NA|NA|NA|NA|NA|NA|NA|2|1|3|1|NA|NA|2|NA|*R571|*O721|*O720|NA|O720|NA|1990|NA|02022018|NA|NA|NA|20190004|S|09052018|O720|14032018|1|S|S|3.2.00|3.2|8|22032019|/R571/O721/O720|06042018|NA|NA|08|0|1|413|96|NA|12092018|4|09052018|NA|1|E|NA|NA|NA|NA|NA|NA|418334
1|2|16032018|0240|828|280350|06051981|436|2|4|1|4|3|3|322205|280580|1|0002232|NA|280030|NA|NA|NA|NA|NA|NA|NA|NA|NA|NA|NA|NA|NA|1|1|3|1|NA|NA|2|NA|*A419|*K659|*O000*O086|NA|O000|NA|1194|NA|16032018|NA|NA|NA|20190021|S|16042018|O600|11042018|2|S|S|3.2.00|3.2|1|13122019|/A419/K659/O000 O086|25042018|NA|NA|06|0|1|637|406|NA|28042019|5|26042019|NA|1|M|NA|NA|NA|NA|NA|NA|419345
1|2|23042018|0700|828|280030|30081982|435|2|4|5|4|2|8|354705|280060|1|2816210|NA|280030|NA|NA|NA|NA|NA|NA|NA|NA|NA|NA|NA|NA|NA|4|2|1|1|NA|NA|2|NA|NA|*A419|*O85X|*E669|O85|NA|4333|NA|23042018|NA|NA|NA|20190004|S|03052018|O909|27042018|2|S|S|3.2.00|3.2|1|25022019|/ /A419/O85*E669|10052018|NA|NA|04|0|1|308|51|NA|13062018|5|13062018|NA|1|M|NA|NA|NA|NA|NA|NA|419911
1|2|27042018|1310|828|280580|08111990|427|2|2|1|3|2|5|622020|280350|4|NA|NA|280350|NA|NA|NA|NA|NA|NA|NA|NA|NA|NA|NA|NA|NA|1|1|3|1|NA|NA|1|*R58X|*K661|*O009|NA|NA|O009|NA|1250|280030|28042018|NA|NA|NA|20180010|N|NA|O009|11052018|3|S|S|3.2.00|3.2|NA|28052018|R58/K661/O009|28052018|NA|NA|03|0|1|031|299|NA|20022019|1|20022019|NA|1|E|NA|NA|NA|NA|NA|NA|420282
1|2|04062018|0340|828|280067|14041983|435|2|4|1|4|3|NA|622020|280067|1|2545918|NA|280067|NA|NA|NA|NA|NA|NA|NA|NA|NA|NA|NA|NA|NA|4|2|1|1|NA|NA|2|*R092|*A419|*O868|NA|NA|O868|NA|5307|NA|04062018|NA|NA|NA|20180009|S|17072018|O868|03072018|2|S|S|3.2.00|3.2|8|05092018|R092/A419/O868|05072018|NA|NA|12|0|1|093|43|NA|12092018|5|17072018|NA|1|E|NA|NA|NA|NA|NA|NA|420809
1|2|07082018|1350|828|280560|09052001|417|2|1|1|2|1|NA|999994|280460|2|7225628|NA|280460|NA|NA|NA|NA|NA|NA|NA|NA|NA|NA|NA|NA|NA|4|2|1|1|NA|NA|9|*J960|*O882|NA|NA|NA|O882|NA|5153|NA|07082018|NA|NA|NA|20200001|S|05092018|J96|11092018|2|S|S|3.2.00|3.2|2|30012020|J960/O882|13092018|NA|NA|10|0|1|541|29|NA|29112018|5|05092018|NA|1|E|NA|NA|NA|NA|NA|NA|424119
1|2|18082018|1040|828|280210|19041978|440|2|4|5|4|3|NA|999992|280210|1|6901743|NA|280210|NA|NA|NA|NA|NA|NA|NA|NA|NA|NA|NA|NA|NA|4|2|1|1|NA|NA|NA|*J969|*J984|*O995*J189|NA|NA|O995|NA|5209|NA|18082018|NA|NA|NA|20190016|S|23092018|J189|11092018|5|S|S|3.2.00|3.2|8|28082019|J969/J984/O995 J189|13092018|NA|NA|12|0|1|375|25|NA|18092018|1|12092018|NA|1|M|NA|NA|NA|NA|NA|NA|424291
1|2|29082018|0311|828|280210|15042000|418|2|4|1|3|2|NA|999991|280210|1|2816210|NA|280030|NA|NA|NA|NA|NA|NA|NA|NA|NA|NA|NA|NA|NA|4|2|1|1|NA|NA|2|*A419|NA|*K659|*O85X|*E109*O829|O85|NA|5002|NA|29082018|NA|NA|NA|20190004|S|10102018|O997|31082018|2|S|S|3.2.00|3.2|2|25022019|A419/ /K659/O85*E109 O829|13092018|NA|NA|11|0|1|180|40|NA|09102018|5|08102018|NA|1|M|NA|NA|NA|NA|NA|NA|424670
1|2|07102018|2145|NA|NA|15051971|447|2|1|2|4|3|3|NA|280445|1|2421542|NA|280450|NA|NA|NA|NA|NA|NA|NA|NA|NA|NA|NA|NA|NA|2|1|3|1|NA|NA|2|*O721|*O720|NA|NA|NA|O720|NA|3593|NA|07102018|NA|NA|NA|20180021|NA|NA|O720|09102018|1|S|S|3.2.00|3.2|NA|14112018|O721/O720|17102018|NA|NA|06|0|1|038|179|NA|04062019|4|04042019|NA|1|M|NA|NA|NA|NA|NA|NA|425249
1|2|23032018|1500|NA|NA|22051996|421|2|4|1|4|3|NA|999992|270230|1|2009250|NA|270430|NA|NA|NA|NA|NA|NA|NA|NA|NA|NA|NA|NA|NA|1|1|3|1|NA|NA|2|*R688|*J960|*O990*D649|NA|NA|O990|NA|3549|NA|23032018|NA|NA|NA|20180013|NA|NA|O990|26032018|5|S|S|3.2.02|3.2|NA|27032018|R688/J960/O990 D649|27032018|NA|NA|12|0|1|004|55|NA|20072018|1|17052018|NA|1|M|NA|NA|NA|NA|NA|NA|426099
1|2|14032018|2200|NA|NA|28071987|430|2|NA|NA|4|3|NA|NA|270650|5|NA|NA|270650|NA|NA|NA|NA|NA|NA|NA|NA|NA|NA|NA|NA|NA|5|2|2|NA|NA|NA|NA|*R99X|*O240|*E148|*F530|NA|O240|NA|6646|NA|15032018|NA|NA|NA|20190011|NA|NA|O240|27032018|5|S|S|3.2.00|3.2|NA|13092019|R99/O240/E148/F530|27032018|NA|NA|12|0|1|548|34|NA|17042018|6|17042018|NA|1|M|NA|NA|NA|NA|NA|NA|426337
1|2|10012018|1750|827|270040|25051988|429|2|4|2|9|9|NA|999992|270040|1|7708963|NA|270430|NA|NA|NA|NA|NA|NA|NA|NA|NA|NA|NA|NA|NA|2|1|3|1|NA|NA|2|NA|*R571|*O622|*O150|NA|O150|NA|5183|NA|10012018|NA|NA|NA|20180008|S|12012018|O150|16022018|2|S|S|3.2.02|3.2|8|20022018|/R571/O622/O150|20022018|NA|NA|09|0|1|041|2|NA|20022018|5|12012018|NA|1|M|NA|NA|NA|NA|NA|NA|426466
1|2|20012018|1700|827|270642|18111993|424|2|5|2|4|3|3|621005|270642|4|NA|NA|270642|NA|NA|NA|NA|NA|NA|NA|NA|NA|NA|NA|NA|NA|1|1|3|1|NA|NA|2|*J969|*O159|*O141|NA|*I10X|O159|NA|6898|NA|22012018|NA|NA|NA|20180002|S|07022018|O159|08022018|2|S|S|3.2.00|3.2|2|08022018|J969/O159/O141*I10|08022018|NA|NA|06|0|1|019|17|NA|09022018|1|06022018|NA|1|M|NA|NA|NA|NA|NA|NA|427056
1|2|05082018|0010|827|270430|07101998|419|2|4|1|4|3|NA|999992|270430|1|2006197|NA|270430|NA|NA|NA|NA|NA|NA|NA|NA|NA|NA|NA|NA|NA|4|2|1|1|NA|NA|2|*A419|*O85X|*O829|NA|*N179|O85|NA|3805|NA|05082018|NA|NA|NA|20180045|S|10092018|O85|06082018|NA|S|S|3.2.02|3.2|8|17092018|A419/O85/O829*N179|09082018|NA|NA|12|0|1|043|36|NA|25012019|5|10092018|NA|1|M|NA|NA|NA|NA|NA|NA|427221
1|2|02022018|1430|827|270510|01021999|419|2|NA|9|9|9|NA|NA|270510|1|2006510|NA|270430|NA|NA|NA|NA|NA|NA|NA|NA|NA|NA|NA|NA|NA|NA|NA|NA|1|NA|NA|2|*A419|*O994|*I677|NA|*O069|O994|NA|3935|NA|02022018|NA|NA|NA|20200006|NA|NA|O994|07022018|2|S|S|3.2.02|3.2|NA|17022020|A419/O994/I677*O069|15022018|NA|NA|09|0|1|745|NA|NA|NA|NA|NA|NA|NA|NA|NA|NA|NA|NA|NA|NA|427865
1|2|03012018|0540|NA|NA|15051990|427|2|4|NA|NA|NA|NA|NA|270580|1|2005417|NA|270030|NA|NA|NA|NA|NA|NA|NA|NA|NA|NA|NA|NA|NA|NA|NA|NA|1|NA|NA|NA|*J960|*A419|*O85X|NA|*N179|O85|NA|6966|NA|03012018|NA|NA|NA|20190048|S|03012018|A419|09012018|NA|S|S|3.2.00|3.2|3|18122019|J960/A419/O85*N179|20092018|NA|NA|NA|0|1|714|61|NA|07032018|5|05032018|NA|1|M|NA|NA|NA|NA|NA|NA|428145
1|2|30112018|2030|827|270740|24031979|439|2|2|9|3|2|NA|NA|270135|1|2006197|NA|270430|NA|NA|NA|NA|NA|NA|NA|NA|NA|NA|NA|NA|NA|4|2|1|1|NA|NA|2|*I269|*O904|*O141|NA|*E668*E149|O141|NA|4288|NA|30112018|NA|NA|NA|20190021|S|25032019|O141|04122018|2|S|S|3.2.02|3.2|8|02042019|I269/O904/O141*E668 E149|10122018|NA|NA|11|0|1|123|115|NA|25032019|5|25032019|NA|1|M|NA|NA|NA|NA|NA|NA|428961
1|2|27112018|1125|827|270920|19121996|421|2|4|1|3|2|NA|NA|270920|1|2006197|NA|270430|NA|NA|NA|NA|NA|NA|NA|NA|NA|NA|NA|NA|NA|1|1|3|NA|NA|NA|NA|*O994|*G932|NA|NA|NA|O994|NA|6539|NA|27112018|NA|NA|NA|20180060|NA|NA|O994|28112018|5|S|S|3.2.02|3.2|NA|03122018|O994/G932|03122018|NA|NA|11|0|1|006|112|NA|19032019|1|19032019|NA|2|M|NA|NA|NA|NA|NA|NA|428965
1|2|09052018|0500|827|270430|18021999|419|2|4|5|4|2|8|621005|270610|3|NA|NA|270610|NA|NA|NA|NA|NA|NA|NA|NA|NA|NA|NA|NA|NA|4|2|1|1|NA|NA|2|*R092|*O994|*I209|NA|NA|O994|NA|3665|NA|09052018|NA|NA|NA|20200001|N|NA|O994|08062018|2|S|S|3.2.00|3.2|NA|09012020|R092/O994/I209|08062018|NA|NA|04|0|1|610|21|NA|27062018|5|30052018|NA|1|M|NA|NA|NA|NA|NA|NA|430549
1|2|22022018|1420|827|270000|04121988|429|2|4|1|NA|NA|NA|631210|270920|1|2005050|NA|270030|NA|NA|NA|NA|NA|NA|NA|NA|NA|NA|NA|NA|NA|NA|NA|NA|1|NA|NA|1|*A419*R092|*O988|*T819|*Y836|NA|O988|NA|2376|NA|23022018|NA|NA|NA|20190039|NA|NA|O988|28052018|3|S|S|3.2.00|3.2|NA|25092019|A419 R092/O988/T819/Y836|20092018|NA|NA|NA|0|1|580|68|NA|05112018|5|01052018|NA|1|M|NA|NA|NA|NA|NA|NA|431318
1|2|28022018|0900|827|270000|01091974|443|2|4|5|2|NA|NA|622020|270460|4|NA|NA|270800|NA|NA|NA|NA|NA|NA|NA|NA|NA|NA|NA|NA|NA|NA|NA|NA|NA|NA|NA|NA|*O882|NA|NA|NA|NA|O882|NA|2746|NA|01032018|NA|NA|NA|20190039|NA|NA|O882|28052018|3|S|S|3.2.00|2.2|NA|25092019|O882|20092018|NA|NA|NA|0|1|574|87|NA|05112018|5|26052018|NA|2|M|NA|NA|NA|NA|NA|NA|431339
1|2|17052018|0045|826|261000|05091989|428|2|NA|9|9|9|NA|NA|270560|1|2006510|NA|270430|NA|NA|NA|NA|NA|NA|NA|NA|NA|NA|NA|NA|NA|NA|NA|NA|1|NA|NA|2|*A419|*O85X|NA|NA|NA|O85|NA|4719|NA|17052018|NA|NA|NA|20180045|NA|NA|O85|25052018|2|S|S|3.2.02|3.2|NA|17092018|A419/O85|28052018|NA|NA|09|0|1|123|216|NA|04012019|5|19122018|NA|1|M|NA|NA|NA|NA|NA|NA|434613
1|2|01052018|0510|827|270170|01101985|432|2|1|1|3|2|NA|999992|270840|1|5616298|NA|270800|NA|NA|NA|NA|NA|NA|NA|NA|NA|NA|NA|NA|NA|4|2|1|1|NA|NA|1|*J81X|*I10X|*O16X|NA|NA|O16|NA|5781|270430|01052018|NA|NA|NA|20190010|S|26072018|O16|14052018|4|S|S|3.2.02|3.2|8|18022019|J81/I10/O16|21052018|NA|NA|11|0|1|293|86|NA|27092018|5|26072018|NA|1|M|NA|NA|NA|NA|NA|NA|434698
1|2|18052018|0815|827|270030|21121996|421|2|4|2|4|3|2|622315|270030|1|2720035|NA|270430|NA|NA|NA|NA|NA|NA|NA|NA|NA|NA|NA|NA|NA|4|2|1|1|NA|NA|1|*R571|*K920*I859|*K769|*O986*B550|*O909*R601|O986|NA|3034|270430|18052018|NA|NA|NA|20190061|S|NA|B550|08062018|4|S|S|3.2.02|3.2|8|09122019|R571/K920 I859/K769/O986 B550*O909 R601|11062018|NA|NA|05|0|1|570|47|NA|12072018|5|04072018|NA|1|M|NA|NA|NA|NA|NA|NA|434965
1|2|26052018|1330|827|270040|03031997|421|2|4|1|4|3|3|999992|270040|1|2006510|NA|270430|NA|NA|NA|NA|NA|NA|NA|NA|NA|NA|NA|NA|NA|4|2|1|1|NA|NA|1|*A419|NA|*J159|*O990*D649|*F172|O990|NA|3045|270430|27052018|NA|NA|NA|20190061|S|20082018|D649|13062018|4|S|S|3.2.02|3.2|8|09122019|A419/ /J159/O990 D649*F172|18062018|NA|NA|06|0|1|562|86|NA|09092018|5|20082018|NA|1|M|NA|NA|NA|NA|NA|NA|435228
1|2|23042018|0950|NA|NA|03031981|437|2|NA|NA|NA|NA|NA|NA|270030|1|2005050|NA|270030|NA|NA|NA|NA|NA|NA|NA|NA|NA|NA|NA|NA|NA|NA|2|1|1|NA|NA|NA|*J960|*R570|*O903|NA|NA|O903|NA|4389|NA|23042018|NA|NA|NA|20190039|S|10122018|O903|02052018|NA|S|S|3.2.00|2.2|3|25092019|J960/R570/O903|20092018|NA|NA|NA|0|1|520|25|NA|09042019|6|18052018|NA|1|M|NA|NA|NA|NA|NA|NA|435576
1|2|09082018|0605|NA|NA|25081986|431|2|1|2|NA|NA|NA|622020|270030|1|2005026|NA|270030|NA|NA|NA|NA|NA|NA|NA|NA|NA|NA|NA|NA|NA|NA|2|1|1|NA|NA|2|*O882|*O809|NA|NA|NA|O882|NA|6090|NA|09082018|NA|NA|NA|20190039|S|30082018|I269|28082018|5|S|S|3.2.00|3.2|3|25092019|O882/O809|29082018|NA|NA|NA|0|1|412|NA|NA|29082018|5|NA|NA|1|M|NA|NA|NA|NA|NA|NA|436284
1|2|27062018|0200|827|270430|04021985|433|2|4|1|9|9|NA|999992|270430|1|2006197|NA|270430|NA|NA|NA|NA|NA|NA|NA|NA|NA|NA|NA|NA|NA|4|2|1|1|NA|NA|2|*J80X|*A419|*J180|*O993*R568|*G409*O829|O993|NA|3305|NA|27062018|NA|NA|NA|20190061|S|27072018|G409|03072018|1|S|S|3.2.02|3.2|8|09122019|J80/A419/J180/O993 R568*G409 O829|04072018|NA|NA|09|0|1|530|30|NA|13112018|5|27072018|NA|1|M|NA|NA|NA|NA|NA|NA|437861
1|2|16072018|1910|827|270040|15101987|430|2|4|2|4|3|3|999992|270040|4|NA|NA|270690|NA|NA|NA|NA|NA|NA|NA|NA|NA|NA|NA|NA|NA|4|2|1|1|NA|NA|1|*R092|*I269|*O882|NA|*E119|O882|NA|2761|270430|17072018|NA|NA|NA|20190008|S|25072018|O882|19072018|4|S|S|3.2.02|3.2|8|11022019|R092/I269/O882*E119|23072018|NA|NA|06|0|1|210|9|NA|22012019|5|25072018|NA|2|M|NA|NA|NA|NA|NA|NA|439896
1|2|08012018|0200|832|320530|28021975|442|2|1|2|5|5|NA|251205|320130|1|3537943|NA|320520|NA|NA|NA|NA|NA|NA|NA|NA|NA|NA|NA|NA|NA|4|2|1|9|NA|NA|2|*R571|NA|*O722|NA|NA|O722|NA|13846|NA|08012018|NA|NA|NA|20180004|S|09032018|O722|15022018|3|S|S|3.2.00|3.2|8|25042018|R571/ /O722|19022018|NA|NA|08|0|1|107|60|NA|09032018|5|09032018|NA|1|M|NA|NA|NA|NA|NA|NA|442103
1|2|16012018|1138|832|320520|09012003|415|2|4|1|3|2|NA|999991|320130|1|7257406|NA|320500|NA|NA|NA|NA|NA|NA|NA|NA|NA|NA|NA|NA|NA|NA|NA|NA|1|NA|NA|2|*J80X|*A419|NA|*O234|NA|O234|NA|12089|NA|16012018|NA|NA|NA|20180005|N|NA|O234|07022018|5|S|S|3.2.00|3.2|NA|19022018|J80/A419/ /O234|19022018|NA|NA|11|0|1|034|55|NA|12032018|1|12032018|NA|1|M|NA|NA|NA|NA|NA|NA|443321
1|2|12062018|1459|832|320530|06061979|439|2|1|9|9|9|NA|231205|320060|1|3450198|NA|320500|NA|NA|NA|NA|NA|NA|NA|NA|NA|NA|NA|NA|NA|4|2|1|1|NA|NA|2|*O994|NA|NA|NA|NA|O994|NA|6973|NA|12062018|NA|NA|NA|20180031|N|NA|O994|22062018|5|S|S|3.2.00|3.2|NA|08102018|O994|05072018|NA|NA|09|0|1|118|134|NA|29102018|4|24102018|NA|1|M|NA|NA|NA|NA|NA|NA|443349
1|2|03042018|1930|831|310620|23121996|421|2|2|9|4|3|NA|NA|320130|1|7257406|NA|320500|NA|NA|NA|NA|NA|NA|NA|NA|NA|NA|NA|NA|NA|4|2|1|9|NA|NA|2|*I619|NA|NA|*O141|NA|O141|NA|10915|NA|04042018|NA|NA|NA|20180025|S|28062018|O141|24052018|1|S|S|3.2.00|3.2|8|06072018|I619/ / /O141|29052018|NA|NA|12|0|1|094|86|NA|28062018|5|28062018|NA|1|M|NA|NA|NA|NA|NA|NA|443484
1|2|15012018|0635|832|320120|12111978|439|2|NA|NA|NA|NA|NA|521130|320120|1|2547821|NA|320120|NA|NA|NA|NA|NA|NA|NA|NA|NA|NA|NA|NA|NA|1|1|3|1|NA|NA|2|*R571|*K768|*O998*D180|NA|NA|O998|NA|10470|NA|15012018|NA|NA|NA|20180023|S|19022018|O998|12032018|2|S|S|3.2.00|3.2|8|21062018|R571/K768/O998 D180|15032018|NA|NA|NA|0|1|157|35|NA|13062018|1|19022018|NA|1|M|NA|NA|NA|NA|NA|NA|443756
1|2|21022018|NA|832|320040|13021986|432|2|4|1|9|9|NA|NA|320040|1|2499568|NA|320040|NA|NA|NA|NA|NA|NA|NA|NA|NA|NA|NA|NA|NA|2|1|3|1|NA|NA|1|*O95X|NA|NA|NA|NA|O95|NA|8623|320530|22022018|NA|NA|NA|20180029|S|30072018|O95|04042018|3|S|S|3.2.00|3.2|6|30072018|O95|10042018|NA|NA|09|0|1|159|216|NA|25092018|4|25092018|NA|1|M|NA|NA|NA|NA|NA|NA|446047
1|2|10052018|0009|832|320230|06031990|428|2|4|2|4|3|NA|999992|320230|2|2447029|NA|320230|NA|NA|NA|NA|NA|NA|NA|NA|NA|NA|NA|NA|NA|4|2|1|1|NA|NA|2|*J960|*O882|NA|NA|*O459|O882|NA|7991|NA|10052018|NA|NA|NA|20180039|S|03092018|O882|13062018|1|S|S|3.2.00|3.2|8|25092018|J960/O882*O459|21062018|NA|NA|12|0|1|138|116|NA|03092018|5|03092018|NA|1|M|NA|NA|NA|NA|NA|NA|447247
1|2|24052018|1755|NA|NA|02081995|422|2|4|2|9|9|NA|NA|320130|1|7257406|NA|320500|NA|NA|NA|NA|NA|NA|NA|NA|NA|NA|NA|NA|NA|4|2|1|1|NA|NA|2|*I619|*O13X|NA|NA|NA|O13|NA|8740|NA|24052018|NA|NA|NA|20180042|S|06102018|O13|12072018|2|S|S|3.2.00|3.2|8|11102018|I619/O13|13072018|NA|NA|09|0|1|140|135|NA|08102018|5|06102018|NA|1|M|NA|NA|NA|NA|NA|NA|447912
1|2|21022018|0550|832|320400|15081985|432|2|4|2|3|2|6|999992|320150|1|2446030|NA|320150|NA|NA|NA|NA|NA|NA|NA|NA|NA|NA|NA|NA|NA|9|9|9|1|NA|NA|1|*I99X|*I979|*Y836|*O001|*E669|O001|NA|1109|320530|21022018|NA|NA|NA|20180007|S|12062018|O001|13032018|4|S|S|3.2.00|3.2|8|15062018|I99/I979/Y836/O001*E669|15032018|NA|NA|03|0|1|114|110|NA|01102018|5|11062018|NA|1|M|NA|NA|NA|NA|NA|NA|448894
1|2|31032018|1725|NA|NA|10121984|433|2|4|1|4|3|NA|NA|320510|2|7329334|NA|320510|NA|NA|NA|NA|NA|NA|NA|NA|NA|NA|NA|NA|NA|4|2|1|9|NA|NA|1|*J80X|*O722|*O723|NA|NA|O723|NA|6733|320530|01042018|NA|NA|NA|20180042|S|08102018|O723|21052018|4|S|S|3.2.00|3.2|8|11102018|J80/O722/O723|23052018|NA|NA|12|0|1|194|191|NA|08102018|5|08102018|NA|1|M|NA|NA|NA|NA|NA|NA|449739
1|2|13042018|1835|832|320350|02111981|436|2|4|1|3|1|4|999992|320410|1|2550687|NA|320490|NA|NA|NA|NA|NA|NA|NA|NA|NA|NA|NA|NA|NA|4|2|1|1|NA|NA|1|*A419|*O85X|NA|NA|NA|O85|NA|6734|320530|14042018|NA|NA|NA|20180039|S|27082018|O85|22052018|4|S|S|3.2.00|3.2|3|25092018|A419/O85|23052018|NA|NA|02|0|1|165|136|NA|28082018|5|27082018|NA|1|M|NA|NA|NA|NA|NA|NA|450023
1|2|06062018|1800|832|320520|28081980|437|2|1|2|5|5|NA|999992|320520|1|7257406|NA|320500|NA|NA|NA|NA|NA|NA|NA|NA|NA|NA|NA|NA|NA|4|2|1|1|NA|NA|2|*K729|*O996|NA|NA|NA|O996|NA|11845|NA|06062018|NA|NA|NA|20180022|NA|NA|O996|11082018|2|S|S|3.2.00|3.2|NA|03012019|K729/O996|16082018|NA|NA|08|0|1|211|236|NA|31012019|5|28012019|NA|2|M|NA|NA|NA|NA|NA|NA|453471
1|2|26062018|2015|831|310620|09112002|415|2|NA|1|9|9|NA|999991|320240|1|7257406|NA|320500|NA|NA|NA|NA|NA|NA|NA|NA|NA|NA|NA|NA|NA|4|2|1|1|NA|NA|2|*A419|*L031|*O85X|NA|NA|O85|NA|9341|NA|26062018|NA|NA|NA|20180035|S|24082018|L031|11072018|1|S|S|3.2.00|3.2|1|03092018|A419/L031/O85|13072018|NA|NA|09|0|1|069|59|NA|24082018|5|24082018|NA|1|M|NA|NA|NA|NA|NA|NA|453516
1|2|01082018|0506|829|291480|16071985|433|2|2|9|9|9|NA|421125|320520|1|7257406|NA|320500|NA|NA|NA|NA|NA|NA|NA|NA|NA|NA|NA|NA|NA|4|2|1|1|NA|NA|2|*O85X|*O266|*O249|NA|NA|O85|NA|10881|NA|01082018|NA|NA|NA|20180028|N|NA|O85|30082018|2|S|S|3.2.00|3.2|NA|18092018|O85/O266/O249|03092018|NA|NA|09|0|1|048|65|NA|09102018|5|05102018|NA|1|M|NA|NA|NA|NA|NA|NA|453660
1|2|31082018|0435|832|320130|17041982|436|2|2|9|9|9|NA|NA|320510|1|7257406|NA|320500|NA|NA|NA|NA|NA|NA|NA|NA|NA|NA|NA|NA|NA|4|2|1|1|NA|NA|2|*A419|*O159|NA|NA|*N390|O159|NA|9161|NA|31082018|NA|NA|NA|20180052|S|29112018|O159|24092018|2|S|S|3.2.00|3.2|8|19122018|A419/O159*N390|25092018|NA|NA|09|0|1|110|90|NA|05122018|5|29112018|NA|1|M|NA|NA|NA|NA|NA|NA|453743
1|2|14062018|1850|833|330330|19021988|430|2|4|1|4|3|3|999992|320500|1|7257406|NA|320500|NA|NA|NA|NA|NA|NA|NA|NA|NA|NA|NA|NA|NA|NA|NA|NA|1|NA|NA|1|*O882|*O871|*O300|NA|*B24X|O871|NA|6752|320530|15062018|NA|NA|NA|20190037|S|14072019|O871|27062018|4|S|S|3.2.00|3.2|1|06012020|O882/O871/O300*B24|05072018|NA|NA|06|0|1|571|35|NA|19072018|5|19072018|NA|2|M|NA|NA|NA|NA|NA|NA|454173
1|2|22062018|1930|832|320530|07091992|425|2|4|1|4|3|2|524305|320520|2|0011835|NA|320530|NA|NA|NA|NA|NA|NA|NA|NA|NA|NA|NA|NA|NA|1|1|3|1|NA|NA|2|*O995|NA|NA|NA|*J09X|O995|NA|6734|320530|23062018|NA|NA|NA|20190014|S|06082018|J81|29062018|4|S|S|3.2.00|3.2|1|15052019|O995*J09|06072018|NA|NA|05|0|1|327|45|NA|06082018|1|06082018|NA|2|M|NA|NA|NA|NA|NA|NA|454420
1|2|13072018|1705|NA|NA|12101976|441|2|4|1|4|3|NA|521110|320500|1|7257406|NA|320500|NA|NA|NA|NA|NA|NA|NA|NA|NA|NA|NA|NA|NA|4|2|1|1|NA|NA|1|*R571|*Y836|*O622|*O450|NA|O450|NA|6733|320530|14072018|NA|NA|NA|20180038|S|28112018|N859|02082018|4|S|S|3.2.00|3.2|1|06122018|R571/Y836/O622/O450|02082018|NA|NA|12|0|1|146|138|NA|06022019|5|28112018|NA|2|M|NA|NA|NA|NA|NA|NA|455298
1|2|17082018|0405|827|270930|25112003|414|2|NA|9|9|9|NA|NA|320410|1|2550687|NA|320490|NA|NA|NA|NA|NA|NA|NA|NA|NA|NA|NA|NA|NA|4|2|1|1|NA|NA|2|*R688|*K659|*O85X|NA|NA|O85|NA|1561|NA|17082018|NA|NA|NA|20180046|S|30102018|O85|21092018|2|S|S|3.2.00|3.2|8|09112018|R688/K659/O85|25092018|NA|NA|09|0|1|084|74|NA|30102018|5|30102018|NA|1|M|NA|NA|NA|NA|NA|NA|457093
1|2|02092018|NA|832|320520|26031989|429|2|4|1|9|9|NA|NA|320520|1|7257406|NA|320500|NA|NA|NA|NA|NA|NA|NA|NA|NA|NA|NA|NA|NA|NA|NA|NA|1|NA|NA|1|*R58X|NA|NA|NA|*O459|O459|NA|11809|320530|03092018|NA|NA|NA|20180019|NA|NA|O459|01102018|3|S|S|3.2.00|3.2|NA|09112018|R58*O459|11102018|NA|NA|09|0|1|068|99|NA|10122018|4|10122018|NA|1|M|NA|NA|NA|NA|NA|NA|458148
1|2|20102018|2313|832|320250|02111977|440|2|NA|9|9|9|NA|NA|320500|1|6559131|NA|320530|NA|NA|NA|NA|NA|NA|NA|NA|NA|NA|NA|NA|NA|4|2|1|1|NA|NA|2|*O85X|NA|NA|NA|*I678*I500|O85|NA|13280|NA|20102018|NA|NA|NA|20190006|S|12122018|O85|07112018|2|S|S|3.2.00|3.2|1|29012019|O85*I678 I500|09112018|NA|NA|09|0|1|101|53|NA|21122018|1|12122018|NA|3|M|NA|NA|NA|NA|NA|NA|458369
1|2|05092018|0415|832|320530|26041992|426|2|4|4|4|3|2|354820|320520|1|7621442|NA|320530|NA|NA|NA|NA|NA|NA|NA|NA|NA|NA|NA|NA|NA|4|2|1|1|NA|NA|1|*J969|*J80X|*I269|*O871|*O882|O871|NA|8207|320530|05092018|NA|NA|NA|20180018|N|NA|O871|03102018|4|S|S|3.2.00|3.2|NA|11102018|J969/J80/I269/O871*O882|11102018|NA|NA|05|0|1|036|119|NA|02012019|5|02012019|NA|1|M|NA|NA|NA|NA|NA|NA|458467
1|2|28012018|0856|824|240810|11121986|431|2|4|5|4|3|NA|631010|240360|1|2653982|NA|240810|NA|NA|NA|NA|NA|NA|NA|NA|NA|NA|NA|NA|NA|4|2|1|1|NA|NA|2|*A419|*J960|*O881|NA|NA|O881|NA|4951|NA|28012018|NA|NA|NA|20180008|NA|NA|O881|15022018|2|S|S|3.2.00|3.2|NA|16022018|A419/J960/O881|16022018|NA|NA|12|0|1|019|NA|NA|NA|NA|NA|NA|NA|NA|NA|NA|NA|NA|NA|NA|460345
1|2|11012018|0920|824|240080|20102001|416|2|1|1|3|2|5|999993|240080|1|2409208|NA|240810|NA|NA|NA|NA|NA|NA|NA|NA|NA|NA|NA|NA|NA|4|2|1|1|NA|NA|1|*O990|*O469|*O622|*O623|*O822*Q250|O990|NA|4233|240810|12012018|NA|NA|NA|20180005|NA|NA|O990|01022018|4|S|S|3.2.00|3.2|NA|05022018|O990/O469/O622/O623*O822 Q250|05022018|NA|NA|03|0|1|025|20|NA|09112018|6|31012018|NA|1|M|NA|NA|NA|NA|NA|NA|460891
1|2|20012018|1810|NA|NA|31011995|422|2|4|1|3|2|6|512105|240310|1|2476487|NA|240310|NA|NA|NA|NA|NA|NA|NA|NA|NA|NA|NA|NA|NA|2|1|3|1|NA|NA|1|*J81X|*I219|*O754|NA|*E877*I251|O754|NA|5990|240810|20012018|NA|NA|NA|20180008|S|23012018|O754|25012018|4|S|S|3.2.00|3.2|8|29062018|J81/I219/O754*E877 I251|08022018|NA|NA|03|0|1|160|115|NA|21052018|4|15052018|NA|2|M|NA|NA|NA|NA|NA|NA|460937
1|2|04042018|0430|824|240660|27061977|440|2|4|1|4|2|8|512120|240810|2|6531288|NA|240810|NA|NA|NA|NA|NA|NA|NA|NA|NA|NA|NA|NA|NA|5|2|2|1|NA|NA|1|*O240|NA|NA|NA|*O994|O240|NA|4233|240810|04042018|NA|NA|NA|20190026|S|01072019|O244|23042018|4|S|S|3.2.00|3.2|8|16082019|O240*O994|02052018|NA|NA|04|0|1|499|456|NA|05072019|6|04072019|NA|2|M|NA|NA|NA|NA|NA|NA|466801
1|2|29042018|0620|824|240580|23051989|428|2|4|1|3|2|NA|NA|240950|1|4013484|NA|240810|NA|NA|NA|NA|NA|NA|NA|NA|NA|NA|NA|NA|NA|4|2|1|1|NA|NA|2|*J80X|*O995*J110|NA|NA|NA|O995|NA|5417|NA|29042018|NA|NA|NA|20180020|NA|NA|O995|04052018|2|S|S|3.2.00|3.2|NA|04052018|J80/O995 J110|04052018|NA|NA|11|0|1|005|121|NA|28082018|5|28082018|NA|1|M|NA|NA|NA|NA|NA|NA|467300
1|2|31052018|1435|824|240310|29061983|434|2|4|1|5|4|NA|252305|240650|1|2653982|NA|240810|NA|NA|NA|NA|NA|NA|NA|NA|NA|NA|NA|NA|NA|4|2|1|1|NA|NA|2|*D65X|*O266|NA|NA|*O239|O266|NA|3674|NA|31052018|NA|NA|NA|20190021|S|17102018|O996|19062018|2|S|S|3.2.00|3.2|8|19072019|D65/O266*O239|28062018|NA|NA|07|0|1|414|139|NA|17102018|5|17102018|NA|2|M|NA|NA|NA|NA|NA|NA|467951
1|2|19052018|1400|824|240200|15101982|435|2|1|1|5|4|NA|252305|240020|1|2410281|NA|240800|NA|NA|NA|NA|NA|NA|NA|NA|NA|NA|NA|NA|NA|4|2|1|1|NA|NA|1|*A419|*O862|*O021|NA|NA|O862|NA|3836|240800|20052018|NA|NA|NA|20180016|NA|NA|O862|26052018|4|S|S|3.2.00|3.2|NA|07062018|A419/O862/O021|07062018|NA|NA|07|0|1|019|122|NA|19092018|3|18092018|NA|2|M|NA|NA|NA|NA|NA|NA|468186
1|2|14052018|NA|824|241150|09051977|441|2|NA|NA|NA|NA|NA|NA|241150|1|2374749|NA|240830|NA|NA|NA|NA|NA|NA|NA|NA|NA|NA|NA|NA|NA|5|2|2|1|NA|NA|1|*J121|*O990|*D570|NA|*E119*I119|O990|NA|NA|NA|NA|NA|NA|NA|20190013|S|29072019|O990|19112018|NA|S|S|3.2.00|3.2|8|05112019|J121/O990/D570*E119 I119|10122018|NA|NA|NA|0|1|540|429|NA|29072019|6|17072019|NA|2|M|NA|NA|NA|NA|NA|NA|468378
1|2|09012018|1813|824|240800|31051997|420|2|1|1|5|4|NA|999991|240800|1|2415631|NA|230440|NA|NA|NA|NA|NA|NA|NA|NA|NA|NA|NA|NA|NA|5|2|2|1|NA|NA|2|*O85X*O998*O233|*O829|NA|NA|NA|O85|NA|8742|NA|09012018|NA|NA|NA|20190012|S|21032019|G931|23012018|NA|S|S|3.2.00|NA|2|28032019|O85 O998 O233/O829|01022018|NA|NA|07|0|1|443|177|NA|14032019|6|05072018|NA|2|M|NA|NA|NA|NA|NA|NA|472680
1|2|01082018|0035|823|231380|20041986|432|2|4|1|1|0|NA|622005|231380|1|2552086|NA|230640|NA|NA|NA|NA|NA|NA|NA|NA|NA|NA|NA|NA|NA|4|2|1|1|NA|NA|2|*R571|*O622|NA|NA|NA|O622|NA|2498|NA|01082018|NA|NA|NA|20190011|S|01082018|O622|08082018|1|S|S|3.2.00|3.2|3|23052019|R571/O622|15082018|NA|NA|00|0|1|295|120|NA|29112018|5|29112018|NA|1|M|NA|NA|NA|NA|NA|NA|473784
1|2|15042018|1850|825|250400|05011985|433|2|1|2|9|9|NA|622020|250625|1|2362821|NA|250400|NA|NA|NA|NA|NA|NA|NA|NA|NA|NA|NA|NA|NA|4|2|1|1|NA|NA|2|*O751|*O622|NA|NA|NA|O622|NA|3236|NA|15042018|NA|NA|NA|20190021|S|19042018|O244|16042018|1|S|S|3.2.00|3.2|4|27052019|O751/O622|18042018|NA|NA|09|0|1|407|131|NA|24082018|5|24082018|NA|1|M|NA|NA|NA|NA|NA|NA|477542
1|2|13012018|1800|825|250400|23021987|430|2|4|2|9|9|NA|NA|250400|1|2362856|NA|250400|NA|NA|NA|NA|NA|NA|NA|NA|NA|NA|NA|NA|NA|4|2|1|1|NA|NA|2|*O152*I619|NA|NA|NA|*O141|O152|NA|8108|NA|13012018|NA|NA|NA|20180016|S|06042018|O152|14022018|1|S|S|3.2.00|3.2|8|17052018|O152 I619*O141|15022018|NA|NA|09|0|1|124|41|NA|11052018|5|23022018|NA|1|M|NA|NA|NA|NA|NA|NA|477693
1|2|26022018|0940|824|240940|18101998|419|2|4|5|3|2|NA|622005|251690|1|2613476|NA|250370|NA|NA|NA|NA|NA|NA|NA|NA|NA|NA|NA|NA|NA|4|2|1|NA|NA|NA|NA|*J960|*O882|*O879|NA|NA|O879|NA|1865|NA|26022018|NA|NA|NA|20180006|N|NA|O879|14032018|NA|S|S|3.2.00|3.2|NA|06042018|J960/O882/O879|19032018|NA|NA|11|0|1|039|44|NA|12042018|5|11042018|NA|1|M|NA|NA|NA|NA|NA|NA|478344
1|2|12042018|1145|825|250750|11101990|427|2|4|2|4|2|8|NA|250750|1|2593262|NA|250750|NA|NA|NA|NA|NA|NA|NA|NA|NA|NA|NA|NA|NA|4|2|1|1|NA|NA|2|*O993|*O994|*O992|NA|NA|O998|NA|2292|NA|12042018|NA|NA|NA|20180017|S|18042018|E236|18042018|1|S|S|3.2.00|3.2|3|23042018|O993/O994/O992|20042018|NA|NA|04|0|1|011|89|NA|11072018|5|10072018|NA|2|M|NA|NA|NA|NA|NA|NA|478762
1|2|10032018|0620|825|250400|11061981|436|2|4|5|4|3|NA|322205|250400|1|2362856|NA|250400|NA|NA|NA|NA|NA|NA|NA|NA|NA|NA|NA|NA|NA|2|1|3|1|NA|NA|2|*I619|*O159|NA|NA|NA|O159|NA|9969|NA|10032018|NA|NA|NA|20180010|S|NA|O159|26032018|1|S|S|3.2.00|3.2|3|28032018|I619/O159|28032018|NA|NA|12|0|1|018|12|NA|11052018|5|22032018|NA|1|M|NA|NA|NA|NA|NA|NA|480258
1|2|28022018|1015|825|250400|25101975|442|2|4|9|9|9|NA|NA|250830|1|2362287|NA|250400|NA|NA|NA|NA|NA|NA|NA|NA|NA|NA|NA|NA|NA|2|1|3|1|NA|NA|2|*R571|*D65X|*O720|*O622|*O713|O622|NA|7185|NA|28022018|NA|NA|NA|20190021|N|NA|O622|07032018|2|S|S|3.2.00|3.2|NA|27052019|R571/D65/O720/O622*O713|08032018|NA|NA|09|0|1|453|120|NA|04072018|5|28062018|NA|1|M|NA|NA|NA|NA|NA|NA|480349
1|2|09072018|2140|825|250400|15011978|440|2|4|4|9|9|NA|999992|250400|1|2362856|NA|250400|NA|NA|NA|NA|NA|NA|NA|NA|NA|NA|NA|NA|NA|4|2|1|1|NA|NA|2|*O996*I859*I10X*K746|NA|NA|NA|NA|O996|NA|6614|NA|09072018|NA|NA|NA|20190003|S|17082018|K746|23072018|5|S|S|3.2.00|3.2|8|17012019|O996 I859 I10 K746|26072018|NA|NA|09|0|1|192|39|NA|16102018|5|17082018|NA|1|M|NA|NA|NA|NA|NA|NA|480888
1|2|22072018|2320|825|250400|21121991|426|2|1|2|5|5|NA|231205|251080|1|2362856|NA|250400|NA|NA|NA|NA|NA|NA|NA|NA|NA|NA|NA|NA|NA|4|2|1|1|NA|NA|2|*R900|*I619|*O994|NA|NA|O994|NA|NA|NA|22072018|NA|NA|NA|20190026|S|03092018|I619|20082018|5|S|S|3.2.00|3.2|4|29072019|R900/I619/O994|23082018|NA|NA|08|0|1|372|42|NA|03092018|5|02092018|NA|3|M|NA|NA|NA|NA|NA|NA|480939
1|2|12072018|1030|825|250400|01111991|426|2|4|2|NA|NA|NA|NA|250940|1|2363070|NA|250400|NA|NA|NA|NA|NA|NA|NA|NA|NA|NA|NA|NA|NA|2|1|3|1|NA|NA|2|*K729|*K767|*O149|*O140|NA|O140|NA|5863|NA|12072018|NA|NA|NA|20190026|S|19072018|O140|08082018|5|S|S|3.2.00|3.2|3|29072019|K729/K767/O149/O140|09082018|NA|NA|NA|0|1|382|124|NA|10122018|5|13112018|NA|1|M|NA|NA|NA|NA|NA|NA|481256
1|2|12032018|0555|825|250320|06011999|419|2|1|9|4|3|1|999991|250320|1|2400243|NA|250750|NA|NA|NA|NA|NA|NA|NA|NA|NA|NA|NA|NA|NA|1|1|3|1|NA|NA|2|*R092|*A419|*N390|*O995*J108|NA|O995|NA|4516|NA|12032018|NA|NA|NA|20180028|S|04052018|O995|13032018|5|S|S|3.2.00|3.2|3|09072018|R092/A419/N390/O995 J108|16032018|NA|NA|05|0|1|119|112|NA|13072018|1|02072018|NA|1|M|NA|NA|NA|NA|NA|NA|482654
1|2|04022018|0645|825|250750|10021976|441|2|4|5|9|9|NA|513205|250750|1|2399644|NA|250750|NA|NA|NA|NA|NA|NA|NA|NA|NA|NA|NA|NA|NA|4|2|1|1|NA|NA|2|*N179|*A419|NA|*O998|*O109*O243*I519|O998|NA|9804|NA|04022018|NA|NA|NA|20180016|S|26022018|O903|05022018|1|S|S|3.2.00|3.2|3|13042018|N179/A419/ /O998*O109 O243 I519|09022018|NA|NA|09|0|1|068|65|NA|10042018|5|10042018|NA|2|M|NA|NA|NA|NA|NA|NA|483594
1|2|08042018|1349|825|250400|08011994|424|2|4|9|9|9|NA|NA|250770|1|2362287|NA|250400|NA|NA|NA|NA|NA|NA|NA|NA|NA|NA|NA|NA|NA|4|2|1|1|NA|NA|2|*O721|*O985|*D65X|NA|NA|O985|NA|8119|NA|08042018|NA|NA|NA|20190021|S|16012019|A929|11042018|1|S|S|3.2.00|3.2|4|27052019|O721/O985/D65|13042018|NA|NA|09|0|1|414|30|NA|08082018|5|08052018|NA|1|M|NA|NA|NA|NA|NA|NA|484276
1|2|17042018|1050|825|250400|05101985|432|2|4|9|9|9|NA|999992|250970|1|2362287|NA|250400|NA|NA|NA|NA|NA|NA|NA|NA|NA|NA|NA|NA|NA|4|2|1|1|NA|NA|2|*J960|*R402|*I619|*O069|NA|O069|NA|3624|NA|17042018|NA|NA|NA|20180025|S|NA|O069|23042018|NA|S|S|3.2.00|3.2|3|19072018|J960/R402/I619/O069|26042018|NA|NA|09|0|1|093|84|NA|17072018|5|10072018|NA|2|M|NA|NA|NA|NA|NA|NA|484576
1|2|04052018|0900|825|250400|13031998|420|2|1|9|9|9|NA|NA|250950|1|2363070|NA|250400|NA|NA|NA|NA|NA|NA|NA|NA|NA|NA|NA|NA|NA|4|2|1|1|NA|NA|2|*R578|*J159|*Y838|*O141*A91X|NA|O141|NA|5131|NA|04052018|NA|NA|NA|20180017|N|NA|O141|23052018|2|S|S|3.2.00|3.2|NA|24052018|R578/J159/Y838/O141 A91|24052018|NA|NA|09|0|1|020|40|NA|26072018|5|13062018|NA|2|M|NA|NA|NA|NA|NA|NA|484638
1|2|20052018|1645|825|250400|15041981|437|2|4|9|9|9|NA|NA|250400|1|2362287|NA|250400|NA|NA|NA|NA|NA|NA|NA|NA|NA|NA|NA|NA|NA|2|1|3|1|NA|NA|2|*O998|*N835|*A419|NA|NA|O998|NA|5131|NA|20052018|NA|NA|NA|20190021|S|04062018|O140|24052018|2|S|S|3.2.00|3.2|8|27052019|O998/N835/A419|30052018|NA|NA|09|0|1|372|9|NA|04062018|5|29052018|NA|1|M|NA|NA|NA|NA|NA|NA|484978
1|2|18062018|1115|825|250400|04111981|436|2|4|1|9|9|NA|NA|250040|1|2362287|NA|250400|NA|NA|NA|NA|NA|NA|NA|NA|NA|NA|NA|NA|NA|4|2|1|1|NA|NA|2|*R578|*K529|*O723|NA|NA|O723|NA|4739|NA|18062018|NA|NA|NA|20180022|S|NA|O723|25062018|5|S|S|3.2.00|3.2|3|29062018|R578/K529/O723|29062018|NA|NA|09|0|1|011|51|NA|08082018|5|08082018|NA|1|M|NA|NA|NA|NA|NA|NA|484979
1|2|31052018|1918|825|250400|25051997|421|2|4|9|9|9|NA|NA|250130|1|2362287|NA|250400|NA|NA|NA|NA|NA|NA|NA|NA|NA|NA|NA|NA|NA|2|1|3|1|NA|NA|2|*O152|NA|NA|NA|*K754|O152|NA|8119|NA|31052018|NA|NA|NA|20190026|S|16012019|O151|05062018|2|S|S|3.2.00|3.2|3|29072019|O152*K754|08062018|NA|NA|09|0|1|424|55|NA|26092018|5|25072018|NA|2|M|NA|NA|NA|NA|NA|NA|484983
1|2|21062018|0954|825|250400|28051988|430|2|1|9|9|9|NA|NA|250400|1|2362287|NA|250400|NA|NA|NA|NA|NA|NA|NA|NA|NA|NA|NA|NA|NA|4|2|1|1|NA|NA|2|*O721|NA|NA|NA|NA|O721|NA|8254|NA|21062018|NA|NA|NA|20190021|S|04072018|O721|25062018|1|S|S|3.2.00|3.2|8|27052019|O721|29062018|NA|NA|09|0|1|340|13|NA|24072018|5|04072018|NA|1|M|NA|NA|NA|NA|NA|NA|484989
1|2|20112018|0705|825|250240|29091987|431|2|NA|NA|2|1|NA|622005|250240|1|2613476|NA|250370|NA|NA|NA|NA|NA|NA|NA|NA|NA|NA|NA|NA|NA|NA|NA|NA|NA|NA|NA|NA|*O882|NA|NA|NA|NA|O882|NA|664|NA|20112018|NA|NA|NA|20180034|N|NA|O882|13122018|NA|S|S|3.2.00|3.2|NA|28122018|O882|18122018|NA|NA|10|0|1|038|2|NA|08052019|5|22112018|NA|2|M|NA|NA|NA|NA|NA|NA|485808
1|2|05052018|0400|823|230420|03031981|437|2|4|2|4|3|NA|999992|250320|1|7870930|NA|250750|NA|NA|NA|NA|NA|NA|NA|NA|NA|NA|NA|NA|NA|4|2|1|1|NA|NA|2|*A419|*O996|NA|NA|NA|O996|NA|6231|NA|05052018|NA|NA|NA|20190030|N|NA|O996|14052018|2|S|S|3.2.00|3.2|NA|06082019|A419/O996|18052018|NA|NA|12|0|1|458|NA|NA|06092018|5|NA|NA|1|M|NA|NA|NA|NA|NA|NA|487547
1|2|30042018|2335|825|250150|17041989|429|2|4|9|9|9|NA|999992|250150|1|2707527|NA|250750|NA|NA|NA|NA|NA|NA|NA|NA|NA|NA|NA|NA|NA|4|2|1|1|NA|NA|2|*J960|*J189|*O980|NA|NA|O980|NA|18553|NA|30042018|NA|NA|NA|20180012|S|07052018|A150|02052018|1|S|S|3.2.00|3.2|3|18052018|J960/J189/O980|04052018|NA|NA|09|0|1|018|17|NA|17052018|5|17052018|NA|1|M|NA|NA|NA|NA|NA|NA|487685
1|2|30042018|1200|825|250077|12071978|439|2|4|NA|2|1|1|NA|250077|1|2593262|NA|250750|NA|NA|NA|NA|NA|NA|NA|NA|NA|NA|NA|NA|NA|1|1|3|1|NA|NA|2|*I64X|*I609|*O994|NA|NA|O994|NA|6797|NA|30042018|NA|NA|NA|20190028|S|07052018|I609|07052018|1|S|S|3.2.00|3.2|3|02082019|I64/I609/O994|11052018|NA|NA|01|0|1|459|21|NA|31082018|1|21052018|NA|1|M|NA|NA|NA|NA|NA|NA|488237
1|2|30042018|1530|826|260765|26091994|423|2|4|1|3|2|NA|999992|251120|1|2399644|NA|250750|NA|NA|NA|NA|NA|NA|NA|NA|NA|NA|NA|NA|NA|3|1|3|1|NA|NA|1|*O994|*A419|*J100|NA|NA|O994|NA|1179|250750|01052018|NA|NA|NA|20190013|S|01052018|J180|02052018|4|S|S|3.2.00|3.2|5|15032019|O994/A419/J100|04052018|NA|NA|11|0|1|319|123|NA|31082018|3|31082018|NA|1|R|NA|NA|NA|NA|NA|NA|488605
1|2|29122018|1945|825|250400|23041982|436|2|4|2|9|9|NA|NA|250400|1|2362821|NA|250400|NA|NA|NA|NA|NA|NA|NA|NA|NA|NA|NA|NA|NA|4|2|1|1|NA|NA|2|*R092|*O882|*O879|NA|NA|O879|NA|3990|NA|29122018|NA|NA|NA|20190026|S|24012019|I269|15012019|NA|S|S|3.2.00|3.2|8|29072019|R092/O882/O879|17012019|NA|NA|09|0|1|212|26|NA|26022019|5|24012019|NA|1|M|NA|NA|NA|NA|NA|NA|489512
1|2|15102018|0350|825|250400|04101987|431|2|1|9|9|9|NA|999992|250400|1|3006204|NA|250400|NA|NA|NA|NA|NA|NA|NA|NA|NA|NA|NA|NA|NA|2|1|3|1|NA|NA|2|*O723|*O152|NA|NA|NA|O152|NA|7695|NA|15102018|NA|NA|NA|20190026|S|29102018|O152|06112018|1|S|S|3.2.00|3.2|8|29072019|O723/O152|08112018|NA|NA|09|0|1|287|15|NA|12112018|5|30102018|NA|1|M|NA|NA|NA|NA|NA|NA|489652
1|2|03112018|1626|825|251110|13011996|422|2|1|5|3|2|NA|622020|251110|4|NA|NA|250400|NA|NA|NA|NA|NA|NA|NA|NA|NA|NA|NA|NA|NA|4|2|1|1|NA|NA|2|*O751|*O721|NA|NA|NA|O721|NA|835|NA|03112018|NA|NA|NA|20190026|S|09112018|O721|06112018|1|S|S|3.2.00|3.2|3|29072019|O751/O721|08112018|NA|NA|11|0|1|268|117|NA|28022019|5|28022019|NA|1|M|NA|NA|NA|NA|NA|NA|489676
1|2|17102018|0230|825|250400|18081995|423|2|4|9|9|9|NA|NA|250400|1|2362287|NA|250400|NA|NA|NA|NA|NA|NA|NA|NA|NA|NA|NA|NA|NA|4|2|1|1|NA|NA|2|*A419|*K650|*O85X|NA|NA|O85|NA|5260|NA|17102018|NA|NA|NA|20190026|S|07112018|K650|22102018|2|S|S|3.2.00|3.2|3|29072019|A419/K650/O85|25102018|NA|NA|09|0|1|285|21|NA|07112018|5|07112018|NA|1|M|NA|NA|NA|NA|NA|NA|489824
1|2|22012018|0945|829|290600|05041999|418|2|1|5|4|3|NA|999991|290600|1|2430711|NA|261110|NA|NA|NA|NA|NA|NA|NA|NA|NA|NA|NA|NA|NA|3|1|3|NA|NA|NA|NA|*R688|*A419|*O994*I330|NA|NA|O994|NA|13619|NA|22012018|NA|NA|NA|20180005|S|28012018|O994|23012018|2|S|S|3.2.00|3.2|3|08022018|R688/A419/O994 I330|25012018|NA|NA|12|0|1|017|NA|NA|NA|NA|NA|NA|NA|NA|NA|NA|NA|NA|NA|NA|491420
1|2|27012018|1145|829|290990|19021996|421|2|2|1|NA|NA|NA|NA|291840|1|2430711|NA|261110|NA|NA|NA|NA|NA|NA|NA|NA|NA|NA|NA|NA|NA|3|1|3|1|NA|NA|2|*A419|*O030|NA|NA|NA|O030|NA|22648|NA|27012018|NA|NA|NA|20180005|S|01022018|O030|31012018|2|S|S|3.2.00|3.2|3|08022018|A419/O030|08022018|NA|NA|NA|0|1|012|9|NA|05122018|3|05022018|NA|1|M|NA|NA|NA|NA|NA|NA|491455
1|2|12022018|1417|829|291840|02042000|417|2|1|1|4|3|NA|999991|293010|1|2430711|NA|261110|NA|NA|NA|NA|NA|NA|NA|NA|NA|NA|NA|NA|NA|4|2|1|1|NA|NA|2|*D65X|*R571|*O622|*O809|NA|O622|NA|13619|NA|12022018|NA|NA|NA|20180010|S|07032018|O622|21022018|2|S|S|3.2.00|3.2|3|13032018|D65/R571/O622/O809|28022018|NA|NA|12|0|1|029|16|NA|18042018|5|28022018|NA|1|M|NA|NA|NA|NA|NA|NA|491544
1|2|01012018|1746|826|261160|13101983|434|2|1|1|4|3|NA|NA|261160|1|2355906|NA|261160|NA|NA|NA|NA|NA|NA|NA|NA|NA|NA|NA|NA|NA|4|2|1|1|NA|NA|2|*R570|*J81X|*O903|NA|*E669*J80X|O903|NA|13046|NA|01012018|NA|NA|NA|20190040|S|04052018|O903|08012018|5|S|S|3.2.00|3.2|8|03102019|R570/J81/O903*E669 J80|12012018|NA|NA|12|0|1|640|101|NA|25052018|5|12042018|NA|1|M|NA|NA|NA|NA|NA|NA|493818
1|2|01012018|NA|826|260790|05051996|421|2|4|1|3|2|NA|999992|260790|2|0000094|NA|260290|NA|NA|NA|NA|NA|NA|NA|NA|NA|NA|NA|NA|NA|1|1|3|1|NA|NA|1|*O211|NA|NA|NA|*F192|O211|NA|5998|261160|02012018|NA|NA|NA|20190038|S|04092018|Y349|15012018|3|S|S|3.2.00|3.2|8|19092019|O211*F192|18012018|NA|NA|11|0|1|626|112|NA|05082019|1|23042018|NA|3|M|NA|NA|NA|NA|NA|NA|494512
1|2|23012018|1718|826|261160|12041980|437|2|2|1|4|3|NA|513425|261160|1|6267831|NA|261370|NA|NA|NA|NA|NA|NA|NA|NA|NA|NA|NA|NA|NA|4|2|1|1|NA|NA|1|*J960|*O993*G700|NA|NA|*E149*O141|O993|NA|10722|261160|24012018|NA|NA|NA|20180041|S|14062018|Y349|05022018|3|S|S|3.2.00|3.2|8|04102018|J960/O993 G700*E149 O141|08022018|NA|NA|12|0|1|254|134|NA|21062018|5|06062018|NA|2|M|NA|NA|NA|NA|NA|NA|494810
1|2|08022018|1615|826|260410|04121981|436|2|4|1|3|2|NA|411010|260410|1|0000418|NA|261160|NA|NA|NA|NA|NA|NA|NA|NA|NA|NA|NA|NA|NA|4|2|1|1|NA|NA|2|*R571|*D65X|*O141|NA|NA|O141|NA|19608|NA|08022018|NA|NA|NA|20190050|S|22022018|O152|21022018|2|S|S|3.2.00|3.2|8|12122019|R571/D65/O141|01032018|NA|NA|11|0|1|672|29|NA|24102018|5|09032018|NA|3|M|NA|NA|NA|NA|NA|NA|495389
1|2|03032018|2210|826|260200|16091968|449|2|4|5|3|1|4|621005|260200|1|2712040|NA|260990|NA|NA|NA|NA|NA|NA|NA|NA|NA|NA|NA|NA|NA|4|2|1|1|NA|NA|2|*R571|*S376|*Y836|*O019|*N179|O019|NA|17561|NA|03032018|NA|NA|NA|20190032|S|20022019|O068|14032018|NA|S|S|3.2.00|3.2|8|08082019|R571/S376/Y836/O019*N179|15032018|NA|NA|02|0|1|523|88|NA|16072019|3|30052018|NA|2|R|NA|NA|NA|NA|NA|NA|497625
1|2|28032018|0235|826|260730|22091977|440|2|4|2|5|4|NA|999992|260600|2|3268020|NA|260600|NA|NA|NA|NA|NA|NA|NA|NA|NA|NA|NA|NA|NA|2|1|3|1|NA|NA|2|*D65X|*O720|*O441|NA|NA|O441|NA|10921|NA|28032018|NA|NA|NA|20190043|S|09042018|O441|04042018|2|S|S|3.2.00|3.2|8|19092019|D65/O720/O441|05042018|NA|NA|07|0|1|540|21|NA|25042018|4|18042018|NA|1|M|NA|NA|NA|NA|NA|NA|497772
1|2|27022018|1920|826|261180|16091984|433|2|2|2|9|9|NA|622110|261180|1|2428393|NA|261000|NA|NA|NA|NA|NA|NA|NA|NA|NA|NA|NA|NA|NA|4|2|1|1|NA|NA|2|*J960|*N179|*R571|*O622|*O829|O622|NA|17083|NA|27022018|NA|NA|NA|20190012|S|01032018|O622|02042018|2|S|S|3.2.00|NA|8|03042019|J960/N179/R571/O622*O829|04042018|NA|NA|09|0|1|400|28|NA|27062018|5|27032018|NA|1|M|NA|NA|NA|NA|NA|NA|498875
1|2|09032018|1601|829|293010|18091981|436|2|1|2|9|9|NA|621005|291770|1|6042414|NA|261110|NA|NA|NA|NA|NA|NA|NA|NA|NA|NA|NA|NA|NA|1|1|3|1|NA|NA|2|NA|*G931|*R58X*Y838|*O009|NA|O009|NA|7019|NA|09032018|NA|NA|NA|20180019|S|15032018|O009|12032018|5|S|S|3.2.00|3.2|3|17052018|/G931/R58 Y838/O009|13032018|NA|NA|09|0|1|069|NA|NA|NA|NA|NA|NA|NA|NA|NA|NA|NA|NA|NA|NA|499492
1|2|12032018|1450|826|260180|03091984|433|2|NA|5|4|3|NA|621005|261110|2|7297394|NA|261110|NA|NA|NA|NA|NA|NA|NA|NA|NA|NA|NA|NA|NA|4|2|1|NA|NA|NA|NA|*O95X|NA|NA|NA|*R568|O95|NA|18361|NA|12032018|NA|NA|NA|20180042|S|25092018|R99|15032018|NA|S|S|3.2.00|3.2|8|23102018|O95*R568|22032018|NA|NA|12|0|1|225|63|NA|19102018|5|14052018|NA|2|M|NA|NA|NA|NA|NA|NA|499504
1|2|25032018|1537|829|292600|03021981|437|2|4|5|5|5|NA|232115|292600|1|2430711|NA|261110|NA|NA|NA|NA|NA|NA|NA|NA|NA|NA|NA|NA|NA|4|2|1|NA|NA|NA|NA|*G931|*I269|*O994|NA|NA|O994|NA|21502|NA|25032018|NA|NA|NA|20180019|S|10042018|I802|03042018|5|S|S|3.2.00|3.2|3|17052018|G931/I269/O994|11042018|NA|NA|08|0|1|053|30|NA|25042018|5|24042018|NA|1|M|NA|NA|NA|NA|NA|NA|499685
1|2|02052018|0725|829|291840|15112002|415|2|4|NA|NA|NA|NA|NA|261110|1|2430711|NA|261110|NA|NA|NA|NA|NA|NA|NA|NA|NA|NA|NA|NA|NA|1|1|3|1|NA|NA|2|*O429*O411*A419*J81X|NA|NA|NA|NA|O429|NA|20135|NA|02052018|NA|NA|NA|20190033|S|27072018|O411|03052018|1|S|S|3.2.00|3.2|8|08082019|O429 O411 A419 J81|09052018|NA|NA|NA|0|1|463|86|NA|18072019|1|27072018|NA|1|M|NA|NA|NA|NA|NA|NA|499785
1|2|17032018|0510|826|260340|30091994|423|2|4|2|9|9|NA|621005|260340|1|2351633|NA|261390|NA|NA|NA|NA|NA|NA|NA|NA|NA|NA|NA|NA|NA|3|1|3|9|NA|NA|9|*R571|*Y838*O822|*O048|NA|NA|O048|NA|19630|NA|17032018|NA|NA|NA|20180016|NA|NA|O048|16042018|NA|S|S|3.2.00|3.2|NA|18042018|R571/Y838 O822/O048|18042018|NA|NA|09|0|1|032|19|NA|25092019|3|05042018|NA|1|M|NA|NA|NA|NA|NA|NA|500666
1|2|19052018|0430|826|260110|22071986|431|2|4|5|3|2|7|621005|260110|1|2712040|NA|260990|NA|NA|NA|NA|NA|NA|NA|NA|NA|NA|NA|NA|NA|4|2|1|NA|NA|NA|NA|*J80X|*O141|*O150|NA|*I279|O150|NA|17561|NA|19052018|NA|NA|NA|20190039|S|26062018|I279|30052018|1|S|S|3.2.00|3.2|8|19092019|J80/O141/O150*I279|06062018|NA|NA|03|0|1|488|19|NA|12092019|5|07062018|NA|1|M|NA|NA|NA|NA|NA|NA|501433
1|2|16022018|1108|826|260790|13071999|418|2|4|1|3|2|NA|999992|261160|1|0000434|NA|261160|NA|NA|NA|NA|NA|NA|NA|NA|NA|NA|NA|NA|NA|4|2|1|1|NA|NA|1|*D65X|*O721|NA|NA|*B589*O244|O721|NA|17466|261160|17022018|NA|NA|NA|20180033|S|14062018|O622|07032018|4|S|S|3.2.00|3.2|8|09082018|D65/O721*B589 O244|08032018|NA|NA|11|0|1|174|69|NA|27042018|5|26042018|NA|2|M|NA|NA|NA|NA|NA|NA|501479
1|2|06022018|1215|826|261630|16011985|433|2|1|1|4|3|NA|999992|261630|1|0000434|NA|261160|NA|NA|NA|NA|NA|NA|NA|NA|NA|NA|NA|NA|NA|4|2|1|1|NA|NA|1|*J960|*R048|*O141|NA|NA|O141|NA|13356|261160|07022018|NA|NA|NA|20180020|S|08022018|O141|07032018|4|S|S|3.2.00|3.2|8|17052018|J960/R048/O141|08032018|NA|NA|12|0|1|100|35|NA|12092019|5|13032018|NA|2|R|NA|NA|NA|NA|NA|NA|501700
1|2|07022018|1446|826|261640|02081975|442|2|2|5|4|3|NA|517215|261640|1|0001120|NA|261160|NA|NA|NA|NA|NA|NA|NA|NA|NA|NA|NA|NA|NA|1|1|3|1|NA|NA|2|*O225|*O991|NA|NA|*Y830*A419|O991|NA|13902|NA|07022018|NA|NA|NA|20190022|S|10042018|N038|02032018|5|S|S|3.2.00|3.2|8|30052019|O225/O991*Y830 A419|08032018|NA|NA|12|0|1|477|41|NA|08052018|1|20032018|NA|3|M|NA|NA|NA|NA|NA|NA|501781
1|2|16022018|1700|826|260790|16111991|426|2|4|1|4|3|NA|521110|260790|1|0000434|NA|261160|NA|NA|NA|NA|NA|NA|NA|NA|NA|NA|NA|NA|NA|4|2|1|1|NA|NA|2|*G939|*I619|*O141|NA|NA|O141|NA|12882|NA|16022018|NA|NA|NA|20190040|S|22022018|O141|13032018|1|S|S|3.2.00|3.2|8|03102019|G939/I619/O141|15032018|NA|NA|12|0|1|594|54|NA|10042019|5|11042018|NA|1|M|NA|NA|NA|NA|NA|NA|504209
1|2|28022018|2124|826|261160|02071983|434|2|4|5|2|1|NA|999992|261160|1|0000434|NA|261160|NA|NA|NA|NA|NA|NA|NA|NA|NA|NA|NA|NA|NA|1|1|3|1|NA|NA|2|*J960|*J80X|*O230|NA|*E668|O230|NA|11646|NA|28022018|NA|NA|NA|20190033|S|11052018|N390|19032018|2|S|S|3.2.00|3.2|8|15082019|J960/J80/O230*E668|21032018|NA|NA|10|0|1|533|72|NA|12082019|1|11052018|NA|1|M|NA|NA|NA|NA|NA|NA|504260
1|2|09032018|0730|826|260720|24031995|422|2|NA|5|4|3|3|999992|260520|1|0000434|NA|261160|NA|NA|NA|NA|NA|NA|NA|NA|NA|NA|NA|NA|NA|8|2|3|1|NA|NA|NA|NA|*J969|*O019*C780*C784|NA|NA|O019|NA|26061|NA|09032018|NA|NA|NA|20190048|S|09102018|O019|07052018|5|S|S|3.2.00|3.2|8|28112019|/J969/O019 C780 C784|10052018|NA|NA|06|0|1|629|374|NA|16122019|8|18032019|NA|NA|E|NA|NA|NA|NA|NA|NA|504288
1|2|01032018|1110|826|261160|29101979|438|2|4|2|3|2|NA|999992|261160|1|2427427|NA|261160|NA|NA|NA|NA|NA|NA|NA|NA|NA|NA|NA|NA|NA|4|2|1|1|NA|NA|1|NA|NA|NA|NA|*O829*Y836|O100|NA|16443|261160|02032018|NA|NA|NA|20180033|S|14062018|O152|20032018|4|S|S|3.2.00|3.2|8|09082018|*O829 Y836|28032018|NA|NA|11|0|1|161|63|NA|15062018|5|03052018|NA|2|M|NA|NA|NA|NA|NA|NA|506121
1|2|15032018|2103|826|260680|24011987|431|2|4|1|3|2|NA|999992|260680|2|2639343|NA|260680|NA|NA|NA|NA|NA|NA|NA|NA|NA|NA|NA|NA|NA|4|2|1|1|NA|NA|1|*O882*I279|NA|NA|NA|*Y838|O882|NA|16443|261160|16032018|NA|NA|NA|20180051|S|22112018|O882|06042018|4|S|S|3.2.00|3.2|8|13122018|O882 I279*Y838|11042018|NA|NA|11|0|1|273|76|NA|28112018|5|30052018|NA|3|M|NA|NA|NA|NA|NA|NA|506586
1|2|18042018|2032|826|261160|20062000|417|2|4|1|4|3|NA|999992|260345|1|0000418|NA|261160|NA|NA|NA|NA|NA|NA|NA|NA|NA|NA|NA|NA|NA|4|2|1|1|NA|NA|2|*J969|*O995|*J100|NA|NA|O995|NA|20668|NA|18042018|NA|NA|NA|20180051|S|20042018|O995|10052018|1|S|S|3.2.00|3.2|8|13122018|J969/O995/J100|17052018|NA|NA|12|0|1|239|29|NA|24012019|5|17052018|NA|3|M|NA|NA|NA|NA|NA|NA|507254
1|2|17042018|NA|826|261160|01102000|417|2|4|1|4|3|NA|999991|261160|2|0000701|NA|261160|NA|NA|NA|NA|NA|NA|NA|NA|NA|NA|NA|NA|NA|4|2|1|9|NA|NA|1|*R58X|*O722|NA|NA|*O809*O85X|O722|NA|19649|261160|17042018|NA|NA|NA|20180033|S|14062018|O721|23042018|3|S|S|3.2.00|3.2|8|09082018|R58/O722*O809 O85|26042018|NA|NA|12|0|1|114|50|NA|15062018|5|06062018|NA|2|M|NA|NA|NA|NA|NA|NA|507941
1|2|23032018|0419|826|260640|30071994|423|2|1|1|3|2|NA|999991|260640|1|0000434|NA|261160|NA|NA|NA|NA|NA|NA|NA|NA|NA|NA|NA|NA|NA|4|2|1|1|NA|NA|1|*R571|*K661|*O141|NA|*O829*J81X*E079*G938|O141|NA|20838|NA|23032018|NA|NA|NA|20190047|S|06112019|O150|07052018|5|S|S|3.2.00|3.2|8|21112019|R571/K661/O141*O829 J81 E079 G938|10052018|NA|NA|11|0|1|608|126|NA|27072018|5|27072018|NA|1|M|NA|NA|NA|NA|NA|NA|507993
1|2|26032018|2300|NA|NA|12021993|425|2|4|2|4|3|NA|999992|261620|1|0000434|NA|261160|NA|NA|NA|NA|NA|NA|NA|NA|NA|NA|NA|NA|NA|4|2|1|1|NA|NA|2|*G939|*I615|*O141|NA|NA|O141|NA|11646|NA|26032018|NA|NA|NA|20190033|S|11062018|I615|07052018|2|S|S|3.2.00|3.2|8|15082019|G939/I615/O141|10052018|NA|NA|12|0|1|507|80|NA|14062018|5|14062018|NA|1|M|NA|NA|NA|NA|NA|NA|508009
1|2|19042018|1119|826|261160|28022000|418|2|4|1|4|3|NA|999992|261160|1|0000434|NA|261160|NA|NA|NA|NA|NA|NA|NA|NA|NA|NA|NA|NA|NA|4|2|1|1|NA|NA|1|*O994*I672|NA|NA|NA|*O159*O149*O411|O994|NA|15922|NA|20042018|NA|NA|NA|20180033|S|16052018|O994|14052018|5|S|S|3.2.00|3.2|8|09082018|O994 I672*O159 O149 O411|17052018|NA|NA|12|0|1|112|27|NA|23072018|5|16052018|NA|3|M|NA|NA|NA|NA|NA|NA|508132
1|2|23042018|2044|826|260180|08061978|439|2|4|1|2|1|2|622020|260180|1|0000434|NA|261160|NA|NA|NA|NA|NA|NA|NA|NA|NA|NA|NA|NA|NA|4|2|1|1|NA|NA|2|*J22X|*Y838|*O85X|NA|*O159*O821|O85|NA|26189|NA|23042018|NA|NA|NA|20190014|S|27092018|O159|18052018|1|S|S|3.2.00|3.2|8|04042019|J22/Y838/O85*O159 O821|24052018|NA|NA|01|0|1|346|115|NA|09112018|5|16082018|NA|1|M|NA|NA|NA|NA|NA|NA|508151
1|2|06052018|2010|826|260790|10091992|425|2|4|5|4|3|NA|999992|260790|1|2427427|NA|261160|NA|NA|NA|NA|NA|NA|NA|NA|NA|NA|NA|NA|NA|4|2|1|1|NA|NA|2|*R570|*O903|NA|NA|NA|O903|NA|20546|NA|06052018|NA|NA|NA|20190038|S|07052019|O903|18052018|2|S|S|3.2.00|3.2|8|19092019|R570/O903|24052018|NA|NA|12|0|1|501|95|NA|06082019|5|09082018|NA|1|M|NA|NA|NA|NA|NA|NA|508429
1|2|30062018|0115|826|260960|01011983|435|2|4|2|4|3|3|999992|260960|1|6431569|NA|261070|NA|NA|NA|NA|NA|NA|NA|NA|NA|NA|NA|NA|NA|4|2|1|NA|NA|NA|NA|*O988*B787|*O411|*O418|NA|NA|O988|NA|22930|NA|30062018|NA|NA|NA|20190039|NA|NA|O988|08102018|1|S|S|3.2.00|3.2|NA|26092019|O988 B787/O411/O418|09102018|NA|NA|06|0|1|453|88|NA|20112018|5|26092018|NA|2|M|NA|NA|NA|NA|NA|NA|510305
1|2|11042018|0820|826|260850|04051983|434|2|4|1|3|2|NA|999992|260850|1|2712024|NA|260540|NA|NA|NA|NA|NA|NA|NA|NA|NA|NA|NA|NA|NA|1|1|3|1|NA|NA|1|*R571|*K661|*O009|NA|NA|O009|NA|9715|261160|11042018|NA|NA|NA|20190014|S|08052018|O009|26042018|4|S|S|3.2.00|3.2|8|04042019|R571/K661/O009|03052018|NA|NA|11|0|1|358|27|NA|10042019|1|08052018|NA|1|M|NA|NA|NA|NA|NA|NA|511177
1|2|15012018|2321|826|260040|25081982|435|2|4|2|5|5|NA|231205|261000|1|2315343|NA|261000|NA|NA|NA|NA|NA|NA|NA|NA|NA|NA|NA|NA|NA|4|2|1|1|NA|NA|1|*O152|NA|NA|NA|NA|O152|NA|16443|NA|15012018|NA|NA|NA|20180016|S|16042018|O152|01032018|5|S|S|3.2.00|NA|8|18042018|O152|21032018|NA|NA|08|0|1|093|91|NA|16042018|5|16042018|NA|1|M|NA|NA|NA|NA|NA|NA|512824
1|2|11022018|2200|826|260700|10042001|416|2|4|1|4|2|8|621005|260700|4|NA|NA|260700|NA|NA|NA|NA|NA|NA|NA|NA|NA|NA|NA|NA|NA|1|1|3|2|NA|NA|1|*O882|NA|NA|NA|NA|O882|NA|15636|260410|12022018|NA|NA|NA|20180011|NA|NA|O882|13042018|4|S|S|3.2.00|3.2|NA|23042018|O882|23042018|NA|NA|04|0|1|071|50|NA|05112018|1|02042018|NA|1|R|NA|NA|NA|NA|NA|NA|513324
1|2|12022018|0500|826|260600|09051981|436|2|4|1|2|1|NA|999992|260600|2|2638991|NA|260600|NA|NA|NA|NA|NA|NA|NA|NA|NA|NA|NA|NA|NA|1|1|3|1|NA|NA|1|*O459|NA|NA|NA|*F102*F172*O984*O981|O459|NA|15636|260410|12022018|NA|NA|NA|20180058|S|23022018|O459|13032018|4|S|S|3.2.00|3.2|8|20122018|O459*F102 F172 O984 O981|15032018|NA|NA|10|0|1|311|30|NA|23112018|1|14032018|NA|1|R|NA|NA|NA|NA|NA|NA|513327
1|2|20032018|NA|826|261570|28121991|426|2|1|1|4|2|8|NA|261247|3|NA|NA|261247|NA|NA|NA|NA|NA|NA|NA|NA|NA|NA|NA|NA|NA|4|2|1|1|NA|NA|1|*R570|*O994*I219|NA|NA|NA|O994|NA|14781|260410|22032018|NA|NA|NA|20190019|S|26032018|I219|09052018|3|S|S|3.2.00|3.2|8|07082019|R570/O994 I219|16052018|NA|NA|04|0|1|505|119|NA|31072019|5|17072018|NA|2|M|NA|NA|NA|NA|NA|NA|514440
1|2|06042018|0830|826|260080|22082002|415|2|4|1|3|1|4|999991|260080|2|2319284|NA|260080|NA|NA|NA|NA|NA|NA|NA|NA|NA|NA|NA|NA|NA|1|1|3|1|NA|NA|1|*J81X|*O149|NA|NA|*C716*O210*O249*E669|O149|NA|15827|260410|06042018|NA|NA|NA|20190037|S|06042018|O149|25042018|4|S|S|3.2.00|3.2|5|24102019|J81/O149*C716 O210 O249 E669|26042018|NA|NA|02|0|1|566|21|NA|20122019|1|27042018|NA|2|M|NA|NA|NA|NA|NA|NA|514847
1|2|15042018|0458|826|260970|02121986|431|2|4|1|2|1|NA|621005|260970|1|7498810|NA|260410|NA|NA|NA|NA|NA|NA|NA|NA|NA|NA|NA|NA|NA|4|2|1|1|NA|NA|2|*R571|*D65X|*O720|NA|NA|O720|NA|18481|NA|15042018|NA|NA|NA|20190014|S|25062018|D65|20042018|5|S|S|3.2.00|3.2|8|28032019|R571/D65/O720|26042018|NA|NA|10|0|1|347|116|NA|09082018|5|09082018|NA|1|M|NA|NA|NA|NA|NA|NA|514931
1|2|06052018|0025|826|261570|25041991|427|2|4|2|2|1|3|621005|261247|1|2348489|NA|261390|NA|NA|NA|NA|NA|NA|NA|NA|NA|NA|NA|NA|NA|4|2|1|2|NA|NA|2|*I269|*O871|NA|NA|*E669*O829|O871|NA|6740|NA|06052018|NA|NA|NA|20190025|NA|NA|O871|15052018|NA|S|S|3.2.00|3.2|NA|19062019|I269/O871*E669 O829|16052018|NA|NA|01|0|1|409|72|NA|11032019|5|17072018|NA|3|M|NA|NA|NA|NA|NA|NA|515909
1|2|16052018|0950|826|260220|05011993|425|2|4|1|4|3|NA|999992|260220|1|0000418|NA|261160|NA|NA|NA|NA|NA|NA|NA|NA|NA|NA|NA|NA|NA|4|2|1|1|NA|NA|2|*R090|*J80X|*J960|*O985*B019|*R02X*A419|O985|NA|11703|NA|16052018|NA|NA|NA|20190018|S|18052018|O985|06062018|2|S|S|3.2.00|3.2|8|03052019|R090/J80/J960/O985 B019*R02 A419|13062018|NA|NA|12|0|1|352|54|NA|22042019|5|09072018|NA|1|R|NA|NA|NA|NA|NA|NA|516187
1|2|08052018|0235|826|261160|25061981|436|2|4|2|4|3|NA|231205|261160|1|0000434|NA|261160|NA|NA|NA|NA|NA|NA|NA|NA|NA|NA|NA|NA|NA|1|1|3|1|NA|NA|1|*J81X|*O100|NA|NA|NA|O100|NA|7646|NA|08052018|NA|NA|NA|20180033|S|10072018|O150|23052018|5|S|S|3.2.00|3.2|8|09082018|J81/O100|29052018|NA|NA|12|0|1|093|72|NA|23072018|1|19072018|NA|3|M|NA|NA|NA|NA|NA|NA|516518
1|2|23052018|1710|826|261160|13091976|441|2|2|1|3|2|NA|999994|261160|1|0000434|NA|261160|NA|NA|NA|NA|NA|NA|NA|NA|NA|NA|NA|NA|NA|4|2|1|1|NA|NA|2|*I330|*A419|*O995|NA|NA|O995|NA|25174|NA|23052018|NA|NA|NA|20190033|S|12062018|J459|11062018|5|S|S|3.2.00|3.2|8|15082019|I330/A419/O995|13062018|NA|NA|11|0|1|449|106|NA|10092018|5|06092018|NA|3|M|NA|NA|NA|NA|NA|NA|516586
1|2|13052018|1707|826|260120|02071987|430|2|1|1|5|5|NA|223505|260120|1|2355906|NA|261160|NA|NA|NA|NA|NA|NA|NA|NA|NA|NA|NA|NA|NA|4|2|1|1|NA|NA|2|*R090|*I619|*O141|NA|NA|O141|NA|22876|NA|13052018|NA|NA|NA|20180023|N|NA|O141|01062018|2|S|S|3.2.00|3.2|NA|07062018|R090/I619/O141|07062018|NA|NA|08|0|1|025|26|NA|23042019|5|08062018|NA|3|R|NA|NA|NA|NA|NA|NA|516637
1|2|06072018|1724|826|260960|12051997|421|2|4|1|9|9|NA|322205|261070|1|2427427|NA|261160|NA|NA|NA|NA|NA|NA|NA|NA|NA|NA|NA|NA|NA|4|2|1|1|NA|NA|2|*R571|*O723|NA|NA|*D696*E872|O723|NA|26875|NA|06072018|NA|NA|NA|20190033|S|21032019|O723|01082018|1|S|S|3.2.00|3.2|8|15082019|R571/O723*D696 E872|09082018|NA|NA|09|0|1|405|42|NA|15042019|5|17082018|NA|3|M|NA|NA|NA|NA|NA|NA|517425
1|2|21052018|1235|826|260890|06051988|430|2|4|1|4|3|3|622020|260890|1|2712032|NA|260890|NA|NA|NA|NA|NA|NA|NA|NA|NA|NA|NA|NA|NA|1|1|3|1|NA|NA|1|*G936|*T175*W849|*O996*K290|NA|NA|O996|NA|24406|260410|21052018|NA|NA|NA|20190038|NA|NA|O996|16072018|4|S|S|3.2.00|3.2|NA|19092019|G936/T175 W849/O996 K290|18072018|NA|NA|06|0|1|486|49|NA|19032019|1|09072018|NA|1|M|NA|NA|NA|NA|NA|NA|518640
1|2|15052018|0720|822|220040|28051996|421|2|4|1|3|2|5|999992|220040|1|2323397|NA|221100|NA|NA|NA|NA|NA|NA|NA|NA|NA|NA|NA|NA|NA|4|2|1|1|NA|NA|2|*A419|*O862|NA|NA|NA|O862|NA|2351|NA|15052018|NA|NA|NA|20200008|S|17052018|O85|17052018|1|S|S|3.2.00|3.2|3|18022020|A419/O862|17052018|NA|NA|03|0|1|644|78|NA|01082018|5|01082018|NA|1|M|NA|NA|NA|NA|NA|NA|519096
1|2|03072018|1040|821|210780|03031984|434|2|4|NA|2|1|1|621005|210780|1|2323397|NA|221100|NA|NA|NA|NA|NA|NA|NA|NA|NA|NA|NA|NA|NA|4|2|1|1|NA|NA|2|*J969|*R571|*O152|NA|NA|O152|NA|1399|NA|04072018|NA|NA|NA|20190018|S|05072018|O152|09072018|1|S|S|3.2.00|3.2|3|11042019|J969/R571/O152|10072018|NA|NA|01|0|1|282|78|NA|31072019|5|19092018|NA|2|M|NA|NA|NA|NA|NA|NA|519097
1|2|15072018|1520|822|220120|23081996|421|2|4|1|2|1|1|621005|220680|1|2323397|NA|221100|NA|NA|NA|NA|NA|NA|NA|NA|NA|NA|NA|NA|NA|4|2|1|1|NA|NA|1|*K088|*O670|*O140|*O13X|NA|O13|NA|2125|NA|16072018|NA|NA|NA|20190018|S|24072018|O13|25072018|1|S|S|3.2.00|3.2|3|11042019|K088/O670/O140/O13|25072018|NA|NA|01|0|1|270|92|NA|15102018|5|15102018|NA|1|M|NA|NA|NA|NA|NA|NA|519098
1|2|31012018|0545|NA|NA|10071980|437|2|4|2|3|2|5|999992|220170|1|2323397|NA|221100|NA|NA|NA|NA|NA|NA|NA|NA|NA|NA|NA|NA|NA|4|2|1|1|NA|NA|2|*R688|*O85X|*O994|*O141|NA|O85|NA|2681|NA|31012018|NA|NA|NA|20180042|S|01022018|O85|01022018|1|S|S|3.2.00|3.2|3|01082018|R688/O85/O994/O141|05022018|NA|NA|03|0|1|182|133|NA|13062018|5|13062018|NA|1|M|NA|NA|NA|NA|NA|NA|519108
1|2|23022018|1335|822|220550|12071984|433|2|4|1|2|1|1|999992|220550|1|2323397|NA|221100|NA|NA|NA|NA|NA|NA|NA|NA|NA|NA|NA|NA|NA|4|2|1|1|NA|NA|2|*R688|*R571|*O459|NA|NA|O459|NA|2786|NA|23022018|NA|NA|NA|20190018|S|13032018|O459|26022018|1|S|S|3.2.00|3.2|3|11042019|R688/R571/O459|26022018|NA|NA|01|0|1|412|118|NA|27062018|4|21062018|NA|1|M|NA|NA|NA|NA|NA|NA|519109
1|2|09032018|0732|822|220840|01041989|428|2|4|5|3|1|4|621005|220840|1|2323397|NA|221100|NA|NA|NA|NA|NA|NA|NA|NA|NA|NA|NA|NA|NA|4|2|1|1|NA|NA|2|*R571|*O721|NA|NA|*O141|O721|NA|4816|NA|09032018|NA|NA|NA|20180042|S|09032018|O721|15032018|1|S|S|3.2.00|3.2|3|01082018|R571/O721*O141|19032018|NA|NA|02|0|1|145|0|NA|24052018|5|09032018|NA|1|M|NA|NA|NA|NA|NA|NA|519177
1|2|01062018|1820|822|220220|01031990|428|2|4|1|2|1|3|999992|220220|1|2323397|NA|221100|NA|NA|NA|NA|NA|NA|NA|NA|NA|NA|NA|NA|NA|4|2|1|1|NA|NA|2|*O903|*I500|*I420|NA|NA|O903|NA|2786|NA|01062018|NA|NA|NA|20180042|S|25062018|O891|07062018|1|S|S|3.2.00|3.2|3|01082018|O903/I500/I420|11062018|NA|NA|01|0|1|061|0|NA|17092018|5|01062018|NA|1|M|NA|NA|NA|NA|NA|NA|519182
1|2|14062018|NA|822|221100|03021986|432|2|4|1|9|9|NA|999992|221100|1|2323397|NA|221100|NA|NA|NA|NA|NA|NA|NA|NA|NA|NA|NA|NA|NA|4|2|1|1|NA|NA|2|*R688|*O868|*O85X|NA|NA|O85|NA|2897|NA|14062018|NA|NA|NA|20190018|S|25062018|O85|18062018|1|S|S|3.2.00|3.2|3|11042019|R688/O868/O85|18062018|NA|NA|09|0|1|301|25|NA|11072018|5|09072018|NA|1|M|NA|NA|NA|NA|NA|NA|519183
1|2|13062018|1605|822|220160|27101993|424|2|4|2|3|2|5|621005|220160|1|2323397|NA|221100|NA|NA|NA|NA|NA|NA|NA|NA|NA|NA|NA|NA|NA|4|2|1|1|NA|NA|2|*O080|*O85X|NA|NA|NA|O85|NA|2650|NA|13062018|NA|NA|NA|20180042|S|25062018|O85|18062018|1|S|S|3.2.00|3.2|3|01082018|O080/O85|18062018|NA|NA|03|0|1|049|259|NA|08032019|5|27022019|NA|1|M|NA|NA|NA|NA|NA|NA|519184
1|2|20032018|0250|822|221100|20071998|419|2|4|5|3|2|NA|999992|221130|1|4009622|NA|220800|NA|NA|NA|NA|NA|NA|NA|NA|NA|NA|NA|NA|NA|3|1|3|1|NA|NA|2|*O061*A419|NA|NA|NA|NA|O061|NA|5379|NA|20032018|NA|NA|NA|20190060|S|27022019|O061|09042018|NA|S|S|3.2.00|3.2|2|16092019|O061 A419|09042018|NA|NA|11|0|1|545|344|NA|28022019|3|27022019|NA|1|M|NA|NA|NA|NA|NA|NA|521187
1|2|16032018|1615|822|220750|09081984|433|2|4|1|2|1|NA|231205|220750|3|NA|NA|220750|NA|NA|NA|NA|NA|NA|NA|NA|NA|NA|NA|NA|NA|4|2|1|1|NA|NA|2|*O16X|*O994|NA|NA|NA|O994|NA|2378|NA|16032018|NA|NA|NA|20190113|S|06082018|I219|13042018|NA|S|S|3.2.00|3.2|2|02102019|O16/O994|13042018|NA|NA|10|0|1|565|143|NA|27102019|6|06082018|NA|1|M|NA|NA|NA|NA|NA|NA|521398
1|2|31012018|2345|NA|NA|05051983|434|2|4|5|1|0|NA|621005|220940|3|NA|NA|220940|NA|NA|NA|NA|NA|NA|NA|NA|NA|NA|NA|NA|NA|4|2|1|1|NA|NA|2|*O95X*R092*I509*I10X|NA|NA|NA|NA|O95|NA|3712|NA|06022018|NA|NA|NA|20190034|N|NA|O95|16032018|1|S|S|3.2.00|3.2|NA|02102019|O95 R092 I509 I10|19032018|NA|NA|00|0|1|609|NA|NA|02042019|5|NA|NA|1|M|NA|NA|NA|NA|NA|NA|522472
1|2|15022018|1800|822|220650|22011979|439|2|4|1|2|1|2|NA|220650|3|NA|NA|220650|NA|NA|NA|NA|NA|NA|NA|NA|NA|NA|NA|NA|NA|3|1|3|1|NA|NA|2|*O021*A419*A09X*N189|NA|NA|NA|NA|O021|NA|4676|NA|20022018|NA|NA|NA|20180035|N|NA|O021|30032018|5|S|S|3.2.00|3.2|NA|08112018|O021 A419 A09 N189|09042018|NA|NA|01|0|1|266|131|NA|26062018|3|26062018|NA|1|M|NA|NA|NA|NA|NA|NA|522716
1|2|29062018|1840|822|220275|19121994|423|2|4|2|4|3|NA|NA|220390|1|2365146|NA|220390|NA|NA|NA|NA|NA|NA|NA|NA|NA|NA|NA|NA|NA|4|2|1|1|NA|NA|2|*N19X|*A419|*O149|*I10X|*E059|O149|NA|1927|NA|29062018|NA|NA|NA|20190035|S|30072018|O149|09072018|1|S|S|3.2.00|3.2|2|10052019|N19/A419/O149/I10*E059|13072018|NA|NA|12|0|1|315|31|NA|03082018|5|30072018|NA|1|M|NA|NA|NA|NA|NA|NA|523439
1|2|07092018|1020|822|220800|03111987|430|2|1|2|4|3|NA|999992|220800|1|4009622|NA|220800|NA|NA|NA|NA|NA|NA|NA|NA|NA|NA|NA|NA|NA|4|2|1|1|NA|NA|2|*O441*Y838*T810*O721|NA|NA|NA|NA|O441|NA|771|NA|07092018|NA|NA|NA|20190060|S|24012019|O441|17102018|2|S|S|3.2.00|3.2|8|16092019|O441 Y838 T810 O721|18102018|NA|NA|12|0|1|374|139|NA|06022019|5|24012019|NA|1|M|NA|NA|NA|NA|NA|NA|524189
1|2|15042018|1650|822|220620|22091984|433|2|4|1|3|1|4|621005|220620|1|2323397|NA|221100|NA|NA|NA|NA|NA|NA|NA|NA|NA|NA|NA|NA|NA|3|1|3|1|NA|NA|2|*O080|NA|NA|*O033|NA|O033|NA|NA|221100|16042018|NA|NA|NA|20180042|S|17042018|O033|04052018|4|S|S|3.2.00|3.2|3|01082018|O080/ / /O033|04052018|NA|NA|02|0|1|108|128|NA|24082018|1|21082018|NA|1|M|NA|NA|NA|NA|NA|NA|525737
1|2|05062018|1837|822|220700|22062001|416|2|2|1|3|2|NA|999991|220700|1|2777762|NA|220700|NA|NA|NA|NA|NA|NA|NA|NA|NA|NA|NA|NA|NA|4|2|1|1|NA|NA|2|*J960|*J189|*O995*J449|NA|NA|O995|NA|5791|NA|05062018|NA|NA|NA|20180038|NA|NA|O995|20062018|1|S|S|3.2.00|3.2|NA|21062018|J960/J189/O995 J449|21062018|NA|NA|11|0|1|016|9|NA|09072018|5|14062018|NA|1|M|NA|NA|NA|NA|NA|NA|526639
1|2|13042018|1420|NA|NA|06091983|434|2|4|5|3|2|6|621005|220553|1|2777649|NA|221060|NA|NA|NA|NA|NA|NA|NA|NA|NA|NA|NA|NA|NA|4|2|1|1|NA|NA|2|*T811|*I10X|*O721|*Y838|NA|O721|NA|2092|NA|13042018|NA|NA|NA|20180033|NA|NA|O721|20042018|1|S|S|3.2.00|3.2|NA|08112018|T811/I10/O721/Y838|25042018|NA|NA|03|0|1|209|12|NA|09102018|5|25042018|NA|1|M|NA|NA|NA|NA|NA|NA|526772
1|2|11022018|0055|NA|NA|08021989|429|2|NA|1|1|0|NA|622020|220200|1|8015899|NA|220770|NA|NA|NA|NA|NA|NA|NA|NA|NA|NA|NA|NA|NA|4|2|1|1|NA|NA|2|*R092|*J960|*J180|*O95X|NA|O95|NA|773|NA|11022018|NA|NA|NA|20180043|NA|NA|O95|09032018|1|S|S|3.2.00|3.2|NA|19072018|R092/J960/J180/O95|13032018|NA|NA|00|0|1|158|43|NA|28062018|5|26032018|NA|1|M|NA|NA|NA|NA|NA|NA|527429
1|2|10052018|1800|821|210090|08091972|445|2|4|1|3|2|NA|999992|220770|3|NA|NA|220770|NA|NA|NA|NA|NA|NA|NA|NA|NA|NA|NA|NA|NA|8|2|3|2|NA|NA|2|*R98X|NA|NA|NA|*F530|F530|NA|NA|NA|NA|NA|NA|NA|20190042|S|10092018|R98|12092018|NA|S|S|3.2.00|3.2|2|27112019|R98*F530|12092018|NA|NA|11|0|1|566|123|NA|13092018|9|10092018|NA|NA|M|NA|NA|NA|NA|NA|NA|527981
1|2|29082018|0610|822|220770|03121985|432|2|4|2|4|3|1|999992|220770|1|4009444|NA|220770|NA|NA|NA|NA|NA|NA|NA|NA|NA|NA|NA|NA|NA|4|2|1|1|NA|NA|2|*R571|*O152|*O141|*O244|NA|O152|NA|4285|NA|29082018|NA|NA|NA|20180073|S|20112018|O152|29102018|5|S|S|3.2.00|3.2|2|20112018|R571/O152/O141/O244|14112018|NA|NA|05|0|1|083|83|NA|20112018|5|20112018|NA|1|M|NA|NA|NA|NA|NA|NA|528201
1|2|13112018|2325|822|220540|13032003|415|2|4|1|3|2|7|999992|220540|1|4009444|NA|220770|NA|NA|NA|NA|NA|NA|NA|NA|NA|NA|NA|NA|NA|4|2|1|1|NA|NA|2|*O722|*O628|*A419|NA|NA|O628|NA|5168|NA|13112018|NA|NA|NA|20190004|S|16112018|O628|04012019|2|S|S|3.2.00|3.2|3|05022019|O722/O628/A419|15012019|NA|NA|03|0|1|084|9|NA|15022019|5|22112018|NA|1|M|NA|NA|NA|NA|NA|NA|528494
1|2|07112018|0240|822|220680|02061996|422|2|4|1|3|2|NA|622020|220370|1|4009444|NA|220770|NA|NA|NA|NA|NA|NA|NA|NA|NA|NA|NA|NA|NA|4|2|1|1|NA|NA|2|*J960|*O120|*O891|NA|NA|O120|NA|4285|NA|07112018|NA|NA|NA|20190003|NA|NA|O120|14012019|5|S|S|3.2.00|3.2|NA|05022019|J960/O120/O891|05022019|NA|NA|11|0|1|090|127|NA|20032019|5|14032019|NA|1|M|NA|NA|NA|NA|NA|NA|528513
1|2|29062018|0105|821|210780|12071982|435|2|2|5|3|2|5|621005|210780|1|2323397|NA|221100|NA|NA|NA|NA|NA|NA|NA|NA|NA|NA|NA|NA|NA|4|2|1|1|NA|NA|2|*I607|*I64X|NA|*O152|NA|O152|NA|2650|NA|29062018|NA|NA|NA|20190018|S|03072018|O994|29062018|1|S|S|3.2.00|3.2|3|11042019|I607/I64/ /O152|29062018|NA|NA|03|0|1|286|77|NA|31072019|5|14092018|NA|2|M|NA|NA|NA|NA|NA|NA|528540
1|2|03112018|1905|822|221050|03121988|429|2|2|2|4|3|3|999992|221050|1|2323397|NA|221100|NA|NA|NA|NA|NA|NA|NA|NA|NA|NA|NA|NA|NA|4|2|1|1|NA|NA|2|*R688|*O751|NA|*O890|NA|O890|NA|1993|NA|03112018|NA|NA|NA|20190018|S|06112018|O85|05112018|1|S|S|3.2.00|3.2|3|11042019|R688/O751/ /O890|08112018|NA|NA|06|0|1|159|23|NA|07012019|5|26112018|NA|1|M|NA|NA|NA|NA|NA|NA|528541
1|2|28082018|2330|822|221100|24051993|425|2|4|1|3|2|5|999991|221100|1|2323397|NA|221100|NA|NA|NA|NA|NA|NA|NA|NA|NA|NA|NA|NA|NA|1|1|3|1|NA|NA|2|*O85X|*J189|*O862|*O983|NA|O983|NA|2407|NA|28082018|NA|NA|NA|20190027|S|29082018|O994|30082018|1|S|S|3.2.00|3.2|3|23052019|O85/J189/O862/O983|31082018|NA|NA|03|0|1|268|22|NA|10102018|1|19092018|NA|1|M|NA|NA|NA|NA|NA|NA|528542
1|2|28072018|1510|822|221080|21062001|417|2|4|1|3|2|5|999991|221080|1|2323397|NA|221100|NA|NA|NA|NA|NA|NA|NA|NA|NA|NA|NA|NA|NA|4|2|1|1|NA|NA|2|*G934|NA|NA|*O995|NA|O995|NA|3923|NA|28072018|NA|NA|NA|20190027|S|20082018|O85|01082018|1|S|S|3.2.00|3.2|3|23052019|G934/ / /O995|01082018|NA|NA|03|0|1|299|65|NA|08102018|5|01102018|NA|1|M|NA|NA|NA|NA|NA|NA|528543
1|2|09062018|0300|822|221120|12091989|428|2|1|5|5|5|NA|515105|221120|3|NA|NA|221120|NA|NA|NA|NA|NA|NA|NA|NA|NA|NA|NA|NA|NA|1|1|3|1|NA|NA|2|*O994*I090*R092*I269|NA|NA|NA|NA|O994|NA|3464|NA|09062018|NA|NA|NA|20180016|N|NA|O994|11062018|5|S|S|3.2.00|3.2|NA|25102018|O994 I090 R092 I269 I080|11062018|NA|NA|08|0|1|138|4|NA|14062018|1|13062018|NA|2|R|NA|NA|NA|NA|NA|NA|528673
1|2|30072018|0630|822|220370|01051994|424|2|4|1|3|1|4|621005|220370|1|2323583|NA|220370|NA|NA|NA|NA|NA|NA|NA|NA|NA|NA|NA|NA|NA|1|1|3|1|NA|NA|2|*R570|*J81X|NA|NA|*O16X|O16|NA|NA|NA|05082018|NA|NA|NA|20180009|S|30072018|O16|24082018|1|S|S|3.2.00|3.2|3|10092018|R570/J81*O16|10092018|NA|NA|02|0|1|042|2|NA|15102018|1|01082018|NA|1|M|NA|NA|NA|NA|NA|NA|529675
1|2|03092018|0843|822|220790|09021996|422|2|4|2|4|3|NA|NA|220790|1|2323559|NA|220790|NA|NA|NA|NA|NA|NA|NA|NA|NA|NA|NA|NA|NA|2|1|3|1|NA|NA|2|*O751|*O821|*O654|*O649|NA|O654|NA|1407|NA|03092018|NA|NA|NA|20180024|N|NA|O654|25092018|1|S|S|3.2.00|3.2|NA|26092018|O751/O821/O654/O649|26092018|NA|NA|12|0|1|023|25|NA|26112018|4|28092018|NA|1|M|NA|NA|NA|NA|NA|NA|529984
1|2|01082018|0131|821|211270|18101976|441|2|4|1|4|3|3|622020|211020|1|2309254|NA|211130|NA|NA|NA|NA|NA|NA|NA|NA|NA|NA|NA|NA|NA|4|2|1|1|NA|NA|2|*R578|*O459|NA|NA|NA|O459|NA|6131|NA|01082018|NA|NA|NA|20180034|NA|NA|O459|06082018|1|S|S|3.2.02|3.2|NA|06082018|R578/O459|06082018|NA|NA|06|0|1|005|NA|NA|NA|NA|NA|NA|NA|NA|NA|NA|NA|NA|NA|NA|530676
1|2|06012018|0230|821|210510|18031986|431|2|4|5|3|1|4|621005|210510|5|NA|NA|210960|NA|NA|NA|NA|NA|NA|NA|NA|NA|NA|NA|NA|NA|3|1|3|1|NA|NA|9|*R092|*O150|*O109|NA|NA|O150|NA|2583|NA|06012018|NA|NA|NA|20180001|N|NA|O150|24012018|1|S|S|3.2.02|3.2|NA|25012018|R092/O150/O109|25012018|NA|NA|02|0|1|019|86|NA|04042018|1|02042018|NA|1|M|NA|NA|NA|NA|NA|NA|530709
1|2|18022018|0750|NA|NA|12072003|414|2|4|1|3|1|4|612005|210845|1|7891067|NA|210300|NA|NA|NA|NA|NA|NA|NA|NA|NA|NA|NA|NA|NA|5|2|2|1|NA|NA|2|*N179|*A419|*R100|*O904|NA|O904|NA|5601|NA|18022018|NA|NA|NA|20180005|S|26022018|O904|27022018|1|S|S|3.2.02|3.2|3|27022018|N179/A419/R100/O904|27022018|NA|NA|02|0|1|009|148|NA|21082018|6|16072018|NA|1|M|NA|NA|NA|NA|NA|NA|531635
1|2|01012018|0300|821|210170|04101970|447|2|4|5|2|1|3|631020|210170|1|7013620|NA|210170|NA|NA|NA|NA|NA|NA|NA|NA|NA|NA|NA|NA|NA|8|2|3|1|NA|NA|2|*E875|*N189|NA|*O243*I10X|NA|O243|NA|9413|NA|01012018|NA|NA|NA|20180001|N|NA|I120|04012018|1|S|S|3.2.00|3.2|NA|11012018|E875/N189/ /O243 I10|11012018|NA|NA|01|0|1|010|35|NA|05022018|9|05022018|NA|NA|M|NA|NA|NA|NA|NA|NA|531678
1|2|09042018|0540|821|210880|05042001|417|2|4|1|4|3|1|612005|210880|1|2702711|NA|210880|NA|NA|NA|NA|NA|NA|NA|NA|NA|NA|NA|NA|NA|4|2|1|2|NA|NA|2|*O723|*R571|*R092|NA|NA|O723|NA|922|NA|11042018|NA|NA|NA|20180012|N|NA|O723|08052018|1|S|S|3.2.00|3.2|NA|06062018|O723/R571/R092|14052018|NA|NA|05|0|1|058|72|NA|20062018|5|20062018|NA|1|M|NA|NA|NA|NA|NA|NA|531725
1|2|20012018|0658|821|210890|08101986|431|2|4|1|4|3|NA|621005|210160|1|2456672|NA|210530|NA|NA|NA|NA|NA|NA|NA|NA|NA|NA|NA|NA|NA|4|2|1|1|NA|NA|9|*O85X|*O141|NA|NA|NA|O141|NA|5652|NA|20012018|NA|NA|NA|20180002|NA|NA|O141|25012018|2|S|S|3.2.02|3.2|NA|01022018|O85/O141|01022018|NA|NA|12|0|1|012|60|NA|21032018|5|21032018|NA|1|M|NA|NA|NA|NA|NA|NA|532189
1|2|27032018|0520|821|210990|31012000|418|2|4|1|3|2|NA|999991|210990|1|2309254|NA|211130|NA|NA|NA|NA|NA|NA|NA|NA|NA|NA|NA|NA|NA|1|1|3|1|NA|NA|2|*A419|*O149*J984|NA|NA|NA|O149|NA|NA|NA|27032018|NA|NA|NA|20180026|NA|NA|J984|28032018|1|S|S|3.2.02|3.2|NA|30052018|A419/O149 J984|04042018|NA|NA|11|0|1|064|71|NA|27062018|5|06062018|NA|1|M|NA|NA|NA|NA|NA|NA|532414
1|2|14012018|0308|821|210350|24081989|428|2|2|2|4|3|NA|999992|210350|1|2309254|NA|211130|NA|NA|NA|NA|NA|NA|NA|NA|NA|NA|NA|NA|NA|4|2|1|1|NA|NA|2|*O751|*O723|NA|NA|NA|O723|NA|9611|NA|14012018|NA|NA|NA|20180041|N|NA|O723|18012018|2|S|S|3.2.02|3.2|NA|26092018|O751/O723|22012018|NA|NA|12|0|1|255|187|NA|17122018|1|20072018|NA|1|M|NA|NA|NA|NA|NA|NA|532416
1|2|04012018|1810|821|210675|12011997|420|2|4|5|9|9|NA|622020|210675|1|2309254|NA|211130|NA|NA|NA|NA|NA|NA|NA|NA|NA|NA|NA|NA|NA|NA|NA|NA|NA|NA|NA|NA|*T811|*Y832|*O622|NA|NA|O622|NA|2738|NA|04012018|NA|NA|NA|20180026|N|NA|O622|08012018|1|S|S|3.2.02|3.2|NA|30052018|T811/Y832/O622|10012018|NA|NA|09|0|1|146|132|NA|17052018|5|16052018|NA|1|M|NA|NA|NA|NA|NA|NA|532417
1|2|28042018|1724|821|210760|14021985|433|2|2|2|4|3|3|NA|210980|1|2309254|NA|211130|NA|NA|NA|NA|NA|NA|NA|NA|NA|NA|NA|NA|NA|4|2|1|1|NA|NA|2|*A419|*J159|NA|*O718|NA|O718|NA|5104|NA|28042018|NA|NA|NA|20180026|NA|NA|O718|08052018|1|S|S|3.2.02|3.2|NA|30052018|A419/J159/ /O718|11052018|NA|NA|06|0|1|032|107|NA|23082018|5|13082018|NA|1|M|NA|NA|NA|NA|NA|NA|532418
1|2|03042018|1500|NA|NA|17031975|443|2|5|5|9|9|NA|621005|210547|1|2462583|NA|210160|NA|NA|NA|NA|NA|NA|NA|NA|NA|NA|NA|NA|NA|9|9|9|1|NA|NA|2|*I469|*O152|NA|NA|NA|O152|NA|2826|NA|03042018|NA|NA|NA|20180011|N|NA|O152|03072018|1|S|S|3.2.02|3.2|NA|09072018|I469/O152|09072018|NA|NA|09|0|1|097|NA|NA|30072019|7|NA|NA|1|M|NA|NA|NA|NA|NA|NA|533139
1|2|30042018|0515|821|210480|18111999|418|2|4|5|4|3|NA|621005|210480|1|6957501|NA|210480|NA|NA|NA|NA|NA|NA|NA|NA|NA|NA|NA|NA|NA|8|2|3|1|NA|NA|2|*D65X|*A419|*O85X|NA|NA|O85|NA|1563|NA|30042018|NA|NA|NA|20180005|NA|NA|O85|10052018|5|S|S|3.2.02|3.2|NA|22062018|D65/A419/O85|22062018|NA|NA|12|0|1|053|2|NA|07022019|5|02052018|NA|1|M|NA|NA|NA|NA|NA|NA|533179
1|2|09012018|1805|823|230630|07021989|428|2|4|5|2|1|NA|NA|210320|1|9196099|NA|210320|NA|NA|NA|NA|NA|NA|NA|NA|NA|NA|NA|NA|NA|4|2|1|NA|NA|NA|NA|*J960|*O992*I509|NA|NA|NA|O992|NA|2739|NA|09012018|NA|NA|NA|20180001|NA|NA|I509|12012018|2|S|S|3.2.02|3.2|NA|16012018|J960/O992 I509|16012018|NA|NA|10|0|1|007|29|NA|05032018|5|07022018|NA|1|M|NA|NA|NA|NA|NA|NA|533554
1|2|17012018|0500|821|210530|30111977|440|2|4|5|4|3|NA|999992|210550|1|2457911|NA|210550|NA|NA|NA|NA|NA|NA|NA|NA|NA|NA|NA|NA|NA|1|1|3|1|NA|NA|2|*O100|NA|NA|NA|NA|O100|NA|9372|NA|17012018|NA|NA|NA|20180002|N|NA|O100|19012018|1|S|S|3.2.02|3.2|NA|02022018|O100|02022018|NA|NA|12|0|1|016|19|NA|24052018|1|05022018|NA|1|M|NA|NA|NA|NA|NA|NA|533598
1|2|20022018|0205|821|210160|25101995|422|2|4|3|3|1|4|622105|210160|1|2456672|NA|210530|NA|NA|NA|NA|NA|NA|NA|NA|NA|NA|NA|NA|NA|4|2|1|1|NA|NA|2|*O85X|*T815|*Y610|*O829|NA|O85|NA|7299|NA|20022018|NA|NA|NA|20180012|NA|NA|O85|26022018|1|S|S|3.2.02|3.2|NA|11052018|O85/T815/Y610/O829|28022018|NA|NA|02|0|1|080|29|NA|21032018|5|21032018|NA|1|M|NA|NA|NA|NA|NA|NA|533791
1|2|22012018|1105|815|150580|20061987|430|2|4|5|2|1|1|999992|150580|1|2676923|NA|150580|NA|NA|NA|NA|NA|NA|NA|NA|NA|NA|NA|NA|NA|4|2|1|1|NA|NA|2|*O109|NA|NA|NA|NA|O109|NA|7392|NA|22012018|NA|NA|NA|20190035|S|17042018|O109|16022018|1|S|S|3.2.00|3.2|8|15072019|O109|27022018|NA|NA|01|0|1|539|85|NA|15072019|5|17042018|NA|3|M|NA|NA|NA|NA|NA|NA|534602
1|2|20022018|1917|815|150445|23071994|423|2|4|2|4|3|3|622020|150445|1|2622475|NA|150445|NA|NA|NA|NA|NA|NA|NA|NA|NA|NA|NA|NA|NA|2|1|3|1|NA|NA|2|*J960|*D649|*O829|*O140|NA|O140|NA|1977|NA|20022018|NA|NA|NA|20180003|NA|NA|O140|07032018|5|S|S|3.2.00|3.2|NA|12032018|J960/D649/O829/O140|12032018|NA|NA|06|0|1|020|115|NA|19062018|4|15062018|NA|1|M|NA|NA|NA|NA|NA|NA|535558
1|2|24012018|2310|NA|NA|08021990|427|2|4|5|3|1|4|612005|150170|1|2678403|NA|150170|NA|NA|NA|NA|NA|NA|NA|NA|NA|NA|NA|NA|NA|2|1|3|1|NA|NA|2|*R571|*D65X|*O459|NA|NA|O459|NA|12899|NA|25012018|NA|NA|NA|20180018|S|17072018|O459|NA|NA|S|S|3.2.00|3.2|8|16082018|R571/D65/O459|19022018|NA|NA|02|0|1|204|174|NA|19072018|4|17072018|NA|1|M|NA|NA|NA|NA|NA|NA|536067
1|2|11042018|NA|815|150830|20041979|438|2|4|5|2|1|NA|622020|150830|1|4006429|NA|150830|NA|NA|NA|NA|NA|NA|NA|NA|NA|NA|NA|NA|NA|4|2|1|1|NA|NA|NA|*R092|*A419|*O882|NA|NA|O882|NA|1708|NA|11042018|NA|NA|NA|20200007|S|20112018|O882|17042018|1|S|S|3.2.00|3.2|8|19022020|R092/A419/O882|24042018|NA|NA|10|0|1|679|223|NA|17022020|5|20112018|NA|1|M|NA|NA|NA|NA|NA|NA|536069
1|2|22032018|1820|815|150095|16122002|415|2|4|1|9|9|NA|999992|150095|1|5572924|NA|150095|NA|NA|NA|NA|NA|NA|NA|NA|NA|NA|NA|NA|NA|1|1|3|1|NA|NA|2|*O159|*O149|NA|NA|NA|O159|NA|4155|NA|22032018|NA|NA|NA|20190003|S|06052018|O159|27032018|1|S|S|3.2.00|3.2|2|04022019|O159/O149|28032018|NA|NA|09|0|1|319|68|NA|10072019|1|29052018|NA|1|M|NA|NA|NA|NA|NA|NA|540388
1|2|12042018|0555|815|150795|03062002|415|2|1|9|9|9|NA|999991|150795|1|6779069|NA|150795|NA|NA|NA|NA|NA|NA|NA|NA|NA|NA|NA|NA|NA|4|2|1|1|NA|NA|2|*J960|*A419|*J189|*O995|NA|O995|NA|10794|NA|12042018|NA|NA|NA|20190032|S|23072018|J189|18042018|1|S|S|3.2.00|3.2|8|26122019|J960/A419/J189/O995|16052018|NA|NA|09|0|1|623|NA|NA|23072018|5|NA|NA|1|M|NA|NA|NA|NA|NA|NA|540527
1|2|17062018|1530|815|150010|05111999|418|2|4|5|4|3|3|516120|150010|1|2318482|NA|150010|NA|NA|NA|NA|NA|NA|NA|NA|NA|NA|NA|NA|NA|2|1|3|9|NA|NA|9|*R092|*I469|*O109|NA|NA|O109|NA|3352|NA|17062018|NA|NA|NA|20180010|N|NA|O109|04072018|1|S|S|3.2.00|3.2|NA|06072018|R092/I469/O109|06072018|NA|NA|06|0|1|019|1|NA|14082018|4|18062018|NA|1|M|NA|NA|NA|NA|NA|NA|540780
1|2|07072018|NA|815|150010|26111972|445|2|4|5|3|2|NA|512105|150010|1|2318482|NA|150010|NA|NA|NA|NA|NA|NA|NA|NA|NA|NA|NA|NA|NA|4|2|1|1|NA|NA|2|*O995|*O159|NA|NA|NA|O995|NA|3352|NA|07072018|NA|NA|NA|20180012|N|NA|O995|14082018|1|S|S|3.2.00|3.2|NA|16082018|O995/O159|16082018|NA|NA|11|0|1|040|4|NA|31082018|5|11072018|NA|1|M|NA|NA|NA|NA|NA|NA|540815
1|2|26062018|0441|815|150010|11051999|419|2|4|1|4|2|8|512105|150010|1|9073027|NA|150010|NA|NA|NA|NA|NA|NA|NA|NA|NA|NA|NA|NA|NA|4|2|1|9|NA|NA|9|*O95X|NA|NA|NA|NA|O95|NA|13922|NA|26062018|NA|NA|NA|20200003|S|29012019|R092|04072018|1|S|S|3.2.00|3.2|8|14022020|O95|06072018|NA|NA|04|0|1|598|217|NA|07022019|5|29012019|NA|1|M|NA|NA|NA|NA|NA|NA|540820
1|2|14072018|1742|815|150795|26011996|422|2|1|NA|4|3|3|512105|150795|1|6779069|NA|150795|NA|NA|NA|NA|NA|NA|NA|NA|NA|NA|NA|NA|NA|4|2|1|1|NA|NA|2|*O860|*A419|NA|NA|NA|O860|NA|3166|NA|14072018|NA|NA|NA|20200010|NA|NA|O860|19072018|2|S|S|3.2.00|3.2|NA|17022020|O860/A419|31072018|NA|NA|06|0|1|583|122|NA|13112018|5|13112018|NA|1|M|NA|NA|NA|NA|NA|NA|540929
1|2|15062018|1600|815|150110|06112000|417|2|4|1|9|9|NA|999991|150110|1|6710158|NA|150180|NA|NA|NA|NA|NA|NA|NA|NA|NA|NA|NA|NA|NA|4|2|1|1|NA|NA|2|*J80X|*A419|*O995*J189|NA|NA|O995|NA|13229|NA|15062018|NA|NA|NA|20200002|S|06122019|O995|21062018|2|S|S|3.2.02|3.2|8|08012020|J80/A419/O995 J189|29062018|NA|NA|09|0|1|572|539|NA|10122019|5|06122019|NA|1|M|NA|NA|NA|NA|NA|NA|541209
1|2|18032018|0700|815|150730|10091994|423|2|4|1|3|2|6|999992|150543|1|5498465|NA|150613|NA|NA|NA|NA|NA|NA|NA|NA|NA|NA|NA|NA|NA|4|2|1|1|NA|NA|2|*J960|*J159|*A419|*O909|*G039*K729|O909|NA|12217|NA|18032018|NA|NA|NA|20180012|N|NA|O909|19032018|2|S|S|3.2.02|3.2|NA|20032018|J960/J159/A419/O909*G039 K729|20032018|NA|NA|03|0|1|002|50|NA|08052018|5|07052018|NA|1|M|NA|NA|NA|NA|NA|NA|541871
1|2|04052018|2330|815|150270|25041995|423|2|4|1|5|4|NA|999992|150270|1|5498465|NA|150613|NA|NA|NA|NA|NA|NA|NA|NA|NA|NA|NA|NA|NA|2|1|3|1|NA|NA|2|*O723|*O629|*O801|NA|NA|O629|NA|10937|NA|05052018|NA|NA|NA|20180022|N|NA|O629|01062018|5|S|S|3.2.02|3.2|NA|06062018|O723/O629/O801|06062018|NA|NA|07|0|1|033|466|NA|13082019|4|13082019|NA|1|R|NA|NA|NA|NA|NA|NA|542145
1|2|11082018|1855|815|150520|25081999|418|2|4|1|3|2|NA|622020|150520|1|2418665|NA|150210|NA|NA|NA|NA|NA|NA|NA|NA|NA|NA|NA|NA|NA|4|2|1|1|NA|NA|2|*R092|*O882|*O829|NA|NA|O882|NA|1162|NA|11082018|NA|NA|NA|20190043|NA|NA|O882|14082018|1|S|S|3.2.00|3.2|NA|14102019|R092/O882/O829|20082018|NA|NA|11|0|1|429|33|NA|13092018|1|13092018|NA|1|M|NA|NA|NA|NA|NA|NA|542625
1|2|21022018|1120|815|150040|01071984|433|2|4|5|2|1|3|999992|150040|1|2331861|NA|150040|NA|NA|NA|NA|NA|NA|NA|NA|NA|NA|NA|NA|NA|4|2|1|1|NA|NA|2|*O141|*I469|*R092|NA|NA|O141|NA|12556|NA|21022018|NA|NA|NA|20190013|S|28022018|O141|27022018|1|S|S|3.2.00|3.2|8|22072019|O141/I469/R092|28022018|NA|NA|01|0|1|516|7|NA|16072019|5|28022018|NA|1|M|NA|NA|NA|NA|NA|NA|543551
1|2|04012018|1400|817|171855|12101991|426|2|4|2|3|2|NA|999992|150215|1|2755165|NA|170210|NA|NA|NA|NA|NA|NA|NA|NA|NA|NA|NA|NA|NA|3|1|3|1|NA|NA|1|*T814|*Y838|*D65X|*O996*K810|*O068|O996|NA|3022|170210|04012018|NA|NA|NA|20190062|S|07052019|K810|12012018|4|S|S|3.2.00|3.2|5|18102019|T814/Y838/D65/O996 K810*O068|22012018|NA|NA|11|0|1|652|613|NA|10092019|1|09092019|NA|1|M|NA|NA|NA|NA|NA|NA|544048
1|2|05052018|0450|NA|NA|04101977|440|2|4|1|1|0|NA|622020|150175|1|2755165|NA|170210|NA|NA|NA|NA|NA|NA|NA|NA|NA|NA|NA|NA|NA|2|1|3|1|NA|NA|2|*O723|*R571|*O459|NA|NA|O459|NA|2812|NA|05052018|NA|NA|NA|20190061|S|29052018|O459|07052018|1|S|S|3.2.00|3.2|3|18102019|O723/R571/O459|14052018|NA|NA|00|0|1|531|332|NA|09042019|1|02042019|NA|2|M|NA|NA|NA|NA|NA|NA|544592
1|2|09052018|0310|817|171820|06052001|417|2|4|5|4|2|8|999991|171820|1|2786125|NA|171820|NA|NA|NA|NA|NA|NA|NA|NA|NA|NA|NA|NA|NA|4|2|1|1|NA|NA|2|*J960|*J81X|*I269|*O159|NA|O159|NA|3317|NA|09052018|NA|NA|NA|20190063|S|09052018|O159|17052018|1|S|S|3.2.00|3.2|8|18102019|J960/J81/I269/O159|21052018|NA|NA|04|0|1|527|112|NA|03092018|5|29082018|NA|1|M|NA|NA|NA|NA|NA|NA|545840
1|2|17082018|2333|817|170210|23092000|417|2|4|1|4|2|8|999991|170210|2|6886345|NA|170210|NA|NA|NA|NA|NA|NA|NA|NA|NA|NA|NA|NA|NA|1|1|3|1|NA|NA|1|*J960|*O882|NA|NA|NA|O882|NA|3566|170210|18082018|NA|NA|NA|20190063|S|23082018|O95|03092018|3|S|S|3.2.00|3.2|8|18102019|J960/O882|10092018|NA|NA|04|0|1|427|125|NA|21122018|1|20122018|NA|1|M|NA|NA|NA|NA|NA|NA|548010
1|2|23082018|1728|817|171050|03031986|432|2|1|2|4|3|NA|999992|171820|2|2755289|NA|172100|NA|NA|NA|NA|NA|NA|NA|NA|NA|NA|NA|NA|NA|4|2|1|1|NA|NA|1|*I230|*I219|*O13X|NA|NA|O13|NA|526|172100|23082018|NA|NA|NA|20190063|S|05122018|I219|27082018|4|S|S|3.2.00|3.2|8|18102019|I230/I219/O13|28082018|NA|NA|12|0|1|421|112|NA|13122018|5|13122018|NA|1|M|NA|NA|NA|NA|NA|NA|548834
1|2|19022018|1847|817|170035|01111989|428|2|4|1|2|1|NA|999992|170035|1|2786117|NA|172100|NA|NA|NA|NA|NA|NA|NA|NA|NA|NA|NA|NA|NA|4|2|1|1|NA|NA|2|*R092|*R568|*O994*I619|NA|*A419*F192*F172|O994|NA|4670|NA|19022018|NA|NA|NA|20190063|S|11052018|O159|22022018|1|S|S|3.2.00|3.2|8|18102019|R092/R568/O994 I619*A419 F192 F172|26022018|NA|NA|10|0|1|606|92|NA|22052018|5|22052018|NA|1|M|NA|NA|NA|NA|NA|NA|549322
1|2|01112018|1650|817|170700|13072002|416|2|2|5|3|2|NA|999992|170040|1|2786117|NA|172100|NA|NA|NA|NA|NA|NA|NA|NA|NA|NA|NA|NA|NA|4|2|1|1|NA|NA|1|*A419|*D65X|*O85X|NA|*E669|O85|NA|3094|172100|01112018|NA|NA|NA|20190063|S|13122018|O864|05112018|4|S|S|3.2.00|3.2|8|18102019|A419/D65/O85*E669|06112018|NA|NA|11|0|1|351|42|NA|13122018|5|13122018|NA|1|M|NA|NA|NA|NA|NA|NA|549551
1|2|10072018|2230|812|120060|12071988|429|2|5|5|4|3|3|231205|120060|1|2000121|NA|120060|NA|NA|NA|NA|NA|NA|NA|NA|NA|NA|NA|NA|NA|4|2|1|1|NA|NA|2|*O45X|*R571|*D649|NA|NA|O459|NA|571|NA|10072018|NA|NA|NA|20180015|S|09082018|O45|11072018|1|S|S|3.2.00|3.2|3|17082018|O45/R571/D649|18072018|NA|NA|06|0|1|038|72|NA|05102018|4|20092018|NA|3|E|NA|NA|NA|NA|NA|NA|549976
1|2|05012018|2305|812|120050|28061989|428|2|4|5|3|2|NA|NA|120045|1|2001578|NA|120040|NA|NA|NA|NA|NA|NA|NA|NA|NA|NA|NA|NA|NA|4|2|1|1|NA|NA|2|*O882|NA|*O868|*O411|*I410|O882|NA|568|NA|06012018|NA|NA|NA|20180004|S|20012018|R092|05022018|2|S|S|3.2.00|3.2|1|19042018|O882/ /O868/O411*I410|21022018|NA|NA|11|0|1|104|15|NA|06042018|5|20012018|NA|3|M|NA|NA|NA|NA|NA|NA|550050
1|2|26022018|1815|812|120040|30042000|417|2|4|1|4|3|NA|999991|120040|1|2001586|NA|120040|NA|NA|NA|NA|NA|NA|NA|NA|NA|NA|NA|NA|NA|5|2|2|1|NA|NA|2|*A419|*O723|*C920|*O722|NA|O723|NA|1223|NA|26022018|NA|NA|NA|20180004|S|17042018|O723|26032018|5|S|S|3.2.00|3.2|8|19042018|A419/O723/C920/O722|02042018|NA|NA|12|0|1|052|50|NA|17042018|6|17042018|NA|2|M|NA|NA|NA|NA|NA|NA|550649
1|2|04032018|1715|812|120040|28011994|424|2|1|1|2|1|NA|NA|120040|1|2001578|NA|120040|NA|NA|NA|NA|NA|NA|NA|NA|NA|NA|NA|NA|NA|4|2|1|1|NA|NA|2|*A419|*J189|*O16X*O141|*M329|NA|O141|NA|2059|NA|04032018|NA|NA|NA|20180010|S|28062018|M321|16042018|1|S|S|3.2.00|3.2|8|19072018|A419/J189/O16 O141/M329|19042018|NA|NA|10|0|1|137|116|NA|03072018|5|28062018|NA|2|M|NA|NA|NA|NA|NA|NA|551413
1|2|24032018|1745|812|120045|23042001|416|2|4|1|3|2|NA|999991|120040|1|2001578|NA|120040|NA|NA|NA|NA|NA|NA|NA|NA|NA|NA|NA|NA|NA|3|1|3|1|NA|NA|9|*A419|NA|*J189|*O033|NA|O033|NA|1275|NA|24032018|NA|NA|NA|20180010|S|28062018|O033|16042018|5|S|S|3.2.00|3.2|3|19072018|A419/ /J189/O033|19042018|NA|NA|11|0|1|117|96|NA|03072018|3|28062018|NA|1|M|NA|NA|NA|NA|NA|NA|551571
1|2|27082018|0300|811|110011|13011990|428|2|4|2|4|2|8|999992|110011|1|7704364|NA|110004|NA|NA|NA|NA|NA|NA|NA|NA|NA|NA|NA|NA|NA|4|2|1|1|NA|NA|2|*O722|NA|NA|NA|NA|O722|NA|4843|NA|27082018|NA|NA|NA|20180008|N|NA|O722|14092018|2|S|S|3.2.00|3.2|NA|17092018|O722|17092018|NA|NA|04|0|1|021|161|NA|04022019|5|04022019|NA|1|M|NA|NA|NA|NA|NA|NA|553054
1|2|13042018|0345|811|110018|16121989|428|2|4|2|4|2|8|999992|110009|1|7704364|NA|110004|NA|NA|NA|NA|NA|NA|NA|NA|NA|NA|NA|NA|NA|4|2|1|1|NA|NA|2|*R571|*O822|*O622|NA|NA|O622|NA|4127|NA|13042018|NA|NA|NA|20180005|N|NA|O622|25042018|2|S|S|3.2.00|3.2|NA|18052018|R571/O822/O622|18052018|NA|NA|04|0|1|035|101|NA|13022019|5|23072018|NA|2|E|NA|NA|NA|NA|NA|NA|553178
1|2|20062018|1248|814|140070|23081996|421|2|4|1|4|3|NA|622020|140040|5|NA|NA|140010|NA|NA|NA|NA|NA|NA|NA|NA|NA|NA|NA|NA|NA|2|1|3|9|NA|NA|2|*O759|NA|*O441|NA|NA|O441|NA|120|NA|20062018|NA|NA|NA|20180043|N|NA|O441|04072018|5|S|S|3.2.02|3.2|NA|04072018|O759/ /O441|04072018|NA|NA|12|0|1|014|30|NA|20072018|4|20072018|NA|1|E|NA|NA|NA|NA|NA|NA|553335
1|2|09052018|1531|253|NA|15021998|420|2|5|1|9|9|NA|NA|140010|1|2319659|NA|140010|NA|NA|NA|NA|NA|NA|NA|NA|NA|NA|NA|NA|NA|9|9|9|1|NA|NA|2|*R100|*D65X|*O85X|*O055|NA|O85|NA|1993|NA|09052018|NA|NA|NA|20180039|N|NA|O85|05062018|1|S|S|3.2.02|3.2|NA|06062018|R100/D65/O85/O055|06062018|NA|NA|09|0|1|028|37|NA|15062018|3|15062018|NA|1|M|NA|NA|NA|NA|NA|NA|553475
1|2|01032018|0125|814|140040|22032003|414|2|5|1|9|9|NA|NA|140040|1|2319659|NA|140010|NA|NA|NA|NA|NA|NA|NA|NA|NA|NA|NA|NA|NA|9|9|9|1|NA|NA|2|*R570|*A419|*N390|*O048|NA|O048|NA|1690|NA|01032018|NA|NA|NA|20180017|N|NA|O048|21032018|2|S|S|3.2.02|3.2|NA|22032018|R570/A419/N390/O048|22032018|NA|NA|09|0|1|021|56|NA|04052018|2|26042018|NA|1|E|NA|NA|NA|NA|NA|NA|553828
1|2|24072018|0249|815|150810|01091988|429|2|1|1|NA|NA|NA|NA|140010|1|2566168|NA|140010|NA|NA|NA|NA|NA|NA|NA|NA|NA|NA|NA|NA|NA|2|1|3|1|NA|NA|2|*O751|*J81X|*O751|*O721|NA|O721|NA|1160|NA|24072018|NA|NA|NA|20180049|N|NA|O721|08082018|1|S|S|3.2.02|3.2|NA|09082018|O751/J81/O751/O721|09082018|NA|NA|NA|0|1|016|NA|NA|18102018|4|NA|NA|1|M|NA|NA|NA|NA|NA|NA|553918
1|2|08012018|1003|815|150810|26021980|437|2|4|9|9|9|NA|999992|140010|1|2566168|NA|140010|NA|NA|NA|NA|NA|NA|NA|NA|NA|NA|NA|NA|NA|3|1|3|1|NA|NA|2|*R092|*E872|*A419|*O055|*E136*I10X*F172*E669|O055|NA|1662|NA|08012018|NA|NA|NA|20180005|N|NA|O055|24012018|1|S|S|3.2.02|3.2|NA|26012018|R092/E872/A419/O055*E136 I10 F172 E669|26012018|NA|NA|09|0|1|018|18|NA|21022018|3|26012018|NA|1|M|NA|NA|NA|NA|NA|NA|554101
1|2|26012018|0428|253|NA|05081993|424|2|1|1|4|3|NA|999992|140010|1|2319659|NA|140010|NA|NA|NA|NA|NA|NA|NA|NA|NA|NA|NA|NA|NA|5|2|2|1|NA|NA|2|*E874|*N179|*R578|*O908|NA|O908|NA|1798|NA|26012018|NA|NA|NA|20180049|N|NA|O908|02022018|5|S|S|3.2.02|3.2|NA|09082018|E874/N179/R578/O908|02022018|NA|NA|12|0|1|195|20|NA|15022018|5|15022018|NA|1|M|NA|NA|NA|NA|NA|NA|554246
1|2|07072018|1640|811|110020|29051992|426|2|4|2|5|5|NA|252210|110020|1|4001303|NA|110020|NA|NA|NA|NA|NA|NA|NA|NA|NA|NA|NA|NA|NA|4|2|1|1|NA|NA|2|*I619|*O150|NA|NA|NA|O150|NA|2204|NA|07072018|NA|NA|NA|20180023|S|05092018|O159|23072018|2|S|S|3.2.00|3.2|8|27092018|I619/O150|24072018|NA|NA|08|0|1|082|59|NA|10092018|5|04092018|NA|3|E|NA|NA|NA|NA|NA|NA|554373
1|2|23072018|2142|851|510330|17041999|419|2|5|5|4|3|NA|999992|510330|1|4001303|NA|110020|NA|NA|NA|NA|NA|NA|NA|NA|NA|NA|NA|NA|NA|4|2|1|1|NA|NA|2|NA|*J969|NA|*O149*N179|NA|O149|NA|2711|NA|23072018|NA|NA|NA|20180023|N|NA|O149|13082018|5|S|S|3.2.00|3.2|NA|27092018|/J969/ /O149 N179|14082018|NA|NA|12|0|1|066|30|NA|16102019|3|22082018|NA|1|E|NA|NA|NA|NA|NA|NA|554473
1|2|05092018|0100|811|110020|30101998|419|2|4|1|9|9|NA|999991|110020|1|4001303|NA|110020|NA|NA|NA|NA|NA|NA|NA|NA|NA|NA|NA|NA|NA|4|2|1|1|NA|NA|2|*L512|*L511|*O986|NA|NA|O986|NA|4331|NA|05092018|NA|NA|NA|20180034|S|31102018|O986|25092018|1|S|S|3.2.00|3.2|8|12122018|L512/L511/O986|27092018|NA|NA|09|0|1|098|51|NA|10122018|5|26102018|NA|3|E|NA|NA|NA|NA|NA|NA|554789
1|2|03102018|NA|813|130330|02052002|416|2|1|5|3|2|7|999991|110020|3|NA|NA|110020|NA|NA|NA|NA|NA|NA|NA|NA|NA|NA|NA|NA|NA|1|1|3|2|NA|NA|1|*T178|*R090|*J81X|*O994|NA|O994|NA|1122|NA|04102018|NA|NA|NA|20190037|S|17012019|O994|17102018|3|S|S|3.2.00|3.2|8|18122019|T178/R090/J81/O994|23102018|NA|NA|03|0|1|441|106|NA|17012019|1|17012019|NA|1|E|NA|NA|NA|NA|NA|NA|555003
1|2|06122018|0735|811|110015|02051989|429|2|1|9|3|1|4|999992|110034|1|2495279|NA|110012|NA|NA|NA|NA|NA|NA|NA|NA|NA|NA|NA|NA|NA|NA|NA|NA|1|NA|NA|2|*O881|NA|NA|NA|NA|O881|NA|NA|NA|06122018|NA|NA|NA|20190005|N|NA|O881|07122018|NA|S|S|3.2.00|3.2|NA|18022019|O881|26122018|NA|NA|02|0|1|074|58|NA|22022019|5|02022019|NA|2|M|NA|NA|NA|NA|NA|NA|555667
1|2|02022018|0320|811|110020|28111994|423|2|4|5|4|3|NA|999992|110020|1|4001303|NA|110020|NA|NA|NA|NA|NA|NA|NA|NA|NA|NA|NA|NA|NA|3|1|3|1|NA|NA|2|*J960|*O230|*O240|NA|*O049*B909|O230|NA|2860|NA|02022018|NA|NA|NA|20180003|S|20022018|O230|21022018|5|S|S|3.2.00|3.2|8|22022018|J960/O230/O240*O049 B909|22022018|NA|NA|12|0|1|020|25|NA|18072018|5|27022018|NA|2|E|NA|NA|NA|NA|NA|NA|556170
1|2|13022018|0720|851|510025|06051991|426|2|4|2|9|9|NA|516205|110012|1|4001303|NA|110020|NA|NA|NA|NA|NA|NA|NA|NA|NA|NA|NA|NA|NA|NA|NA|NA|1|NA|NA|2|*D65X|*Y836|*O141|NA|NA|O141|NA|3201|NA|13022018|NA|NA|NA|20180006|N|NA|O141|15032018|5|S|S|3.2.00|3.2|NA|28032018|D65/Y836/O141|28032018|NA|NA|09|0|1|043|94|NA|18052018|5|18052018|NA|1|M|NA|NA|NA|NA|NA|NA|556181
1|2|25012018|1220|811|110006|21061982|435|2|1|1|2|1|NA|621005|110045|1|4001303|NA|110020|NA|NA|NA|NA|NA|NA|NA|NA|NA|NA|NA|NA|NA|4|2|1|1|NA|NA|2|*O903|*I493|*I358*I659|*I099|NA|O903|NA|989|NA|25012018|NA|NA|NA|20180003|N|NA|O903|20022018|2|S|S|3.2.00|3.2|NA|22022018|O903/I493/I358 I659/I099|22022018|NA|NA|10|0|1|028|113|NA|05062018|5|18052018|NA|1|M|NA|NA|NA|NA|NA|NA|556482
1|2|22122018|1505|811|110030|26071993|425|2|1|2|5|5|NA|241005|110030|1|2798484|NA|110030|NA|NA|NA|NA|NA|NA|NA|NA|NA|NA|NA|NA|NA|2|1|3|1|NA|NA|2|*O751|*O723|*O459|NA|NA|O459|NA|3991|NA|22122018|NA|NA|NA|20190006|S|22012019|O459|14012019|1|S|S|3.2.00|3.2|1|26042019|O751/O723/O459|22012019|NA|NA|08|0|1|125|31|NA|29112019|4|22012019|NA|2|M|NA|NA|NA|NA|NA|NA|556730
1|2|09012018|0345|813|130250|17111981|436|2|4|2|3|2|5|622020|130250|1|2019558|NA|130260|NA|NA|NA|NA|NA|NA|NA|NA|NA|NA|NA|NA|NA|1|1|3|1|NA|NA|2|*O998*I619*D65X*D619|NA|NA|NA|NA|O998|NA|7973|NA|09012018|NA|NA|NA|20190040|S|05032018|O998|17012018|2|S|S|3.2.00|3.2|2|17092019|O998 I619 D65 D619 C920|19012018|NA|NA|03|0|1|616|55|NA|07032018|1|05032018|NA|1|M|NA|NA|NA|NA|NA|NA|556887
1|2|13012018|0330|813|130260|22051987|430|2|4|5|5|5|NA|223208|130260|1|9193774|NA|130260|NA|NA|NA|NA|NA|NA|NA|NA|NA|NA|NA|NA|NA|4|2|1|1|NA|NA|2|*R688|*R571|*O721|*O459|NA|O459|NA|4995|NA|13012018|NA|NA|NA|20190023|S|07052018|O622|17012018|2|S|S|3.2.00|3.2|8|03062019|R688/R571/O721/O459|19012018|NA|NA|08|0|1|506|114|NA|28052019|5|07052018|NA|3|M|NA|NA|NA|NA|NA|NA|556936
1|2|17012018|1705|813|130260|08071985|432|2|4|5|3|2|NA|999992|130260|1|2012480|NA|130260|NA|NA|NA|NA|NA|NA|NA|NA|NA|NA|NA|NA|NA|3|1|3|1|NA|NA|2|*A419|*R571|*O064|NA|NA|O064|NA|3643|NA|17012018|NA|NA|NA|20180018|S|08032018|O064|24012018|1|S|S|3.2.00|3.2|8|10052018|A419/R571/O064|26012018|NA|NA|11|0|1|113|50|NA|08052018|3|08032018|NA|1|M|NA|NA|NA|NA|NA|NA|557146
1|2|07022018|2323|813|130410|07061977|440|2|2|2|2|1|NA|141410|130260|1|2012480|NA|130260|NA|NA|NA|NA|NA|NA|NA|NA|NA|NA|NA|NA|NA|1|1|3|1|NA|NA|2|*R092|*J81X|*O109|NA|*E059|O109|NA|2893|NA|07022018|NA|NA|NA|20180017|S|18042018|O109|20022018|5|S|S|3.2.00|3.2|8|07052018|R092/J81/O109*E059|22022018|NA|NA|10|0|1|089|70|NA|02052018|1|18042018|NA|1|M|NA|NA|NA|NA|NA|NA|557148
1|2|08012018|0635|813|130260|11062001|416|2|4|1|4|3|NA|999991|130260|1|3151794|NA|130260|NA|NA|NA|NA|NA|NA|NA|NA|NA|NA|NA|NA|NA|4|2|1|1|NA|NA|2|NA|NA|*O85X|NA|NA|O85|NA|4995|NA|08012018|NA|NA|NA|20180011|S|30012018|O85|12012018|2|S|S|3.2.00|3.2|8|22032018|/ /O85|19012018|NA|NA|12|0|1|073|22|NA|19032018|5|30012018|NA|1|M|NA|NA|NA|NA|NA|NA|557166
1|2|31012018|1600|815|150480|03111991|426|2|4|2|5|4|NA|999991|130260|1|9115153|NA|130260|NA|NA|NA|NA|NA|NA|NA|NA|NA|NA|NA|NA|NA|4|2|1|1|NA|NA|2|*R092|*I619|*O152|*O141|NA|O152|NA|6546|NA|31012018|NA|NA|NA|20180017|S|09032018|O152|08022018|5|S|S|3.2.00|3.2|8|07052018|R092/I619/O152/O141|09022018|NA|NA|07|0|1|096|37|NA|02052018|5|09032018|NA|1|M|NA|NA|NA|NA|NA|NA|557864
1|2|29012018|2315|813|130160|17041998|419|2|4|1|3|2|NA|999992|130160|1|2019558|NA|130260|NA|NA|NA|NA|NA|NA|NA|NA|NA|NA|NA|NA|NA|5|2|2|1|NA|NA|2|*O759*A419|NA|NA|NA|*O96X|O759|NA|9684|NA|29012018|NA|NA|NA|20190048|S|12062018|A419|08022018|1|S|S|3.2.00|3.2|8|08112019|O759 A419*O96|09022018|NA|NA|11|0|1|648|134|NA|05112019|6|12062018|NA|1|M|NA|NA|NA|NA|NA|NA|557877
1|2|27012018|0803|813|130260|25021998|419|2|4|1|3|2|NA|999994|130260|1|2013649|NA|130260|NA|NA|NA|NA|NA|NA|NA|NA|NA|NA|NA|NA|NA|3|1|3|2|NA|NA|2|NA|NA|NA|NA|*O068*T407|O068|NA|6612|NA|27012018|NA|NA|NA|20180021|S|20032018|R98|01022018|2|S|S|3.2.00|3.2|2|08062018|*O068 T407|02022018|NA|NA|11|0|1|132|111|NA|04062018|3|18052018|NA|2|M|NA|NA|NA|NA|NA|NA|557913
1|2|25022018|0400|813|130260|09051984|433|2|4|1|4|3|3|999992|130185|1|3151794|NA|130260|NA|NA|NA|NA|NA|NA|NA|NA|NA|NA|NA|NA|NA|4|2|1|1|NA|NA|2|*R578|NA|NA|*O721|*R688*R092*G931|O721|NA|5212|NA|25022018|NA|NA|NA|20190040|S|25032018|O721|12032018|2|S|S|3.2.00|3.2|8|17092019|R578/ / /O721*R688 R092 G931|15032018|NA|NA|06|0|1|569|28|NA|05062018|5|25032018|NA|1|M|NA|NA|NA|NA|NA|NA|558195
1|2|22022018|0550|813|130260|03021993|425|2|4|2|5|5|NA|411010|130260|1|2019558|NA|130260|NA|NA|NA|NA|NA|NA|NA|NA|NA|NA|NA|NA|NA|4|2|1|1|NA|NA|2|*R571|*O622|*I10X|*E059|NA|O622|NA|9683|NA|22022018|NA|NA|NA|20190022|S|24042018|O622|23032018|1|S|S|3.2.00|3.2|8|24052019|R571/O622/I10/E059|29032018|NA|NA|08|0|1|456|61|NA|21052019|5|24042018|NA|3|M|NA|NA|NA|NA|NA|NA|558344
1|2|09012018|1219|813|130120|13071994|423|2|4|1|NA|NA|NA|999992|130120|1|2018136|NA|130120|NA|NA|NA|NA|NA|NA|NA|NA|NA|NA|NA|NA|NA|4|2|1|1|NA|NA|2|*I219|*O909|*Q796|NA|NA|O909|NA|5144|NA|09012018|NA|NA|NA|20180006|S|06022018|O909|25012018|1|S|S|3.2.00|3.2|3|21022018|I219/O909/Q796|25012018|NA|NA|NA|0|1|043|28|NA|06022018|5|06022018|NA|1|M|NA|NA|NA|NA|NA|NA|558616
1|2|15072018|NA|813|130260|17051997|421|2|4|1|2|1|1|622020|130063|5|NA|NA|130063|NA|NA|NA|NA|NA|NA|NA|NA|NA|NA|NA|NA|NA|1|1|3|1|NA|NA|2|*O159|*O141|*I674|NA|NA|O159|NA|8257|NA|15072018|NA|NA|NA|20180012|N|NA|O159|27072018|1|S|S|3.2.00|3.2|NA|27072018|O159/O141/I674|27072018|NA|NA|01|0|1|012|263|NA|09042019|1|04042019|NA|1|M|NA|NA|NA|NA|NA|NA|558677
1|2|27022018|0450|813|130255|23061985|432|2|4|1|2|1|NA|999992|130260|1|2013606|NA|130260|NA|NA|NA|NA|NA|NA|NA|NA|NA|NA|NA|NA|NA|4|2|1|1|NA|NA|2|*A419|*O021|NA|NA|*B24X|O021|NA|4026|NA|28022018|NA|NA|NA|20200008|S|18052018|R99|23032018|5|S|S|3.2.00|3.2|2|17022020|A419/O021*B24|29032018|NA|NA|10|0|1|720|80|NA|03062019|3|18052018|NA|3|M|NA|NA|NA|NA|NA|NA|559284
1|2|27022018|1950|NA|NA|09111997|420|2|4|1|4|3|3|999992|130260|1|2019574|NA|130260|NA|NA|NA|NA|NA|NA|NA|NA|NA|NA|NA|NA|NA|4|2|1|1|NA|NA|2|*O95X|NA|NA|NA|NA|O95|NA|4520|NA|27022018|NA|NA|NA|20180017|S|09042018|O95|07032018|2|S|S|3.2.00|3.2|8|07052018|O95|08032018|NA|NA|06|0|1|069|41|NA|02052018|5|09042018|NA|1|M|NA|NA|NA|NA|NA|NA|559370
1|2|09042018|1300|813|130260|09012001|417|2|4|1|4|3|2|999991|130260|1|2019558|NA|130260|NA|NA|NA|NA|NA|NA|NA|NA|NA|NA|NA|NA|NA|4|2|1|1|NA|NA|2|*G936|*I609|NA|*O994*I728|NA|O994|NA|7840|NA|09042018|NA|NA|NA|20180032|S|16072018|O994|16042018|1|S|S|3.2.00|3.2|8|17082018|G936/I609/ /O994 I728|19042018|NA|NA|05|0|1|130|98|NA|14082018|5|16072018|NA|1|M|NA|NA|NA|NA|NA|NA|560161
1|2|10042018|2330|813|130340|22071979|438|2|4|1|5|5|NA|411010|130260|1|2019558|NA|130260|NA|NA|NA|NA|NA|NA|NA|NA|NA|NA|NA|NA|NA|4|2|1|1|NA|NA|2|*A419|*K659|*O141|*O152|NA|O152|NA|7840|NA|10042018|NA|NA|NA|20200008|S|12072018|O459|16042018|1|S|S|3.2.00|3.2|8|17022020|A419/K659/O141/O152|19042018|NA|NA|08|0|1|678|93|NA|01082018|5|12072018|NA|2|M|NA|NA|NA|NA|NA|NA|560874
1|2|11042018|1025|814|140047|12041998|419|2|5|1|NA|NA|NA|622020|140047|1|2019558|NA|130260|NA|NA|NA|NA|NA|NA|NA|NA|NA|NA|NA|NA|NA|4|2|1|1|NA|NA|2|*R571|*O721|NA|NA|*B54X|O721|NA|9496|NA|11042018|NA|NA|NA|20190023|S|19042018|O622|16042018|5|S|S|3.2.00|3.2|3|03062019|R571/O721*B54|19042018|NA|NA|NA|0|1|418|51|NA|01062018|5|01062018|NA|1|M|NA|NA|NA|NA|NA|NA|560875
1|2|11042018|1540|813|130260|18091998|419|2|4|1|5|4|NA|999991|130260|1|2019558|NA|130260|NA|NA|NA|NA|NA|NA|NA|NA|NA|NA|NA|NA|NA|4|2|1|1|NA|NA|2|*O152*N390*A419|NA|NA|NA|NA|O152|NA|9864|NA|11042018|NA|NA|NA|20200008|S|12072018|O150|16042018|1|S|S|3.2.00|3.2|8|17022020|O152 N390 A419|19042018|NA|NA|07|0|1|677|92|NA|24072018|5|12072018|NA|1|M|NA|NA|NA|NA|NA|NA|560876
1|2|22042018|1230|813|130400|08021987|431|2|4|5|4|3|3|999992|130260|1|2012758|NA|130260|NA|NA|NA|NA|NA|NA|NA|NA|NA|NA|NA|NA|NA|4|2|1|1|NA|NA|2|*A419|*J159|*O995|NA|NA|O995|NA|4517|NA|22042018|NA|NA|NA|20180032|S|26062018|O995|07052018|1|S|S|3.2.00|3.2|8|17082018|A419/J159/O995|07052018|NA|NA|06|0|1|117|65|NA|15082018|5|26062018|NA|2|M|NA|NA|NA|NA|NA|NA|560944
1|2|06052018|1805|813|130260|22122003|414|2|4|1|4|2|8|999991|130260|1|3151794|NA|130260|NA|NA|NA|NA|NA|NA|NA|NA|NA|NA|NA|NA|NA|4|2|1|1|NA|NA|2|*R571|NA|NA|*O459|*Y049|O459|NA|4995|NA|06052018|NA|NA|NA|20200008|S|21052018|O459|29052018|2|S|S|3.2.00|3.2|3|17022020|R571/ / /O459*Y049|08062018|NA|NA|04|0|1|652|15|NA|03062019|5|21052018|NA|3|M|NA|NA|NA|NA|NA|NA|561771
1|2|09052018|2001|813|130060|08071983|434|2|4|1|5|5|NA|223505|130260|1|7564546|NA|130260|NA|NA|NA|NA|NA|NA|NA|NA|NA|NA|NA|NA|NA|4|2|1|1|NA|NA|2|*A419|NA|*O881|*O721|*O911|O721|NA|9986|NA|09052018|NA|NA|NA|20200008|S|26072018|O864|15052018|1|S|S|3.2.00|3.2|8|17022020|A419/ /O881/O721*O911|18052018|NA|NA|08|0|1|649|78|NA|28052019|5|26072018|NA|3|M|NA|NA|NA|NA|NA|NA|561915
1|2|27052018|2152|813|130260|12081991|426|2|4|5|4|3|1|999992|130260|1|3151794|NA|130260|NA|NA|NA|NA|NA|NA|NA|NA|NA|NA|NA|NA|NA|3|1|3|1|NA|NA|2|*A419|NA|NA|*O021|*B24X|O021|NA|2990|NA|28052018|NA|NA|NA|20190018|S|10092018|O065|12062018|5|S|S|3.2.00|3.2|8|26042019|A419/ / /O021*B24|15062018|NA|NA|05|0|1|334|106|NA|17092018|3|10092018|NA|2|M|NA|NA|NA|NA|NA|NA|562094
1|2|19042018|0930|813|130390|05031986|432|2|4|1|4|3|3|622020|130390|1|2018128|NA|130390|NA|NA|NA|NA|NA|NA|NA|NA|NA|NA|NA|NA|NA|1|1|3|1|NA|NA|2|*O159|NA|NA|NA|NA|O159|NA|3183|NA|19042018|NA|NA|NA|20190011|N|NA|O159|10052018|1|S|S|3.2.00|3.2|NA|15042019|O159|24052018|NA|NA|06|0|1|361|126|NA|23082018|4|23082018|NA|1|M|NA|NA|NA|NA|NA|NA|562975
1|2|06032018|0755|813|130330|01091994|423|2|4|5|4|3|3|999992|130330|1|2019604|NA|130330|NA|NA|NA|NA|NA|NA|NA|NA|NA|NA|NA|NA|NA|2|1|3|1|NA|NA|NA|*O751|*O234|NA|NA|NA|O234|NA|2758|NA|06032018|NA|NA|NA|20180014|S|23052018|N390|12042018|1|S|S|3.2.00|3.2|2|04072018|O751/O234|12042018|NA|NA|06|0|1|120|78|NA|23052018|4|23052018|NA|1|M|NA|NA|NA|NA|NA|NA|563018
1|2|20042018|2045|813|130290|25081980|437|2|1|2|4|3|3|999992|130290|1|2018144|NA|130290|NA|NA|NA|NA|NA|NA|NA|NA|NA|NA|NA|NA|NA|1|1|3|1|NA|NA|2|*R092|*R000|*O994|NA|NA|O994|NA|5217|NA|20042018|NA|NA|NA|20180020|NA|NA|O994|12062018|5|S|S|3.2.00|3.2|NA|12062018|R092/R000/O994|12062018|NA|NA|06|0|1|053|32|NA|22052018|1|22052018|NA|1|M|NA|NA|NA|NA|NA|NA|563460
1|2|26052018|1148|813|130406|13102001|416|2|4|1|3|2|NA|999991|130406|1|2016125|NA|130406|NA|NA|NA|NA|NA|NA|NA|NA|NA|NA|NA|NA|NA|3|1|3|1|NA|NA|2|*R578|*A419|*O069|NA|NA|O069|NA|10013|NA|26052018|NA|NA|NA|20180033|S|05062018|O069|07062018|5|S|S|3.2.00|3.2|2|23072018|R578/A419/O069|07062018|NA|NA|11|0|1|058|33|NA|05072018|2|28062018|NA|1|M|NA|NA|NA|NA|NA|NA|563672
1|2|21062018|0656|813|130260|13041991|427|2|4|NA|4|3|3|354705|130260|1|3151794|NA|130260|NA|NA|NA|NA|NA|NA|NA|NA|NA|NA|NA|NA|NA|4|2|1|1|NA|NA|2|*J960|NA|*J690|*O993|*F209*G409|O993|NA|1360|NA|21062018|NA|NA|NA|20180039|S|05102018|O996|29062018|5|S|S|3.2.00|3.2|8|11102018|J960/ /J690/O993*F209 G409|05072018|NA|NA|06|0|1|112|106|NA|11102018|5|05102018|NA|2|M|NA|NA|NA|NA|NA|NA|564288
1|2|25062018|0915|813|130260|26071998|419|2|4|1|3|2|NA|999992|130260|1|2019574|NA|130260|NA|NA|NA|NA|NA|NA|NA|NA|NA|NA|NA|NA|NA|4|2|1|1|NA|NA|2|*I615|NA|*O152|*O13X|NA|O152|NA|5275|NA|25062018|NA|NA|NA|20200008|S|16102018|O13|05072018|1|S|S|3.2.00|3.2|8|17022020|I615/ /O152/O13|05072018|NA|NA|11|0|1|602|113|NA|24052019|5|16102018|NA|2|M|NA|NA|NA|NA|NA|NA|564369
1|2|06062018|1430|835|355030|27121997|420|2|1|1|4|3|3|999991|130260|1|9115153|NA|130260|NA|NA|NA|NA|NA|NA|NA|NA|NA|NA|NA|NA|NA|1|1|3|1|NA|NA|2|*O080|NA|*O082|*O021|NA|O021|NA|5540|NA|06062018|NA|NA|NA|20180038|S|01102018|O062|19062018|1|S|S|3.2.00|3.2|8|05102018|O080/ /O082/O021|21062018|NA|NA|06|0|1|121|117|NA|01102018|1|01102018|NA|2|M|NA|NA|NA|NA|NA|NA|564501
1|2|29062018|1100|813|130260|23081997|420|2|4|2|4|3|3|999992|130010|1|2013606|NA|130260|NA|NA|NA|NA|NA|NA|NA|NA|NA|NA|NA|NA|NA|4|2|1|1|NA|NA|2|*A419|NA|NA|*B24X|NA|B201|NA|3424|NA|29062018|NA|NA|NA|20180039|S|03102018|B207|12072018|2|S|S|3.2.00|3.2|8|11102018|A419/ / /B24|13072018|NA|NA|06|0|1|104|194|NA|09012019|3|09012019|NA|1|M|NA|NA|NA|NA|NA|NA|564728
1|2|14072018|1438|813|130260|22051984|434|2|4|2|5|5|NA|516120|130250|1|2013606|NA|130260|NA|NA|NA|NA|NA|NA|NA|NA|NA|NA|NA|NA|NA|4|2|1|1|NA|NA|2|*R092|*J960|*B390|*B24X|NA|B205|NA|9484|NA|14072018|NA|NA|NA|20180049|S|19082018|B205|01082018|5|S|S|3.2.00|3.2|2|21122018|R092/J960/B390/B24|06082018|NA|NA|08|0|1|160|36|NA|30112018|5|19082018|NA|1|M|NA|NA|NA|NA|NA|NA|565120
1|2|21072018|1430|813|130260|28061978|440|2|1|2|4|3|3|999992|130260|1|2019574|NA|130260|NA|NA|NA|NA|NA|NA|NA|NA|NA|NA|NA|NA|NA|4|2|1|1|NA|NA|2|*A419|NA|NA|*O994*I678|*E870|O994|NA|2384|NA|21072018|NA|NA|NA|20180040|S|28092018|O994|01082018|2|S|S|3.2.00|3.2|8|18102018|A419/ / /O994 I678*E870|06082018|NA|NA|06|0|1|089|69|NA|16102018|5|28092018|NA|2|M|NA|NA|NA|NA|NA|NA|565283
1|2|30062018|2030|813|130260|28091997|420|2|1|1|5|4|NA|999991|130260|1|7564546|NA|130260|NA|NA|NA|NA|NA|NA|NA|NA|NA|NA|NA|NA|NA|1|1|3|1|NA|NA|2|*A419|NA|NA|*O230|NA|O230|NA|9981|NA|30062018|NA|NA|NA|20180038|S|01102018|N390|12072018|1|S|S|3.2.00|3.2|8|05102018|A419/ / /O230|13072018|NA|NA|07|0|1|097|93|NA|01102018|1|01102018|NA|2|M|NA|NA|NA|NA|NA|NA|565301
1|2|28072018|1505|813|130260|12031999|419|2|1|1|3|2|NA|999991|130260|1|2013649|NA|130260|NA|NA|NA|NA|NA|NA|NA|NA|NA|NA|NA|NA|NA|4|2|1|1|NA|NA|2|*I500|*I270|*J159|*O985*B059|*O058|O985|NA|412|NA|28072018|NA|NA|NA|20180040|S|10092018|J42|07082018|1|S|S|3.2.00|3.2|8|18102018|I500/I270/J159/O985 B059*O058|10082018|NA|NA|11|0|1|082|44|NA|21092018|3|10092018|NA|2|M|NA|NA|NA|NA|NA|NA|566035
1|2|20082018|2100|813|130260|21041976|442|2|4|1|2|1|1|999992|130260|1|2019574|NA|130260|NA|NA|NA|NA|NA|NA|NA|NA|NA|NA|NA|NA|NA|4|2|1|1|NA|NA|2|*I610|NA|NA|*O100|*N179|O100|NA|7029|NA|20082018|NA|NA|NA|20200008|S|22082018|I619|27082018|1|S|S|3.2.00|3.2|8|17022020|I610/ / /O100*N179|31082018|NA|NA|01|0|1|546|99|NA|04122018|5|27112018|NA|2|M|NA|NA|NA|NA|NA|NA|566172
1|2|30042018|0312|813|130340|07071977|440|2|4|5|4|3|2|999992|130260|1|3210243|NA|130340|NA|NA|NA|NA|NA|NA|NA|NA|NA|NA|NA|NA|NA|4|2|1|1|NA|NA|2|*A419|*J960|*O862|NA|NA|O862|NA|9254|NA|30042018|NA|NA|NA|20180031|NA|NA|O862|26062018|1|S|S|3.2.00|3.2|NA|04102018|A419/J960/O862|03072018|NA|NA|05|0|1|157|179|NA|29102018|5|26102018|NA|3|M|NA|NA|NA|NA|NA|NA|566428
1|2|26082018|0800|813|130350|18101987|430|2|4|1|1|0|NA|612005|130350|3|NA|NA|130350|NA|NA|NA|NA|NA|NA|NA|NA|NA|NA|NA|NA|NA|2|1|3|2|NA|NA|2|*R092|*O751|*O721|*O720|NA|O720|NA|1648|NA|03092018|NA|NA|NA|20180024|N|NA|O720|28092018|NA|S|S|3.2.00|3.2|NA|28092018|R092/O751/O721/O720|28092018|NA|NA|00|0|1|033|194|NA|11032019|4|08032019|NA|2|M|NA|NA|NA|NA|NA|NA|567029
1|2|08072018|2314|813|130100|07041985|433|2|1|1|3|2|5|999992|130100|1|2017555|NA|130100|NA|NA|NA|NA|NA|NA|NA|NA|NA|NA|NA|NA|NA|4|2|1|1|NA|NA|2|*O751|*O679|NA|NA|*I862|O679|NA|8927|NA|09072018|NA|NA|NA|20190003|S|16082018|O679|19072018|2|S|S|3.2.00|3.2|8|07022019|O751/O679*I862|19072018|NA|NA|03|0|1|214|39|NA|06022019|5|16082018|NA|3|M|NA|NA|NA|NA|NA|NA|567080
1|2|09072018|0337|NA|NA|22051998|420|2|4|1|NA|NA|NA|622020|130090|1|2016419|NA|130090|NA|NA|NA|NA|NA|NA|NA|NA|NA|NA|NA|NA|NA|4|2|1|1|NA|NA|2|*R961|*D508|*O85X|NA|NA|O85|NA|8151|NA|09072018|NA|NA|NA|20190035|S|23082018|O85|20072018|1|S|S|3.2.00|3.2|3|19112019|R961/D508/O85|20072018|NA|NA|NA|0|1|498|45|NA|18102019|5|23082018|NA|1|M|NA|NA|NA|NA|NA|NA|567305
1|2|14082018|0737|813|130260|20081989|428|2|4|1|3|2|NA|354705|130260|1|2019574|NA|130260|NA|NA|NA|NA|NA|NA|NA|NA|NA|NA|NA|NA|NA|1|1|3|1|NA|NA|2|*I270|NA|NA|*O994|NA|O994|NA|7738|NA|14082018|NA|NA|NA|20180045|S|14112018|O994|23082018|1|S|S|3.2.00|3.2|8|26112018|I270/ / /O994|24082018|NA|NA|11|0|1|104|92|NA|23112018|1|14112018|NA|1|M|NA|NA|NA|NA|NA|NA|567353
1|2|21082018|0135|815|150680|12121984|433|2|4|1|2|1|2|999994|130260|1|2019574|NA|130260|NA|NA|NA|NA|NA|NA|NA|NA|NA|NA|NA|NA|NA|4|2|1|1|NA|NA|2|*I620|*I678|*J180|*O994*W189|NA|O994|NA|7029|NA|21082018|NA|NA|NA|20200008|S|27112018|O994|23082018|1|S|S|3.2.00|3.2|8|17022020|I620/I678/J180/O994 W189|24082018|NA|NA|01|0|1|545|98|NA|30112018|5|27112018|NA|2|M|NA|NA|NA|NA|NA|NA|567355
1|2|10082018|1330|813|130260|29081985|432|2|4|2|3|2|NA|999992|130260|1|5169976|NA|130260|NA|NA|NA|NA|NA|NA|NA|NA|NA|NA|NA|NA|NA|4|2|1|1|NA|NA|2|*O998*C950*J159*A419|NA|NA|NA|NA|O998|NA|3952|NA|10082018|NA|NA|NA|20180045|S|13112018|O998|16082018|1|S|S|3.2.00|3.2|8|26112018|O998 C950 J159 A419|17082018|NA|NA|11|0|1|108|95|NA|23112018|5|13112018|NA|1|M|NA|NA|NA|NA|NA|NA|567439
1|2|31082018|0055|813|130260|26091995|422|2|4|1|4|3|NA|999992|130260|1|2019558|NA|130260|NA|NA|NA|NA|NA|NA|NA|NA|NA|NA|NA|NA|NA|3|1|3|1|NA|NA|2|*A419|NA|NA|*O050|NA|O050|NA|7840|NA|31082018|NA|NA|NA|20180042|S|26102018|O050|26092018|1|S|S|3.2.00|3.2|8|31102018|A419/ / /O050|01102018|NA|NA|12|0|1|061|56|NA|29102018|2|26102018|NA|1|M|NA|NA|NA|NA|NA|NA|567574
1|2|01092018|1045|815|150480|04061986|432|2|4|1|4|2|8|999992|150480|1|2019558|NA|130260|NA|NA|NA|NA|NA|NA|NA|NA|NA|NA|NA|NA|NA|4|2|1|1|NA|NA|NA|*R571|NA|*O621|*O450|NA|O450|NA|5473|NA|01092018|NA|NA|NA|20180046|S|13112018|O723|21092018|2|S|S|3.2.00|3.2|8|05122018|R571/ /O621/O450|01102018|NA|NA|04|0|1|095|73|NA|29112018|5|13112018|NA|2|M|NA|NA|NA|NA|NA|NA|567575
1|2|12092018|0618|813|130020|20101988|429|2|5|1|2|1|NA|622005|130020|1|2016125|NA|130406|NA|NA|NA|NA|NA|NA|NA|NA|NA|NA|NA|NA|NA|4|2|1|1|NA|NA|2|*K720|*O904|NA|NA|NA|O904|NA|10013|NA|12092018|NA|NA|NA|20190030|NA|NA|O904|10102018|5|S|S|3.2.00|3.2|NA|02102019|K720/O904|16102018|NA|NA|10|0|1|385|NA|NA|NA|NA|NA|NA|NA|NA|NA|NA|NA|NA|NA|NA|567783
1|2|21072018|1400|813|130290|12121984|433|2|1|1|3|2|7|612005|130290|3|NA|NA|130290|NA|NA|NA|NA|NA|NA|NA|NA|NA|NA|NA|NA|NA|1|1|3|2|NA|NA|2|*O95X|NA|NA|NA|NA|O95|NA|NA|NA|NA|NA|NA|NA|20180028|NA|NA|O95|06082018|NA|S|S|3.2.00|3.2|NA|06082018|O95|06082018|NA|NA|03|0|1|016|20|NA|10082018|1|10082018|NA|1|M|NA|NA|NA|NA|NA|NA|567850
1|2|02092018|0600|813|130290|18081990|428|2|4|2|4|3|NA|999992|130068|1|3151794|NA|130260|NA|NA|NA|NA|NA|NA|NA|NA|NA|NA|NA|NA|NA|4|2|1|1|NA|NA|2|*R578|*O904|NA|*O723|*O822|O723|NA|2504|NA|02092018|NA|NA|NA|20190040|S|15112018|O723|21092018|5|S|S|3.2.00|3.2|8|17092019|R578/O904/ /O723*O822|01102018|NA|NA|12|0|1|380|74|NA|15112018|5|15112018|NA|1|M|NA|NA|NA|NA|NA|NA|568499
1|2|16092018|2210|813|130260|23071981|437|2|2|4|2|1|NA|512105|130260|1|3151794|NA|130260|NA|NA|NA|NA|NA|NA|NA|NA|NA|NA|NA|NA|NA|4|2|1|1|NA|NA|2|NA|*K650|*T811|*O720*Y836|*O822|O722|NA|3159|NA|16092018|NA|NA|NA|20200008|S|26102018|O864|26092018|2|S|S|3.2.00|3.2|8|17022020|/K650/T811/O720 Y836*O822|01102018|NA|NA|10|0|1|519|40|NA|29102018|5|26102018|NA|2|M|NA|NA|NA|NA|NA|NA|568810
1|2|28102018|0308|813|130380|25011986|432|2|5|1|4|3|1|612005|130380|1|4004787|NA|130380|NA|NA|NA|NA|NA|NA|NA|NA|NA|NA|NA|NA|NA|4|2|1|1|NA|NA|2|*O751|*O152|*C798|*C509|NA|O152|NA|9644|NA|28102018|NA|NA|NA|20200008|S|01032019|O150|09112018|5|S|S|3.2.00|3.2|2|19022020|O751/O152/C798/C509|19112018|NA|NA|05|0|1|479|155|NA|01042019|5|01042019|NA|1|M|NA|NA|NA|NA|NA|NA|569464
1|2|20092018|2150|813|130120|27111990|427|2|4|5|4|3|3|999992|130120|1|2018136|NA|130120|NA|NA|NA|NA|NA|NA|NA|NA|NA|NA|NA|NA|NA|4|2|1|1|NA|NA|2|*O722|*O85X|NA|NA|NA|O85|NA|21092018|NA|21092018|NA|NA|NA|20180038|NA|NA|O85|03102018|1|S|S|3.2.00|3.2|NA|03102018|O722/O85|03102018|NA|NA|06|0|1|013|11|NA|08102018|5|01102018|NA|1|M|NA|NA|NA|NA|NA|NA|569484
1|2|25092018|0515|813|130050|23111980|437|2|5|1|1|0|NA|612005|130290|1|2018144|NA|130290|NA|NA|NA|NA|NA|NA|NA|NA|NA|NA|NA|NA|NA|1|1|3|2|NA|NA|2|*A412|*O989|NA|NA|NA|O989|NA|6117|NA|25092018|NA|NA|NA|20200005|NA|NA|O989|16102018|5|S|S|3.2.00|3.2|NA|14022020|A412/O989|16102018|NA|NA|00|0|1|507|23|NA|18102018|1|18102018|NA|1|M|NA|NA|NA|NA|NA|NA|569570
1|2|08102018|0640|813|130290|16091984|434|2|4|NA|5|4|NA|999991|130260|3|NA|NA|130260|NA|NA|NA|NA|NA|NA|NA|NA|NA|NA|NA|NA|NA|4|2|1|1|NA|NA|2|*I219|NA|NA|*O100|NA|O100|NA|3432|NA|08102018|NA|NA|NA|20190003|S|09012019|O100|23102018|5|S|S|3.2.00|3.2|8|18012019|I219/ / /O100|25102018|NA|NA|07|0|1|102|93|NA|15012019|5|09012019|NA|2|M|NA|NA|NA|NA|NA|NA|570254
1|2|26102018|1435|813|130270|29051977|441|2|4|1|4|3|NA|NA|130260|1|2013606|NA|130260|NA|NA|NA|NA|NA|NA|NA|NA|NA|NA|NA|NA|NA|3|1|3|1|NA|NA|2|*A419|*J188|*O068|*B24X|*B588|B207|NA|4113|NA|26102018|NA|NA|NA|20190005|S|11012019|O068|14112018|2|S|S|3.2.00|3.2|8|31012019|A419/J188/O068/B24*B588|26112018|NA|NA|12|0|1|097|77|NA|24012019|3|11012019|NA|1|M|NA|NA|NA|NA|NA|NA|570539
1|2|24102018|1000|813|130260|16091977|441|2|1|1|4|3|NA|512105|130260|1|2013649|NA|130260|NA|NA|NA|NA|NA|NA|NA|NA|NA|NA|NA|NA|NA|4|2|1|1|NA|NA|2|*K922|*A419|NA|*O85X|NA|O85|NA|5201|NA|24102018|NA|NA|NA|20180047|S|04122018|O711|30102018|2|S|S|3.2.00|3.2|8|07122018|K922/A419/ /O85|31102018|NA|NA|12|0|1|044|41|NA|04122018|5|04122018|NA|2|M|NA|NA|NA|NA|NA|NA|570766
1|2|06112018|1410|813|130260|08022001|417|2|4|1|4|3|NA|999991|130260|1|2019558|NA|130260|NA|NA|NA|NA|NA|NA|NA|NA|NA|NA|NA|NA|NA|4|2|1|1|NA|NA|1|*A419|NA|NA|*O863|NA|O863|NA|5623|130260|06112018|NA|NA|NA|20190053|S|11012019|O863|29112018|3|S|S|3.2.00|3.2|8|11122019|A419/ / /O863|05122018|NA|NA|12|0|1|400|66|NA|11122019|5|11012019|NA|2|M|NA|NA|NA|NA|NA|NA|571126
1|2|15112018|1845|813|130070|09031973|445|2|4|1|2|1|NA|999992|130260|1|2019574|NA|130260|NA|NA|NA|NA|NA|NA|NA|NA|NA|NA|NA|NA|NA|4|2|1|1|NA|NA|2|*A418|*L022|*J188|*O995|*O829*Q675*J449*N179|O995|NA|1810|NA|15112018|NA|NA|NA|20190010|S|25022019|O995|29112018|5|S|S|3.2.00|3.2|8|01032019|A418/L022/J188/O995*O829 Q675 J449 N179|05122018|NA|NA|10|0|1|106|102|NA|27022019|5|25022019|NA|1|M|NA|NA|NA|NA|NA|NA|571216
1|2|20112018|0810|813|130340|10101992|426|2|1|1|5|4|NA|999991|130340|1|2019558|NA|130260|NA|NA|NA|NA|NA|NA|NA|NA|NA|NA|NA|NA|NA|4|2|1|1|NA|NA|2|*O998*M311*N179*E872|NA|NA|NA|*K661*D689|O998|NA|4747|NA|20112018|NA|NA|NA|20190040|S|29032019|O998|11122018|5|S|S|3.2.00|3.2|8|17092019|O998 M311 N179 E872*K661 D689|14122018|NA|NA|07|0|1|301|129|NA|29032019|5|29032019|NA|1|M|NA|NA|NA|NA|NA|NA|571538
1|2|04122018|0900|813|130360|28101977|441|2|4|1|4|3|3|999992|130260|1|3151794|NA|130260|NA|NA|NA|NA|NA|NA|NA|NA|NA|NA|NA|NA|NA|4|2|1|1|NA|NA|2|*R688|*E872|*R571|*O038|*E875*Y834|O038|NA|4995|NA|04122018|NA|NA|NA|20190025|S|29032019|O038|11122018|2|S|S|3.2.00|3.2|8|14062019|R688/E872/R571/O038*E875 Y834|14122018|NA|NA|06|0|1|192|115|NA|07062019|5|29032019|NA|1|M|NA|NA|NA|NA|NA|NA|571647
1|2|07102018|0530|813|130290|11071977|441|2|4|1|3|1|4|612005|130290|1|2018144|NA|130290|NA|NA|NA|NA|NA|NA|NA|NA|NA|NA|NA|NA|NA|1|1|3|1|NA|NA|2|*I219|*R092|*O458|*O159|NA|O159|NA|1724|NA|07102018|NA|NA|NA|20180038|NA|NA|O159|16102018|1|S|S|3.2.00|3.2|NA|14122018|I219/R092/O458/O159|16102018|NA|NA|02|0|1|068|11|NA|18102018|1|18102018|NA|1|M|NA|NA|NA|NA|NA|NA|571699
1|2|19112018|1530|813|130250|04022001|417|2|4|1|2|1|2|999992|130250|1|2013258|NA|130250|NA|NA|NA|NA|NA|NA|NA|NA|NA|NA|NA|NA|NA|1|1|3|1|NA|NA|2|*O751|*O994|NA|NA|NA|O994|NA|4589|NA|19112018|NA|NA|NA|20190011|S|28022019|O994|26112018|5|S|S|3.2.00|3.2|2|06062019|O751/O994|30112018|NA|NA|01|0|1|199|16|NA|07122018|4|05122018|NA|1|M|NA|NA|NA|NA|NA|NA|571767
1|2|20092018|0451|813|130330|01051985|433|2|4|5|4|3|3|611005|130330|1|2019604|NA|130330|NA|NA|NA|NA|NA|NA|NA|NA|NA|NA|NA|NA|NA|2|1|3|1|NA|NA|NA|*O721|*O751|NA|NA|NA|O751|NA|10782|NA|20092018|NA|NA|NA|20180032|S|22112018|O751|02102018|1|S|S|3.2.00|3.2|3|22112018|O721/O751|02102018|NA|NA|06|0|1|063|63|NA|22112018|4|22112018|NA|1|M|NA|NA|NA|NA|NA|NA|571844
1|2|30082018|2130|813|130330|10071995|423|2|4|5|4|3|3|611005|130330|1|2019604|NA|130330|NA|NA|NA|NA|NA|NA|NA|NA|NA|NA|NA|NA|NA|2|1|3|1|NA|NA|NA|*R688|*R092|*O751|*O721|*O159|O721|NA|6408|NA|30082018|NA|NA|NA|20190013|S|22112018|O721|02102018|1|S|S|3.2.00|3.2|3|03052019|R688/R092/O751/O721*O159|02102018|NA|NA|06|0|1|246|84|NA|22112018|4|22112018|NA|1|M|NA|NA|NA|NA|NA|NA|571845
1|2|25102018|1940|813|130330|07091984|434|2|4|2|4|3|3|999992|130330|1|2019604|NA|130330|NA|NA|NA|NA|NA|NA|NA|NA|NA|NA|NA|NA|NA|2|1|3|1|NA|NA|NA|*R688|*R092|NA|NA|*O13X|O13|NA|6408|NA|25102018|NA|NA|NA|20180032|S|21112018|O13|12112018|1|S|S|3.2.00|3.2|2|22112018|R688/R092*O13|13112018|NA|NA|06|0|1|028|27|NA|22112018|4|21112018|NA|1|M|NA|NA|NA|NA|NA|NA|571849
1|2|05112018|0145|813|130406|01031999|419|2|5|9|4|2|8|622005|130406|1|2016125|NA|130406|NA|NA|NA|NA|NA|NA|NA|NA|NA|NA|NA|NA|NA|4|2|1|1|NA|NA|2|*J969|*O903|NA|NA|NA|O903|NA|8178|NA|05112018|NA|NA|NA|20190030|S|19112018|I429|23112018|5|S|S|3.2.00|3.2|3|02102019|J969/O903|26112018|NA|NA|04|0|1|331|14|NA|25072019|5|19112018|NA|1|M|NA|NA|NA|NA|NA|NA|571915
1|2|20122018|1300|813|130310|11122001|417|2|4|5|3|2|6|612005|130310|1|2011905|NA|130310|NA|NA|NA|NA|NA|NA|NA|NA|NA|NA|NA|NA|NA|2|1|3|1|NA|NA|2|*J969|*R578|*O159|NA|*O239|O159|NA|4509|NA|20122018|NA|NA|NA|20190022|S|20122018|O159|03012019|1|S|S|3.2.00|3.2|3|16052019|J969/R578/O159*O239|03012019|NA|NA|03|0|1|147|125|NA|14052019|4|24042019|NA|1|M|NA|NA|NA|NA|NA|NA|572173
1|2|06112018|0700|813|130120|27051996|422|2|4|5|NA|NA|NA|999992|130120|1|2018136|NA|130120|NA|NA|NA|NA|NA|NA|NA|NA|NA|NA|NA|NA|NA|4|2|1|1|NA|NA|2|*O990|NA|NA|NA|NA|O990|NA|8022|NA|06112018|NA|NA|NA|20190001|S|09012019|O990|21112018|1|S|S|3.2.00|3.2|3|10012019|O990|21112018|NA|NA|NA|0|1|065|36|NA|09012019|5|12122018|NA|1|M|NA|NA|NA|NA|NA|NA|572203
1|2|02122018|1240|813|130310|17011984|434|2|4|NA|4|3|NA|999992|130260|1|5169976|NA|130260|NA|NA|NA|NA|NA|NA|NA|NA|NA|NA|NA|NA|NA|1|1|3|1|NA|NA|2|*R571|*O009|NA|NA|NA|O009|NA|6049|NA|02122018|NA|NA|NA|20190012|S|18012019|O009|11122018|1|S|S|3.2.00|3.2|8|15032019|R571/O009|14122018|NA|NA|12|0|1|103|47|NA|11032019|1|18012019|NA|1|M|NA|NA|NA|NA|NA|NA|572413
1|2|22012018|2245|816|160030|14061997|420|2|4|1|4|3|NA|252305|160030|2|7709196|NA|160030|NA|NA|NA|NA|NA|NA|NA|NA|NA|NA|NA|NA|NA|1|1|3|1|NA|NA|1|*J81X|NA|NA|*O13X|NA|O13|NA|235|160030|23012018|NA|NA|NA|20190032|S|16052018|I500|09022018|3|S|S|3.2.02|3.2|3|02092019|J81/ / /O13|19022018|NA|NA|12|0|1|588|84|NA|17052018|1|16042018|NA|3|M|NA|NA|NA|NA|NA|NA|573234
1|2|05012018|1850|815|150553|12011986|431|2|4|NA|NA|NA|NA|631210|160055|1|2020068|NA|160030|NA|NA|NA|NA|NA|NA|NA|NA|NA|NA|NA|NA|NA|4|2|1|1|NA|NA|2|*R571|*Y836|*O459|NA|NA|O459|NA|1032|NA|05012018|NA|NA|NA|20190023|S|23042018|O890|15012018|5|S|S|3.2.02|3.2|8|15072019|R571/Y836/O459|07082018|NA|NA|NA|0|1|556|123|NA|08052018|5|08052018|NA|1|M|NA|NA|NA|NA|NA|NA|573334
1|2|10022018|0850|816|160030|20051983|434|2|4|1|1|0|NA|999992|160053|1|2020068|NA|160030|NA|NA|NA|NA|NA|NA|NA|NA|NA|NA|NA|NA|NA|4|2|1|1|NA|NA|2|*R571|*O459|NA|NA|NA|O459|NA|854|NA|10022018|NA|NA|NA|20180048|NA|NA|O459|09032018|1|S|S|3.2.00|3.2|NA|02012019|R571/O459|20032018|NA|NA|00|0|1|326|NA|NA|08082018|5|NA|NA|1|M|NA|NA|NA|NA|NA|NA|573542
1|2|06032018|1750|NA|NA|21071990|427|2|1|1|5|4|NA|999991|160030|1|2020068|NA|160030|NA|NA|NA|NA|NA|NA|NA|NA|NA|NA|NA|NA|NA|4|2|1|1|NA|NA|2|*A419|*I64X|*J189|*O995*B450|*A519|O995|NA|805|NA|06032018|NA|NA|NA|20190034|S|04052018|I64|28032018|1|S|S|3.2.02|3.2|8|27092019|A419/I64/J189/O995 B450*A519|02042018|NA|NA|07|0|1|570|62|NA|20092019|5|07052018|NA|2|M|NA|NA|NA|NA|NA|NA|573642
1|2|08032018|0840|816|160030|25061991|426|2|4|1|4|3|NA|999992|160030|1|2020068|NA|160030|NA|NA|NA|NA|NA|NA|NA|NA|NA|NA|NA|NA|NA|4|2|1|1|NA|NA|2|*O13X|*O101|NA|NA|*I509|O101|NA|854|NA|08032018|NA|NA|NA|20190034|S|05072019|I259|28032018|1|S|S|3.2.02|3.2|3|27092019|O13/O101*I509|02042018|NA|NA|12|0|1|568|484|NA|20092019|5|05072019|NA|3|M|NA|NA|NA|NA|NA|NA|573643
1|2|16032018|0450|NA|NA|22091988|429|2|4|5|3|2|NA|NA|160030|1|2020068|NA|160030|NA|NA|NA|NA|NA|NA|NA|NA|NA|NA|NA|NA|NA|4|2|1|1|NA|NA|2|*I509|*I340|*O101|NA|NA|O101|NA|484|NA|16032018|NA|NA|NA|20190017|S|19072018|I350|06042018|2|S|S|3.2.00|3.2|8|04062019|I509/I340/O101|23072018|NA|NA|11|0|1|445|123|NA|23052019|5|17072018|NA|2|M|NA|NA|NA|NA|NA|NA|573649
1|2|25032018|1825|835|350400|23111993|424|2|1|2|5|5|NA|231210|351000|1|2081083|NA|350400|NA|NA|NA|NA|NA|NA|NA|NA|NA|NA|NA|NA|NA|4|2|1|1|NA|NA|2|NA|*I64X|*O909|NA|NA|O909|NA|182364|NA|26032018|NA|NA|NA|20180029|S|29062018|O909|26032018|1|S|S|3.2.00|3.2|3|04072018|/I64/O909|28032018|NA|NA|08|0|1|101|226|NA|22112018|5|06112018|NA|1|M|NA|NA|NA|NA|NA|NA|574784
1|2|26032018|1505|829|291550|27031979|438|2|4|2|4|3|3|999992|352250|1|2078104|NA|352250|NA|NA|NA|NA|NA|NA|NA|NA|NA|NA|NA|NA|NA|4|2|1|1|NA|NA|2|*A419|*O998*M726|NA|NA|NA|O998|NA|124320|NA|26032018|NA|NA|NA|20180022|S|12042018|O998|21062018|2|S|S|3.2.00|3.2|1|29082018|A419/O998 M726|27062018|NA|NA|06|0|1|156|17|NA|21082018|5|12042018|NA|1|M|NA|NA|NA|NA|NA|NA|575185
1|2|17062018|2232|829|291840|04061974|444|2|4|5|3|2|7|999992|352250|1|2078104|NA|352250|NA|NA|NA|NA|NA|NA|NA|NA|NA|NA|NA|NA|NA|4|2|1|1|NA|NA|2|*I499|*I509|*O994*I420|NA|*O800*I10X|O994|NA|120130|NA|17062018|NA|NA|NA|20190029|S|26062018|I420|18062018|2|S|S|3.2.00|3.2|8|25092019|I499/I509/O994 I420*O800 I10|20062018|NA|NA|03|0|1|465|9|NA|10092019|5|26062018|NA|1|M|NA|NA|NA|NA|NA|NA|575333
1|2|29122018|2120|835|351060|22092000|418|2|1|1|4|3|NA|998999|352250|1|2078104|NA|352250|NA|NA|NA|NA|NA|NA|NA|NA|NA|NA|NA|NA|NA|4|2|1|1|NA|NA|2|*R578|*O879|*D65X|*O909|NA|O879|NA|55699|NA|29122018|NA|NA|NA|20190016|S|01032019|O879|02012019|2|S|S|3.2.00|3.2|1|03062019|R578/O879/D65/O909|16012019|NA|NA|12|0|1|156|62|NA|24052019|5|01032019|NA|1|M|NA|NA|NA|NA|NA|NA|575525
1|2|24042018|0042|822|220190|20111988|429|2|1|1|5|4|NA|142315|353440|1|0008028|NA|353440|NA|NA|NA|NA|NA|NA|NA|NA|NA|NA|NA|NA|NA|4|2|1|1|NA|NA|2|*A418*Y95X|*O141*K929*J989*O904|*R571|NA|NA|O149|NA|178876|NA|24042018|NA|NA|NA|20190023|NA|NA|K929|04052018|2|S|S|3.2.00|3.2|NA|15072019|A418 Y95/O141 K929 J989 O904/R571|09052018|NA|NA|07|0|1|447|31|NA|25102018|5|25052018|NA|2|M|NA|NA|NA|NA|NA|NA|577142
1|2|28042018|0449|835|353440|25081977|440|2|4|2|4|3|3|252515|353440|1|0008036|NA|353440|NA|NA|NA|NA|NA|NA|NA|NA|NA|NA|NA|NA|NA|1|1|3|2|NA|NA|2|*A419|*J189|*O141|NA|*E119*O829|O141|NA|144341|NA|28042018|NA|NA|NA|20190023|NA|NA|O141|16052018|1|S|S|3.2.00|3.2|NA|15072019|A419/J189/O141*E119 O829|30052018|NA|NA|06|0|1|443|171|NA|16102018|5|16102018|NA|3|M|NA|NA|NA|NA|NA|NA|577395
1|2|01022018|0830|835|351060|27011999|419|2|1|1|4|3|1|784205|351060|1|2079887|NA|353440|NA|NA|NA|NA|NA|NA|NA|NA|NA|NA|NA|NA|NA|4|2|1|1|NA|NA|1|*A419|*O85X|NA|NA|NA|O85|NA|101454|353440|01022018|NA|NA|NA|20190035|S|06082018|N739|02032018|3|S|S|3.2.00|3.2|8|25092019|A419/O85|07032018|NA|NA|05|0|1|601|186|NA|31102018|5|06082018|NA|2|M|NA|NA|NA|NA|NA|NA|577401
1|2|30012018|1845|831|316950|30061990|427|2|1|5|4|3|NA|421125|352260|1|2081091|NA|352260|NA|NA|NA|NA|NA|NA|NA|NA|NA|NA|NA|NA|NA|4|2|1|1|NA|NA|1|*O85X|*O862|NA|NA|NA|O85|NA|103714|353050|31012018|NA|NA|NA|20200001|S|05032019|O85|06022018|4|S|S|3.2.00|3.2|1|06012020|O85/O862|07022018|NA|NA|12|0|1|706|30|NA|06062018|5|01032018|NA|1|M|NA|NA|NA|NA|NA|NA|582405
1|2|27022018|1010|835|355030|14031978|439|2|1|2|4|3|NA|351115|351880|1|2089777|NA|355030|NA|NA|NA|NA|NA|NA|NA|NA|NA|NA|NA|NA|NA|4|2|1|1|NA|NA|2|*R688|*R100|*O998*C169|NA|NA|O998|NA|81769|NA|27022018|NA|NA|NA|20180010|NA|NA|O998|09032018|2|S|S|3.2.01|3.2|NA|13032018|R688/R100/O998 C169|13032018|NA|NA|12|0|1|014|69|NA|26062018|5|07052018|NA|1|M|NA|NA|NA|NA|NA|NA|583309
1|2|10012018|NA|109|NA|22041981|436|2|2|2|4|3|NA|763210|355030|1|2688689|NA|355030|NA|NA|NA|NA|NA|NA|NA|NA|NA|NA|NA|NA|NA|5|2|2|1|NA|NA|1|*R688|*O903|NA|NA|NA|O903|NA|76020|355030|11012018|NA|NA|NA|20200006|S|14022018|I420|16012018|3|S|S|3.2.01|3.2|1|12022020|R688/O903|24012018|NA|NA|12|0|1|763|337|NA|14122018|6|13122018|NA|1|M|NA|NA|NA|NA|NA|NA|583405
1|2|05022018|NA|835|354880|10021991|426|2|2|1|3|2|NA|514210|355030|1|2040727|NA|355030|NA|NA|NA|NA|NA|NA|NA|NA|NA|NA|NA|NA|NA|1|1|3|9|NA|NA|1|*O882|NA|NA|NA|NA|O882|NA|106388|355030|05022018|NA|NA|NA|20200006|S|04022019|O882|09022018|3|S|S|3.2.01|3.2|1|12022020|O882|15022018|NA|NA|11|0|1|737|364|NA|02042019|1|04022019|NA|1|M|NA|NA|NA|NA|NA|NA|584870
1|2|12022018|NA|835|355030|19061997|420|2|1|1|4|3|NA|998999|355030|1|2077493|NA|355030|NA|NA|NA|NA|NA|NA|NA|NA|NA|NA|NA|NA|NA|1|1|3|1|NA|NA|1|*R58X|*O001|NA|NA|NA|O001|NA|106388|NA|12022018|NA|NA|NA|20200006|S|05062018|O001|16022018|3|S|S|3.2.01|3.2|1|12022020|R58/O001|21022018|NA|NA|12|0|1|730|113|NA|06062018|1|05062018|NA|1|M|NA|NA|NA|NA|NA|NA|584925
1|2|16022018|NA|829|291440|16051997|420|2|4|1|3|2|NA|513405|355030|1|2077450|NA|355030|NA|NA|NA|NA|NA|NA|NA|NA|NA|NA|NA|NA|NA|4|2|1|1|NA|NA|1|*O994*I319|*I710|NA|NA|NA|O994|NA|157473|355030|17022018|NA|NA|NA|20200007|S|30102018|I710|04042018|3|S|S|3.2.01|3.2|1|19022020|O994 I319/I710|05042018|NA|NA|11|0|1|733|255|NA|07032019|5|29102018|NA|1|M|NA|NA|NA|NA|NA|NA|588054
1|2|08042018|NA|831|315213|06121991|426|2|4|1|2|1|NA|512105|355030|1|2079127|NA|355030|NA|NA|NA|NA|NA|NA|NA|NA|NA|NA|NA|NA|NA|4|2|1|1|NA|NA|1|*O903|NA|NA|NA|NA|O903|NA|120289|355030|09042018|NA|NA|NA|20190010|S|08102018|R99|05062018|3|S|S|3.2.01|3.2|1|13032019|O903|13062018|NA|NA|10|0|1|339|183|NA|09102018|5|08102018|NA|1|M|NA|NA|NA|NA|NA|NA|588552
1|2|29012018|0830|835|355030|24031976|441|2|4|2|5|5|NA|241005|351880|1|2081628|NA|351880|NA|NA|NA|NA|NA|NA|NA|NA|NA|NA|NA|NA|NA|4|2|1|NA|NA|NA|NA|*A419|*O994*I330|NA|NA|*Y838*Y831|O994|NA|114031|NA|29012018|NA|NA|NA|20180012|S|14032018|O994|05022018|1|S|S|3.2.00|3.2|1|21032018|A419/O994 I330*Y838 Y831|07022018|NA|NA|08|0|1|051|44|NA|19032018|5|14032018|NA|1|M|NA|NA|NA|NA|NA|NA|592027
1|2|27012018|0140|835|354340|09061997|420|2|4|5|3|2|NA|999992|350560|1|2084171|NA|355170|NA|NA|NA|NA|NA|NA|NA|NA|NA|NA|NA|NA|NA|1|1|3|1|NA|NA|2|*O994|*I278|*Q210|NA|NA|O994|NA|162190|NA|27012018|NA|NA|NA|20180021|S|25042018|Q210|30012018|1|S|S|3.2.00|2.2|1|11072018|O994/I278/Q210|31012018|NA|NA|11|0|1|165|6|NA|23082018|1|02022018|NA|1|M|NA|NA|NA|NA|NA|NA|592791
1|2|08032018|0655|835|352150|25061978|439|2|4|2|5|5|NA|NA|353550|1|2082519|NA|353550|NA|NA|NA|NA|NA|NA|NA|NA|NA|NA|NA|NA|NA|NA|NA|NA|1|NA|NA|2|*R58X|*D65X|*O721|*O441|NA|O441|NA|108130|NA|08032018|NA|NA|NA|20180007|NA|NA|O441|15032018|NA|S|S|3.2.00|3.2|NA|19032018|R58/D65/O721/O441|19032018|NA|NA|08|0|1|011|56|NA|03052018|5|03052018|NA|1|M|NA|NA|NA|NA|NA|NA|594500
1|2|28052018|0930|835|353470|27121997|420|2|4|2|4|3|3|999991|351015|5|NA|NA|353470|NA|NA|NA|NA|NA|NA|NA|NA|NA|NA|NA|NA|NA|4|2|1|2|NA|NA|1|*J969|*O882|NA|NA|NA|O882|NA|145563|353470|28052018|NA|NA|NA|20180017|N|NA|O882|13082018|3|S|S|3.2.00|3.2|NA|15082018|J969/O882|15082018|NA|NA|06|0|1|079|NA|NA|NA|NA|NA|NA|NA|NA|NA|NA|NA|NA|NA|NA|594775
1|2|18032018|2245|835|352720|05061985|432|2|2|5|3|1|4|NA|352720|1|2087111|NA|352720|NA|NA|NA|NA|NA|NA|NA|NA|NA|NA|NA|NA|NA|4|2|1|1|NA|NA|2|*R571|*O150|*O141|NA|NA|O150|NA|193216|NA|18032018|NA|NA|NA|20180015|NA|NA|O150|20032018|NA|S|S|3.2.00|3.2|NA|20062018|R571/O150/O141|28032018|NA|NA|02|0|1|094|57|NA|15052018|5|14052018|NA|1|M|NA|NA|NA|NA|NA|NA|595624
1|2|03032018|0230|835|351360|05111980|437|2|1|2|4|3|3|322230|353800|1|2749319|NA|355410|NA|NA|NA|NA|NA|NA|NA|NA|NA|NA|NA|NA|NA|4|2|1|1|NA|NA|1|*O882|NA|NA|NA|NA|O882|NA|164803|355410|03032018|NA|NA|NA|20180026|S|24042018|O882|06032018|3|S|S|3.2.00|3.2|8|13062018|O882|07032018|NA|NA|06|0|1|102|165|NA|24082018|5|15082018|NA|1|M|NA|NA|NA|NA|NA|NA|596811
1|2|02032018|0626|835|355030|28061990|427|2|1|2|4|3|3|513405|354860|1|2079453|NA|350970|NA|NA|NA|NA|NA|NA|NA|NA|NA|NA|NA|NA|NA|1|1|3|1|NA|NA|1|*O469|*O16X|NA|NA|NA|O16|NA|143117|355410|02032018|NA|NA|NA|20180011|N|NA|O16|12032018|3|S|S|3.2.00|3.2|NA|19032018|O469/O16|19032018|NA|NA|06|0|1|017|NA|NA|NA|NA|NA|NA|NA|NA|NA|NA|NA|NA|NA|NA|597287
1|2|15012018|2152|835|353440|05021978|439|2|NA|2|4|3|3|781110|353440|1|2078171|NA|353440|NA|NA|NA|NA|NA|NA|NA|NA|NA|NA|NA|NA|NA|NA|NA|NA|1|NA|NA|2|*I490|*R571|*O439|*O159|*E669|O159|NA|150195|NA|15012018|NA|NA|NA|20190023|NA|NA|O159|22022018|1|S|S|3.2.00|3.2|NA|15072019|I490/R571/O439/O159*E669|23022018|NA|NA|06|0|1|546|120|NA|15052018|4|15052018|NA|3|M|NA|NA|NA|NA|NA|NA|601519
1|2|18012018|1920|NA|NA|09101996|421|2|1|5|NA|NA|NA|NA|354990|1|0009628|NA|354990|NA|NA|NA|NA|NA|NA|NA|NA|NA|NA|NA|NA|NA|NA|NA|NA|NA|NA|NA|NA|*A419|*O021|NA|NA|NA|O021|NA|139611|NA|18012018|NA|NA|NA|20180047|S|06032018|O021|30012018|2|S|S|3.2.00|3.2|1|19122018|A419/O021|27022018|NA|NA|NA|0|1|335|47|NA|22112018|3|06032018|NA|1|M|NA|NA|NA|NA|NA|NA|603548
1|2|02012018|NA|835|351620|14041992|425|2|4|2|NA|NA|NA|NA|351620|1|2080753|NA|351620|NA|NA|NA|NA|NA|NA|NA|NA|NA|NA|NA|NA|NA|1|1|3|1|NA|NA|1|*A419|NA|*J81X|*O441*J159|NA|O441|NA|99964|351620|02012018|NA|NA|NA|20180020|S|11042018|A419|09022018|3|S|S|3.2.00|3.2|2|06072018|A419/ /J81/O441 J159|15022018|NA|NA|NA|0|1|185|126|NA|23052018|5|08052018|NA|3|M|NA|NA|NA|NA|NA|NA|604199
1|2|18022018|2310|835|352480|18101978|439|2|1|1|4|3|NA|999992|352480|1|2079895|NA|352480|NA|NA|NA|NA|NA|NA|NA|NA|NA|NA|NA|NA|NA|1|1|3|1|NA|NA|1|*R092|*J81X|*I499|*O994*I420*I422|NA|O994|NA|34292|354980|19022018|NA|NA|NA|20180010|N|NA|O994|02032018|4|S|S|3.2.00|3.2|NA|07032018|R092/J81/I499/O994 I420 I422|07032018|NA|NA|12|0|1|017|99|NA|18072018|4|28052018|NA|1|M|NA|NA|NA|NA|NA|NA|606794
1|2|16032018|1110|851|510250|12071993|424|2|4|1|9|9|NA|NA|353250|1|2077396|NA|354980|NA|NA|NA|NA|NA|NA|NA|NA|NA|NA|NA|NA|NA|4|2|1|1|NA|NA|2|*O746|*O85X|*O743|*O742|*O996*K920|O746|NA|95686|NA|16032018|NA|NA|NA|20190049|S|03042018|O996|03042018|2|S|S|3.2.00|3.2|3|13112019|O746/O85/O743/O742*O996 K920|04042018|NA|NA|09|0|1|607|700|NA|17022020|5|14022020|NA|3|M|NA|NA|NA|NA|NA|NA|607315
1|2|31052018|1600|829|290810|09071987|430|2|4|2|9|9|NA|999992|353140|1|2097613|NA|354980|NA|NA|NA|NA|NA|NA|NA|NA|NA|NA|NA|NA|NA|NA|NA|NA|1|NA|NA|2|*O159*I10X|*I64X|*G931|NA|NA|O159|NA|57966|NA|31052018|NA|NA|NA|20180031|S|16072018|O159|07062018|2|S|S|3.2.00|3.2|3|25072018|O159 I10/I64/G931|13062018|NA|NA|09|0|1|055|NA|NA|NA|NA|NA|NA|NA|NA|NA|NA|NA|NA|NA|NA|607636
1|2|02042018|1245|835|353440|16071984|433|2|1|2|9|9|NA|252545|351550|1|2077396|NA|354980|NA|NA|NA|NA|NA|NA|NA|NA|NA|NA|NA|NA|NA|3|1|3|1|NA|NA|2|*N178|*R58X|*D689|*O991*K768|NA|O991|NA|95580|NA|02042018|NA|NA|NA|20180027|S|14052018|O95|14052018|2|S|S|3.2.00|3.2|3|27062018|N178/R58/D689/O991 K768|16052018|NA|NA|09|0|1|086|126|NA|25102018|5|06082018|NA|1|M|NA|NA|NA|NA|NA|NA|607757
1|2|16012018|1735|835|353110|15111993|424|2|4|4|4|3|NA|999992|352210|1|2087804|NA|352210|NA|NA|NA|NA|NA|NA|NA|NA|NA|NA|NA|NA|NA|4|2|1|1|NA|NA|1|*J80X|*J969|*O980|NA|NA|O980|NA|87827|354850|17012018|NA|NA|NA|20180016|S|27022018|O998|17012018|4|S|S|3.2.00|3.2|1|24042018|J80/J969/O980|24012018|NA|NA|12|0|1|098|9|NA|19022018|5|25012018|NA|3|M|NA|NA|NA|NA|NA|NA|610358
1|2|01042018|1630|835|354850|08111980|437|2|1|1|4|3|NA|999992|351870|2|6885284|NA|351870|NA|NA|NA|NA|NA|NA|NA|NA|NA|NA|NA|NA|NA|1|1|3|1|NA|NA|1|*J960|*J159|*O985*B201|NA|*F192|O985|NA|32891|351870|03042018|NA|NA|NA|20190007|S|04042018|J159|03042018|4|S|S|3.2.00|3.2|8|13022019|J960/J159/O985 B201*F192|04042018|NA|NA|12|0|1|318|3|NA|21082018|1|04042018|NA|2|M|NA|NA|NA|NA|NA|NA|610666
1|2|29012018|2010|835|354850|25091984|433|2|4|1|3|2|NA|516110|354100|1|2716097|NA|354100|NA|NA|NA|NA|NA|NA|NA|NA|NA|NA|NA|NA|NA|1|1|3|1|NA|NA|1|*J81X|*I500|*O994*I420|NA|*K769*I429|O994|NA|47421|354850|30012018|NA|NA|NA|20180024|S|14052018|O994|05022018|4|S|S|3.2.00|3.2|8|13062018|J81/I500/O994 I420*K769 I429|07022018|NA|NA|11|0|1|135|87|NA|06022019|2|26042018|NA|2|M|NA|NA|NA|NA|NA|NA|612149
1|2|20022018|1700|835|354100|25041996|421|2|4|1|3|2|NA|999992|354100|1|2716097|NA|354100|NA|NA|NA|NA|NA|NA|NA|NA|NA|NA|NA|NA|NA|2|1|3|1|NA|NA|1|*J81X|*O141|*O13X|NA|*N939|O13|NA|85806|354850|22022018|NA|NA|NA|20180024|S|10052018|O994|26022018|4|S|S|3.2.00|3.2|8|13062018|J81/O141/O13*N939|28022018|NA|NA|11|0|1|113|73|NA|06022019|5|04052018|NA|3|M|NA|NA|NA|NA|NA|NA|612250
1|2|01052018|0630|835|354850|18091987|430|2|4|5|4|3|NA|512105|355100|1|6998704|NA|354850|NA|NA|NA|NA|NA|NA|NA|NA|NA|NA|NA|NA|NA|4|2|1|1|NA|NA|2|*R571|*O720|*O829|NA|NA|O720|NA|130318|NA|01052018|NA|NA|NA|20180027|S|29062018|O720|03052018|2|S|S|3.2.00|3.2|3|04072018|R571/O720/O829|09052018|NA|NA|12|0|1|064|59|NA|29062018|5|29062018|NA|1|M|NA|NA|NA|NA|NA|NA|612621
1|2|19032018|1700|835|354990|06091980|437|2|1|2|4|3|NA|111415|354100|1|2025760|NA|354850|NA|NA|NA|NA|NA|NA|NA|NA|NA|NA|NA|NA|NA|2|1|3|1|NA|NA|2|*O429|*Y838|*R571|*D65X|*R092|O429|NA|160373|NA|19032018|NA|NA|NA|20180035|S|24082018|O429|20032018|5|S|S|3.2.00|3.2|3|29082018|O429/Y838/R571/D65*R092|21032018|NA|NA|12|0|1|163|64|NA|06022019|5|22052018|NA|1|M|NA|NA|NA|NA|NA|NA|612662
1|2|02012018|0244|831|313770|04061998|419|2|4|5|3|2|NA|999992|351240|1|2081458|NA|352690|NA|NA|NA|NA|NA|NA|NA|NA|NA|NA|NA|NA|NA|4|2|1|1|NA|NA|2|*O994|*I330|*I050|NA|NA|O994|NA|184831|NA|02012018|NA|NA|NA|20180022|S|21032018|O994|02012018|1|S|S|3.2.00|3.2|8|08082018|O994/I330/I050|03012018|NA|NA|11|0|1|218|78|NA|04082018|5|21032018|NA|2|M|NA|NA|NA|NA|NA|NA|614672
1|2|05022018|1040|826|261160|10052001|416|2|4|1|3|2|7|999991|354400|1|2087057|NA|353870|NA|NA|NA|NA|NA|NA|NA|NA|NA|NA|NA|NA|NA|4|2|1|1|NA|NA|2|*R579|*A419|*O030|NA|*F122|O030|NA|129167|NA|05022018|NA|NA|NA|20180014|S|03042018|O030|05022018|1|S|S|3.2.00|3.2|3|04042018|R579/A419/O030*F122|07022018|NA|NA|03|0|1|058|53|NA|19122018|3|30032018|NA|1|M|NA|NA|NA|NA|NA|NA|615046
1|2|20042018|2250|835|354890|01031980|438|2|NA|1|9|9|NA|999992|354890|1|2080931|NA|354890|NA|NA|NA|NA|NA|NA|NA|NA|NA|NA|NA|NA|NA|4|2|1|NA|NA|NA|NA|*R571|*O721|*O822|NA|*O820|O721|NA|86715|NA|20042018|NA|NA|NA|20180028|S|15062018|R571|09052018|2|S|S|3.2.00|3.2|1|15082018|R571/O721/O822*O820|16052018|NA|NA|09|0|1|117|56|NA|08082018|5|15062018|NA|2|M|NA|NA|NA|NA|NA|NA|616195
1|2|20012018|0956|829|292450|03121989|428|2|4|1|4|3|3|421125|353340|1|2082152|NA|350950|NA|NA|NA|NA|NA|NA|NA|NA|NA|NA|NA|NA|NA|4|2|1|1|NA|NA|2|*O994*R688*A419*J189|NA|NA|NA|*R092|O994|NA|107552|NA|20012018|NA|NA|NA|20190039|S|29032018|O994|14022018|5|S|S|3.2.00|3.2|8|18092019|O994 R688 A419 J189*R092|15022018|NA|NA|06|0|1|606|68|NA|29032018|5|29032018|NA|1|M|NA|NA|NA|NA|NA|NA|617161
1|2|28012018|0320|827|270800|09041987|430|2|4|2|4|2|8|NA|352730|1|2078066|NA|352590|NA|NA|NA|NA|NA|NA|NA|NA|NA|NA|NA|NA|NA|4|2|1|1|NA|NA|2|*R571|NA|*O141|NA|NA|O141|NA|129470|NA|28012018|NA|NA|NA|20190002|N|NA|O141|29012018|2|S|S|3.2.00|3.2|NA|09012019|R571/ /O141|31012018|NA|NA|04|0|1|346|130|NA|12122018|5|07062018|NA|1|M|NA|NA|NA|NA|NA|NA|617615
1|2|05012018|0330|835|350760|17101986|431|2|1|1|4|3|3|999992|350760|1|2688433|NA|350760|NA|NA|NA|NA|NA|NA|NA|NA|NA|NA|NA|NA|NA|2|1|3|1|NA|NA|2|*R571|*D65X|*O759|NA|*O419|O419|NA|130157|NA|05012018|NA|NA|NA|20180044|S|10012018|O419|10012018|1|S|S|3.2.00|3.2|8|26092018|R571/D65/O759*O419|11012018|NA|NA|06|0|1|264|46|NA|21022018|4|20022018|NA|1|M|NA|NA|NA|NA|NA|NA|617668
1|2|03012018|1655|835|355030|21081995|422|2|2|1|4|2|8|512105|353060|1|2080052|NA|353060|NA|NA|NA|NA|NA|NA|NA|NA|NA|NA|NA|NA|NA|1|1|3|1|NA|NA|1|*R688|*O141|*O149|NA|*B24X|O141|NA|32905|353060|04012018|NA|NA|NA|20180042|S|09042018|O95|16012018|3|S|S|3.2.00|3.2|1|24102018|R688/O141/O149*B24|19012018|NA|NA|04|0|1|294|96|NA|10042018|1|09042018|NA|2|M|NA|NA|NA|NA|NA|NA|620166
1|2|28012018|0300|829|292070|10091990|427|2|2|1|3|2|NA|999992|352310|1|2078562|NA|352310|NA|NA|NA|NA|NA|NA|NA|NA|NA|NA|NA|NA|NA|3|1|3|1|NA|NA|2|*A419|*A418|*O021|NA|*K359|O021|NA|133119|NA|28012018|NA|NA|NA|20190036|S|10072019|K359|30012018|2|S|S|3.2.00|3.2|1|04092019|A419/A418/O021*K359|31012018|NA|NA|11|0|1|584|186|NA|10072019|3|02082018|NA|1|M|NA|NA|NA|NA|NA|NA|620613
1|2|03032018|0535|835|350390|22011992|426|2|1|2|4|3|3|413205|352310|1|2078562|NA|352310|NA|NA|NA|NA|NA|NA|NA|NA|NA|NA|NA|NA|NA|4|2|1|1|NA|NA|2|*R571|*I749|*O822|*O751|NA|O751|NA|42949|NA|03032018|NA|NA|NA|20190036|S|01102018|A419|28032018|2|S|S|3.2.00|3.2|1|04092019|R571/I749/O822/O751|04042018|NA|NA|06|0|1|550|212|NA|08112018|4|01102018|NA|1|M|NA|NA|NA|NA|NA|NA|620658
1|2|02042018|2035|835|355030|18101980|437|2|1|2|4|3|NA|999992|355250|1|2039001|NA|355250|NA|NA|NA|NA|NA|NA|NA|NA|NA|NA|NA|NA|NA|4|2|1|1|NA|NA|2|*J960|*I269|*O16X|NA|*O244|O16|NA|183549|NA|02042018|NA|NA|NA|20190003|S|12122018|I269|10042018|1|S|S|3.2.00|3.2|8|16012019|J960/I269/O16*O244|11042018|NA|NA|12|0|1|289|38|NA|12122018|5|10052018|NA|2|M|NA|NA|NA|NA|NA|NA|621251
1|2|15012018|1037|829|293100|30071975|442|2|4|1|4|3|NA|999992|351880|3|NA|NA|351880|NA|NA|NA|NA|NA|NA|NA|NA|NA|NA|NA|NA|NA|4|2|1|NA|NA|NA|1|*O994*I319|*I711|NA|NA|NA|O994|NA|73925|351880|15012018|NA|NA|NA|20180012|S|13032018|I711|17012018|4|S|S|3.2.00|3.2|1|21032018|O994 I319/I711|24012018|NA|NA|12|0|1|065|57|NA|19032018|5|13032018|NA|1|M|NA|NA|NA|NA|NA|NA|621630
1|2|23032018|1140|835|355030|13071982|435|2|1|2|5|5|NA|NA|351880|1|9255826|NA|351880|NA|NA|NA|NA|NA|NA|NA|NA|NA|NA|NA|NA|NA|4|2|1|1|NA|NA|2|*G932|*O998*C793|*C509|NA|*Y838|O998|NA|182330|NA|23032018|NA|NA|NA|20180027|S|21062018|O998|02042018|5|S|S|3.2.00|3.2|1|04072018|G932/O998 C793/C509*Y838|04042018|NA|NA|08|0|1|103|90|NA|26062018|5|21062018|NA|1|M|NA|NA|NA|NA|NA|NA|621819
1|2|29052018|0800|835|351880|13091981|436|2|4|2|5|5|NA|411010|355030|1|2080338|NA|351880|NA|NA|NA|NA|NA|NA|NA|NA|NA|NA|NA|NA|NA|1|1|3|1|NA|NA|1|*O882|NA|NA|NA|NA|O882|NA|69566|351880|29052018|NA|NA|NA|20180032|N|NA|O882|04062018|3|S|S|3.2.00|3.2|NA|08082018|O882|06062018|NA|NA|08|0|1|071|471|NA|12092019|5|12092019|NA|1|M|NA|NA|NA|NA|NA|NA|623006
1|2|29052018|1230|109|NA|13081993|424|2|2|1|3|2|NA|999992|351880|1|5200105|NA|351880|NA|NA|NA|NA|NA|NA|NA|NA|NA|NA|NA|NA|NA|4|2|1|1|NA|NA|2|*A419|*K859|*O996|NA|NA|O996|NA|151872|NA|29052018|NA|NA|NA|20180033|S|19072018|O996|05062018|1|S|S|3.2.00|3.2|1|15082018|A419/K859/O996|06062018|NA|NA|11|0|1|078|51|NA|13082018|5|19072018|NA|1|M|NA|NA|NA|NA|NA|NA|623380
1|2|22042018|2301|835|353060|10011976|442|2|1|1|3|2|NA|999992|353060|1|2080052|NA|353060|NA|NA|NA|NA|NA|NA|NA|NA|NA|NA|NA|NA|NA|1|1|3|1|NA|NA|2|*I64X|*G931|*O994|NA|NA|O994|NA|44417|NA|22042018|NA|NA|NA|20180042|S|10052018|O994|27042018|1|S|S|3.2.00|3.2|1|24102018|I64/G931/O994|03052018|NA|NA|11|0|1|185|18|NA|15062018|1|10052018|NA|2|M|NA|NA|NA|NA|NA|NA|623712
1|2|07052018|0730|835|352240|02041984|434|2|4|2|4|2|8|999992|354060|1|2079925|NA|354060|NA|NA|NA|NA|NA|NA|NA|NA|NA|NA|NA|NA|NA|4|2|1|1|NA|NA|2|*R688|*O723|*O622|NA|NA|O622|NA|67225|NA|07052018|NA|NA|NA|20180022|S|09112018|O622|11052018|NA|S|S|3.2.00|3.2|8|06122018|R688/O723/O622|16052018|NA|NA|04|0|1|213|126|NA|12112018|5|10092018|NA|1|M|NA|NA|NA|NA|NA|NA|624454
1|2|13022018|2035|835|355590|10021978|440|2|1|2|4|3|2|141415|350600|1|2790661|NA|350600|NA|NA|NA|NA|NA|NA|NA|NA|NA|NA|NA|NA|NA|4|2|1|1|NA|NA|2|*R688|*R571|*R58X|*O722|*O909|O722|NA|47518|NA|13022018|NA|NA|NA|20190044|S|15082018|O909|27022018|2|S|S|3.2.00|3.2|1|26122019|R688/R571/R58/O722*O909|01032018|NA|NA|05|0|1|681|183|NA|11092018|5|15082018|NA|2|M|NA|NA|NA|NA|NA|NA|626621
1|2|04022018|0930|835|352670|23011991|427|2|2|1|5|4|NA|999992|352670|1|2078074|NA|352670|NA|NA|NA|NA|NA|NA|NA|NA|NA|NA|NA|NA|NA|4|2|1|1|NA|NA|2|*O95X|*R571|NA|NA|NA|O95|NA|138547|NA|04022018|NA|NA|NA|20180009|S|06032018|O95|22022018|1|S|S|3.2.00|3.2|8|16052018|O95/R571|28022018|NA|NA|07|0|1|101|30|NA|26032018|5|06032018|NA|1|M|NA|NA|NA|NA|NA|NA|631338
1|2|16022018|1555|831|316450|20041983|434|2|1|1|4|3|NA|421125|354390|1|2082888|NA|354390|NA|NA|NA|NA|NA|NA|NA|NA|NA|NA|NA|NA|NA|4|2|1|1|NA|NA|2|*J960|*A419|*O244|NA|NA|O244|NA|138566|NA|16022018|NA|NA|NA|20190006|S|11042018|O95|05032018|5|S|S|3.2.00|3.2|3|27032019|J960/A419/O244|14032018|NA|NA|12|0|1|404|54|NA|26032019|6|11042018|NA|2|M|NA|NA|NA|NA|NA|NA|631580
1|2|24042018|2200|835|353870|27011998|420|2|1|2|4|3|3|999992|353870|2|2061724|NA|353870|NA|NA|NA|NA|NA|NA|NA|NA|NA|NA|NA|NA|NA|4|2|1|1|NA|NA|2|*O101*I509*J960*R092|NA|NA|NA|NA|O101|NA|81214|NA|24042018|NA|NA|NA|20180039|S|20082018|O994|26042018|2|S|S|3.2.00|3.2|8|03102018|O101 I509 J960 R092|03052018|NA|NA|06|0|1|162|118|NA|28092018|5|20082018|NA|2|M|NA|NA|NA|NA|NA|NA|631971
1|2|23052018|1758|829|291840|27121984|433|2|4|2|3|2|NA|999992|354850|1|2079720|NA|354850|NA|NA|NA|NA|NA|NA|NA|NA|NA|NA|NA|NA|NA|4|2|1|1|NA|NA|1|*O994*O85X*O758*R570|NA|NA|NA|NA|O994|NA|85806|354850|24052018|NA|NA|NA|20180041|S|15062018|O994|25052018|4|S|S|3.2.00|3.2|8|10102018|O994 O85 O758 R570 I500 Y836|30052018|NA|NA|11|0|1|140|23|NA|15062018|5|15062018|NA|2|M|NA|NA|NA|NA|NA|NA|634864
1|2|16012018|2310|033|NA|11081991|426|2|4|1|4|3|NA|763210|355030|1|2786680|NA|355030|NA|NA|NA|NA|NA|NA|NA|NA|NA|NA|NA|NA|NA|4|2|1|1|NA|NA|2|*T814|NA|*Y836|*O85X|NA|O85|NA|153778|NA|16012018|NA|NA|NA|20200006|S|03032018|O85|22012018|1|S|S|3.2.01|3.2|1|12022020|T814/ /Y836/O85|24012018|NA|NA|12|0|1|757|300|NA|13112018|5|12112018|NA|1|M|NA|NA|NA|NA|NA|NA|641914
1|2|17022018|1820|835|355030|23061980|437|2|1|1|4|3|1|514210|355030|1|2786680|NA|355030|NA|NA|NA|NA|NA|NA|NA|NA|NA|NA|NA|NA|NA|4|2|1|1|NA|NA|1|*O109*I609|NA|NA|NA|*I10X|O109|NA|153778|NA|17022018|NA|NA|NA|20200007|S|11052018|I609|04042018|1|S|S|3.2.01|3.2|1|19022020|O109 I609*I10|05042018|NA|NA|05|0|1|732|87|NA|16052018|5|15052018|NA|1|M|NA|NA|NA|NA|NA|NA|642001
1|2|30012018|1600|826|260810|19031979|438|2|1|2|3|2|NA|512105|355030|1|2823209|NA|355030|NA|NA|NA|NA|NA|NA|NA|NA|NA|NA|NA|NA|NA|4|2|1|1|NA|NA|2|*I609|NA|NA|*O159|NA|O159|NA|146579|NA|30012018|NA|NA|NA|20200006|S|05052018|O159|07022018|1|S|S|3.2.01|3.2|1|12022020|I609/ / /O159|15022018|NA|NA|11|0|1|743|139|NA|26062018|5|18062018|NA|1|M|NA|NA|NA|NA|NA|NA|642013
1|2|04022018|1420|835|355030|21101983|434|2|1|1|4|3|NA|999992|355030|1|2078015|NA|355030|NA|NA|NA|NA|NA|NA|NA|NA|NA|NA|NA|NA|NA|4|2|1|1|NA|NA|1|*J81X|*I822|*C787|*O998*C189|NA|O998|NA|156410|355030|05022018|NA|NA|NA|20190045|S|24062019|C189|17042018|4|S|S|3.2.01|3.2|1|23102019|J81/I822/C787/O998 C189|25042018|NA|NA|12|0|1|626|86|NA|30072019|5|01052018|NA|1|M|NA|NA|NA|NA|NA|NA|643296
1|2|08042018|2305|831|316930|28011986|432|2|2|1|3|2|NA|998999|355030|1|2080788|NA|355030|NA|NA|NA|NA|NA|NA|NA|NA|NA|NA|NA|NA|NA|4|2|1|NA|NA|NA|2|*A419|*O85X*N719|NA|NA|*N179*B199|O85|NA|128190|NA|08042018|NA|NA|NA|20190010|S|15052018|O85|05062018|2|S|S|3.2.01|3.2|1|13032019|A419/O85 N719*N179 B199|13062018|NA|NA|11|0|1|339|37|NA|14062018|3|15052018|NA|1|M|NA|NA|NA|NA|NA|NA|644160
1|2|21022018|0655|835|351880|12041993|424|2|1|1|3|2|6|999992|351880|1|2078015|NA|355030|NA|NA|NA|NA|NA|NA|NA|NA|NA|NA|NA|NA|NA|1|1|3|1|NA|NA|1|*O985*A950|*R58X*R571|*D689|*K720|*J81X*R17X|O985|NA|98598|355030|21022018|NA|NA|NA|20190015|S|03082018|K720|11042018|4|S|S|3.2.01|3.2|1|10042019|O985 A950/R58 R571/D689/K720*J81 R17|13042018|NA|NA|03|0|1|413|148|NA|24102018|1|19072018|NA|2|M|NA|NA|NA|NA|NA|NA|644775
1|2|31012018|NA|033|NA|17101994|423|2|4|1|4|3|NA|999992|355030|1|3212130|NA|355030|NA|NA|NA|NA|NA|NA|NA|NA|NA|NA|NA|NA|NA|4|2|1|1|NA|NA|1|*O903|NA|NA|NA|NA|O903|NA|62591|355030|01022018|NA|NA|NA|20200006|S|17012019|O95|09032018|3|S|S|3.2.01|3.2|1|12022020|O903|13032018|NA|NA|12|0|1|742|351|NA|17012019|5|17012019|NA|1|M|NA|NA|NA|NA|NA|NA|645654
1|2|29042018|NA|835|355030|01021998|420|2|1|1|3|2|NA|511215|355030|1|2077671|NA|355030|NA|NA|NA|NA|NA|NA|NA|NA|NA|NA|NA|NA|NA|1|1|3|9|NA|NA|1|*O95X|NA|NA|NA|NA|O95|NA|97922|355030|30042018|NA|NA|NA|20180019|NA|NA|O95|10052018|3|S|S|3.2.01|3.2|NA|16052018|O95|16052018|NA|NA|11|0|1|017|57|NA|26062018|1|25062018|NA|1|M|NA|NA|NA|NA|NA|NA|648002
1|2|22052018|0400|033|NA|28081990|427|2|1|5|4|3|3|763210|355030|1|2077701|NA|355030|NA|NA|NA|NA|NA|NA|NA|NA|NA|NA|NA|NA|NA|4|2|1|1|NA|NA|2|*I609|*O152|NA|NA|NA|O152|NA|158919|NA|22052018|NA|NA|NA|20190029|S|20052019|O152|06062018|1|S|S|3.2.01|3.2|1|03072019|I609/O152|13062018|NA|NA|06|0|1|407|363|NA|24052019|5|20052019|NA|1|M|NA|NA|NA|NA|NA|NA|648875
1|2|27022018|2025|835|353440|05091988|429|2|1|5|4|3|NA|999992|351060|1|2078015|NA|355030|NA|NA|NA|NA|NA|NA|NA|NA|NA|NA|NA|NA|NA|4|2|1|NA|NA|NA|1|*J80X|*T811|*K768*Y838|*O13X|*N039*K859|O13|NA|156410|355030|28022018|NA|NA|NA|20180032|NA|NA|O13|05032018|4|S|S|3.2.01|3.2|NA|22082018|J80/T811/K768 Y838/O13*N039 K859|07032018|NA|NA|12|0|1|176|216|NA|01102018|5|01102018|NA|1|M|NA|NA|NA|NA|NA|NA|649329
1|2|06042018|0053|835|352390|13041984|433|2|1|1|9|9|NA|999993|354520|1|2092298|NA|352390|NA|NA|NA|NA|NA|NA|NA|NA|NA|NA|NA|NA|NA|8|2|3|9|NA|NA|2|*O460|*O469|*O751|*O622|*O441|O460|NA|87418|NA|06042018|NA|NA|NA|20190019|N|NA|O460|16042018|1|S|S|3.2.00|3.2|NA|25092019|O460/O469/O751/O622*O441|25042018|NA|NA|09|0|1|537|137|NA|01022019|5|21082018|NA|1|M|NA|NA|NA|NA|NA|NA|651739
1|2|19022018|1023|835|354300|18102000|417|2|2|1|9|9|NA|NA|355400|1|2079135|NA|355400|NA|NA|NA|NA|NA|NA|NA|NA|NA|NA|NA|NA|NA|4|2|1|1|NA|NA|2|*O140*I678|NA|NA|NA|NA|O140|NA|136063|NA|19022018|NA|NA|NA|20180010|S|27042018|O140|23022018|5|S|S|3.2.00|3.2|1|16052018|O140 I678|28022018|NA|NA|09|0|1|086|67|NA|07052018|5|27042018|NA|1|M|NA|NA|NA|NA|NA|NA|651816
1|2|30042018|1750|827|270660|12091988|429|2|1|5|4|3|3|999992|351380|1|2084163|NA|351380|NA|NA|NA|NA|NA|NA|NA|NA|NA|NA|NA|NA|NA|1|1|3|1|NA|NA|2|*A419|*A415|*J80X|*O995*J101|*F192|O995|NA|65679|NA|30042018|NA|NA|NA|20190042|S|08062018|J156|03052018|2|S|S|3.2.00|3.2|8|25092019|A419/A415/J80/O995 J101*F192|09052018|NA|NA|06|0|1|513|38|NA|08102018|1|07062018|NA|3|M|NA|NA|NA|NA|NA|NA|654354
1|2|20052018|0650|835|351630|08051989|429|2|4|1|4|3|3|999992|351380|1|2084163|NA|351380|NA|NA|NA|NA|NA|NA|NA|NA|NA|NA|NA|NA|NA|1|1|3|9|NA|NA|9|*O083|*O001|NA|NA|*O069|O001|NA|185976|NA|20052018|NA|NA|NA|20190042|S|14062018|O001|22052018|1|S|S|3.2.00|3.2|8|25092019|O083/O001*O069|04062018|NA|NA|06|0|1|493|25|NA|18062018|1|14062018|NA|1|M|NA|NA|NA|NA|NA|NA|654371
1|2|06032018|0100|831|310620|05061978|439|2|4|2|9|9|NA|999992|353920|1|2755130|NA|354140|NA|NA|NA|NA|NA|NA|NA|NA|NA|NA|NA|NA|NA|4|2|1|1|NA|NA|1|*O751*R571|*O721|*O622|NA|*D259|O622|NA|107048|354140|06032018|NA|NA|NA|20190038|S|08032018|O622|08032018|4|S|S|3.2.00|3.2|3|05092019|O751 R571/O721/O622*D259|19032018|NA|NA|09|0|1|548|40|NA|22052018|5|15042018|NA|1|M|NA|NA|NA|NA|NA|NA|655570
1|2|01062018|1147|835|354140|04061980|437|2|4|1|9|9|NA|999992|354140|1|2755130|NA|354140|NA|NA|NA|NA|NA|NA|NA|NA|NA|NA|NA|NA|NA|4|2|1|1|NA|NA|2|*I629|*O151|NA|NA|NA|O151|NA|151350|NA|01062018|NA|NA|NA|20190038|S|07062018|O151|05062018|5|S|S|3.2.00|3.2|8|05092019|I629/O151|07062018|NA|NA|09|0|1|461|6|NA|08112018|5|07062018|NA|1|E|NA|NA|NA|NA|NA|NA|656472
1|2|22122018|1739|827|270100|27081982|436|2|4|1|3|2|NA|NA|350920|1|3028399|NA|351630|NA|NA|NA|NA|NA|NA|NA|NA|NA|NA|NA|NA|NA|1|1|3|9|NA|NA|1|*R578|*O710|NA|NA|NA|O710|NA|91160|351640|23122018|NA|NA|NA|20190001|N|NA|O710|02012019|3|S|S|3.2.00|3.2|NA|03012019|R578/O710|03012019|NA|NA|11|0|1|012|122|NA|18062019|4|23042019|NA|1|M|NA|NA|NA|NA|NA|NA|657042
1|2|22122018|1730|835|355030|12081996|422|2|1|1|4|3|3|NA|351630|1|2083876|NA|351630|NA|NA|NA|NA|NA|NA|NA|NA|NA|NA|NA|NA|NA|8|2|3|NA|NA|NA|1|*J960|*I260|*O888|NA|NA|O888|NA|91160|351640|23122018|NA|NA|NA|20190023|S|19062019|I260|03012019|3|S|S|3.2.00|3.2|2|26062019|J960/I260/O888|16012019|NA|NA|06|0|1|186|30|NA|22012019|5|21012019|NA|2|M|NA|NA|NA|NA|NA|NA|657043
1|2|10072018|1850|822|221130|25091999|418|2|4|1|3|2|NA|998999|353190|1|2751704|NA|352410|NA|NA|NA|NA|NA|NA|NA|NA|NA|NA|NA|NA|NA|4|2|1|1|NA|NA|1|*R578|*O991*D65X|NA|NA|NA|O991|NA|73278|354340|11072018|NA|NA|NA|20180029|N|NA|O991|17072018|4|S|S|3.2.00|3.2|NA|18072018|R578/O991 D65|18072018|NA|NA|11|0|1|008|NA|NA|NA|NA|NA|NA|NA|NA|NA|NA|NA|NA|NA|NA|657648
1|2|30062018|2030|835|354340|25081982|435|2|1|2|4|3|NA|514210|354340|3|NA|NA|354340|NA|NA|NA|NA|NA|NA|NA|NA|NA|NA|NA|NA|NA|1|1|3|2|NA|NA|1|*O993*G936|NA|NA|NA|*I517|O993|NA|121068|354340|01072018|NA|NA|NA|20180048|S|28092018|O993|03072018|4|S|S|3.2.00|3.2|8|14112018|O993 G936*I517|04072018|NA|NA|12|0|1|137|90|NA|01102018|1|28092018|NA|1|M|NA|NA|NA|NA|NA|NA|657964
1|2|12062018|1322|033|NA|20051981|437|2|1|5|9|9|NA|998999|354340|1|2084414|NA|354340|NA|NA|NA|NA|NA|NA|NA|NA|NA|NA|NA|NA|NA|4|2|1|1|NA|NA|1|*I219|*O13X|NA|NA|NA|O13|NA|116357|354340|13062018|NA|NA|NA|20180036|S|31082018|O13|15062018|4|S|S|3.2.00|3.2|8|05092018|I219/O13|20062018|NA|NA|09|0|1|085|80|NA|03092018|5|31082018|NA|1|M|NA|NA|NA|NA|NA|NA|658662
1|2|08032018|0638|841|411700|17051983|434|2|2|1|2|1|NA|622020|355640|3|NA|NA|355640|NA|NA|NA|NA|NA|NA|NA|NA|NA|NA|NA|NA|NA|8|2|3|1|NA|NA|1|*I499|*I500|*O001*I429|NA|NA|O001|NA|103714|353050|08032018|NA|NA|NA|20180039|S|24082018|O903|13032018|4|S|S|3.2.00|3.2|1|21092018|I499/I500/O001 I429|14032018|NA|NA|10|0|1|197|33|NA|23102018|3|10042018|NA|2|M|NA|NA|NA|NA|NA|NA|659485
1|2|15032018|0605|835|354750|09091978|439|2|1|2|4|3|NA|322230|354750|1|2091267|NA|354750|NA|NA|NA|NA|NA|NA|NA|NA|NA|NA|NA|NA|NA|4|2|1|9|NA|NA|1|*I619|*I609|*O994*I422|NA|NA|O994|NA|134119|354340|15032018|NA|NA|NA|20180012|N|NA|O994|16032018|4|S|S|3.2.00|3.2|NA|21032018|I619/I609/O994 I422|21032018|NA|NA|12|0|1|006|81|NA|06082018|5|04062018|NA|2|M|NA|NA|NA|NA|NA|NA|663120
1|2|12032018|0645|829|293220|02091993|424|2|1|1|9|9|NA|998999|354340|1|2084414|NA|354340|NA|NA|NA|NA|NA|NA|NA|NA|NA|NA|NA|NA|NA|4|2|1|1|NA|NA|2|*R571|*D689|*O722|*O141|*L089|O141|NA|156910|NA|12032018|NA|NA|NA|20180043|S|20062018|O141|15032018|1|S|S|3.2.00|3.2|8|10102018|R571/D689/O722/O141*L089|21032018|NA|NA|09|0|1|212|46|NA|10072018|5|27042018|NA|1|M|NA|NA|NA|NA|NA|NA|663171
1|2|13032018|0130|823|230440|31101995|422|2|4|1|3|2|NA|999992|350030|1|2082187|NA|354340|NA|NA|NA|NA|NA|NA|NA|NA|NA|NA|NA|NA|NA|1|1|3|1|NA|NA|1|*A419|*J80X|*O995*J100|NA|*N309|O995|NA|73278|NA|13032018|NA|NA|NA|20180043|S|30082018|O995|26032018|5|S|S|3.2.00|3.2|4|10102018|A419/J80/O995 J100*N309|28032018|NA|NA|11|0|1|211|326|NA|02022019|1|02022019|NA|1|M|NA|NA|NA|NA|NA|NA|663270
1|2|29032018|1000|835|352510|09041984|433|2|1|1|9|9|NA|998999|350780|2|2029553|NA|350780|NA|NA|NA|NA|NA|NA|NA|NA|NA|NA|NA|NA|NA|4|2|1|1|NA|NA|1|*O998|NA|NA|NA|NA|O998|NA|52622|354340|29032018|NA|NA|NA|20180052|S|18102018|R99|06042018|3|S|S|3.2.00|3.2|6|12122018|O998|11042018|NA|NA|09|0|1|258|NA|NA|NA|NA|NA|NA|NA|NA|NA|NA|NA|NA|NA|NA|663565
1|2|09112018|0040|835|353060|12121988|429|2|4|1|4|3|NA|NA|353060|1|2784874|NA|353060|NA|NA|NA|NA|NA|NA|NA|NA|NA|NA|NA|NA|NA|4|2|1|1|NA|NA|2|*I260*I829*O879|NA|NA|NA|*E669|O879|NA|169537|NA|09112018|NA|NA|NA|20180046|N|NA|O879|19112018|1|S|S|3.2.00|3.2|NA|21112018|I260 I829 O879*E669|21112018|NA|NA|12|0|1|012|80|NA|28012019|5|28012019|NA|1|M|NA|NA|NA|NA|NA|NA|664119
1|2|15072018|2200|835|355030|06081980|437|2|4|1|1|0|NA|999992|351570|1|2080079|NA|351570|NA|NA|NA|NA|NA|NA|NA|NA|NA|NA|NA|NA|NA|4|2|1|1|NA|NA|2|*J960|*A419|*O065|NA|*E149|O065|NA|72821|NA|15072018|NA|NA|NA|20180017|S|20082018|O065|08082018|NA|S|S|3.2.00|3.2|8|29082018|J960/A419/O065*E149|16082018|NA|NA|00|0|1|045|36|NA|17012019|2|20082018|NA|3|M|NA|NA|NA|NA|NA|NA|664462
1|2|21072018|1630|835|355030|19091994|423|2|1|1|4|3|3|999992|351570|1|2080079|NA|351570|NA|NA|NA|NA|NA|NA|NA|NA|NA|NA|NA|NA|NA|4|2|1|1|NA|NA|2|*A419|*J180|*O240|NA|*E149|O240|NA|69882|NA|21072018|NA|NA|NA|20180022|S|20082018|J180|08082018|2|S|S|3.2.00|3.2|8|17102018|A419/J180/O240*E149|16082018|NA|NA|06|0|1|088|30|NA|17012019|1|20082018|NA|2|M|NA|NA|NA|NA|NA|NA|664474
1|2|03032018|0600|835|351340|03121987|430|2|1|1|4|3|3|NA|351340|1|2024691|NA|351340|NA|NA|NA|NA|NA|NA|NA|NA|NA|NA|NA|NA|NA|1|1|3|1|NA|NA|2|*J80X|*A419|*O990*D570|NA|NA|O990|NA|174694|NA|03032018|NA|NA|NA|20180037|S|01072018|O990|09032018|1|S|S|3.2.00|3.2|1|12122018|J80/A419/O990 D570|19032018|NA|NA|06|0|1|284|120|NA|29112018|1|01072018|NA|1|M|NA|NA|NA|NA|NA|NA|666856
1|2|06042018|1740|835|351340|06041985|433|2|1|2|NA|NA|NA|NA|351340|1|2024691|NA|351340|NA|NA|NA|NA|NA|NA|NA|NA|NA|NA|NA|NA|NA|8|2|3|1|NA|NA|2|*J960|*K720|*F530|NA|NA|F530|NA|191990|NA|06042018|NA|NA|NA|20180016|N|NA|F530|16042018|5|S|S|3.2.00|3.2|NA|18042018|J960/K720/F530|18042018|NA|NA|NA|0|1|012|112|NA|29112018|5|27072018|NA|1|M|NA|NA|NA|NA|NA|NA|666869
1|2|13022018|2152|835|355030|19051973|444|2|1|2|NA|NA|NA|421125|352400|1|3012212|NA|352590|NA|NA|NA|NA|NA|NA|NA|NA|NA|NA|NA|NA|NA|4|2|1|1|NA|NA|1|*I674|*I629|*I619|*O149|NA|O149|NA|60540|352590|14022018|NA|NA|NA|20180008|N|NA|O149|15022018|4|S|S|3.2.00|3.2|NA|16022018|I674/I629/I619/O149|16022018|NA|NA|NA|0|1|003|122|NA|15062018|5|15062018|NA|1|M|NA|NA|NA|NA|NA|NA|668521
1|2|14032018|1926|853|530010|12091981|436|2|1|1|9|9|NA|998999|353180|1|2079798|NA|350950|NA|NA|NA|NA|NA|NA|NA|NA|NA|NA|NA|NA|NA|4|2|1|1|NA|NA|2|*R579|*J960|*O996*K351|NA|*E660|O996|NA|153639|NA|14032018|NA|NA|NA|20180039|S|08082018|O996|23032018|2|S|S|3.2.00|3.2|8|19092018|R579/J960/O996 K351*E660|28032018|NA|NA|09|0|1|189|147|NA|09082018|1|08082018|NA|1|M|NA|NA|NA|NA|NA|NA|670071
1|2|05032018|1525|835|350950|25031988|429|2|1|1|2|1|NA|512105|350950|1|2081490|NA|350950|NA|NA|NA|NA|NA|NA|NA|NA|NA|NA|NA|NA|NA|4|2|1|1|NA|NA|2|*A419*R571|*O85X|NA|NA|*E668|O85|NA|62291|NA|05032018|NA|NA|NA|20180052|S|28032018|O95|07032018|NA|S|S|3.2.00|3.2|1|19122018|A419 R571/O85*E668|14032018|NA|NA|10|0|1|289|5|NA|23102018|5|10032018|NA|2|M|NA|NA|NA|NA|NA|NA|670124
1|2|11032018|1845|835|354580|22121981|436|2|4|4|NA|NA|NA|NA|354580|1|2079232|NA|354580|NA|NA|NA|NA|NA|NA|NA|NA|NA|NA|NA|NA|NA|2|1|3|1|NA|NA|2|*O678|NA|*O438|NA|NA|O438|NA|143454|NA|11032018|NA|NA|NA|20180025|S|20062018|O438|15032018|5|S|S|3.2.00|3.2|3|27062018|O678/ /O438|21032018|NA|NA|NA|0|1|108|102|NA|21062018|4|21062018|NA|1|M|NA|NA|NA|NA|NA|NA|670535
1|2|16032018|1530|835|350950|24061999|418|2|4|1|4|3|3|999991|350950|1|6053858|NA|350950|NA|NA|NA|NA|NA|NA|NA|NA|NA|NA|NA|NA|NA|4|2|1|1|NA|NA|2|*O903*I509|NA|NA|NA|NA|O903|NA|109158|NA|16032018|NA|NA|NA|20180044|S|25042018|O903|19032018|NA|S|S|3.2.00|3.2|1|24102018|O903 I509|21032018|NA|NA|06|0|1|222|40|NA|23102018|5|25042018|NA|1|M|NA|NA|NA|NA|NA|NA|671327
1|2|03052018|0525|835|350950|08101987|430|2|1|2|9|9|NA|521115|355240|1|2082152|NA|350950|NA|NA|NA|NA|NA|NA|NA|NA|NA|NA|NA|NA|NA|1|1|3|1|NA|NA|2|*J969|*J189|*O995*J459|NA|*R092*R402*A419|O995|NA|107552|NA|03052018|NA|NA|NA|20190027|S|01062018|O995|07052018|5|S|S|3.2.00|3.2|2|26062019|J969/J189/O995 J459*R092 R402 A419|09052018|NA|NA|09|0|1|419|36|NA|05042019|1|08062018|NA|1|M|NA|NA|NA|NA|NA|NA|671810
1|2|05042018|1510|831|313170|04121978|439|2|1|2|4|3|3|763015|352050|1|2784602|NA|352050|NA|NA|NA|NA|NA|NA|NA|NA|NA|NA|NA|NA|NA|4|2|1|1|NA|NA|2|*R570|*O141|NA|NA|NA|O141|NA|169578|NA|05042018|NA|NA|NA|20180035|S|06042018|O141|09042018|1|S|S|3.2.00|3.2|1|21082018|R570/O141|11042018|NA|NA|06|0|1|138|5|NA|15062018|6|10042018|NA|1|M|NA|NA|NA|NA|NA|NA|672416
1|2|01122018|1300|831|316370|23101982|436|2|1|1|9|9|NA|999992|351280|5|NA|NA|350950|NA|NA|NA|NA|NA|NA|NA|NA|NA|NA|NA|NA|NA|1|1|3|1|NA|NA|1|*O994*J81X*I219*I255|NA|NA|NA|*E149*I10X|O994|NA|98841|350950|02122018|NA|NA|NA|20190035|S|22032019|I219|05122018|4|S|S|3.2.00|3.2|8|21082019|O994 J81 I219 I255*E149 I10|12122018|NA|NA|09|0|1|263|111|NA|22032019|1|22032019|NA|1|M|NA|NA|NA|NA|NA|NA|674304
1|2|18122018|0300|835|350950|14091982|436|2|4|2|5|5|NA|223505|350950|1|2082128|NA|350950|NA|NA|NA|NA|NA|NA|NA|NA|NA|NA|NA|NA|NA|4|2|1|1|NA|NA|2|*O994*R092*G932*I619|NA|NA|NA|NA|O994|NA|79797|NA|19122018|NA|NA|NA|20190027|S|08012019|O994|26122018|5|S|S|3.2.00|3.2|8|26062019|O994 R092 G932 I619|27122018|NA|NA|08|0|1|190|21|NA|09012019|5|08012019|NA|1|M|NA|NA|NA|NA|NA|NA|674754
1|2|29082018|1514|835|354870|22071979|439|2|1|2|4|3|NA|999992|354870|3|NA|NA|354870|NA|NA|NA|NA|NA|NA|NA|NA|NA|NA|NA|NA|NA|1|1|3|2|NA|NA|1|*O141|*I501|*N170|NA|NA|O141|NA|48703|354870|30082018|NA|NA|NA|20190052|S|27112018|R99|04092018|4|S|S|3.2.00|3.2|1|27092019|O141/I501/N170|05092018|NA|NA|12|0|1|394|55|NA|23102018|1|23102018|NA|2|M|NA|NA|NA|NA|NA|NA|675562
1|2|31122018|1130|835|350170|24051988|430|2|1|2|5|5|NA|214105|350320|1|3625087|NA|350320|NA|NA|NA|NA|NA|NA|NA|NA|NA|NA|NA|NA|NA|4|2|1|1|NA|NA|2|*D65X|*R571|*O721|NA|NA|O721|NA|142583|NA|31122018|NA|NA|NA|20190002|N|NA|O721|08012019|5|S|S|3.2.00|3.2|NA|09012019|D65/R571/O721|09012019|NA|NA|08|0|1|009|91|NA|03052019|6|01042019|NA|3|M|NA|NA|NA|NA|NA|NA|676868
1|2|08012018|2255|833|330455|10052005|412|2|4|1|2|1|NA|999991|330455|1|2269783|NA|330455|NA|NA|NA|NA|NA|NA|NA|NA|NA|NA|NA|NA|NA|4|2|1|1|NA|NA|2|*A403|*O993*G001|NA|NA|NA|O993|NA|772607|NA|09012018|NA|NA|NA|20180152|S|21022018|O85|15012018|2|S|S|3.2.00|3.2|1|23082018|A403/O993 G001|16012018|NA|NA|10|0|1|227|44|NA|19092018|5|21022018|NA|3|M|NA|NA|NA|NA|NA|NA|677544
1|2|01022018|0420|833|330170|20021976|441|2|2|1|4|3|NA|NA|330170|1|2271451|NA|330455|NA|NA|NA|NA|NA|NA|NA|NA|NA|NA|NA|NA|NA|5|2|2|1|NA|NA|2|*R688|*A419|*J81X|*O101|*O668|O101|NA|52784583|NA|01022018|NA|NA|NA|20180035|S|27062018|E668|09022018|2|S|S|3.2.02|3.2|1|17072018|R688/A419/J81/O101*O668|19022018|NA|NA|12|0|1|166|146|NA|16072018|6|27062018|NA|2|M|NA|NA|NA|NA|NA|NA|678560
1|2|08012018|1700|833|330455|10061973|444|2|1|1|2|1|NA|512105|330020|1|2270714|NA|330455|NA|NA|NA|NA|NA|NA|NA|NA|NA|NA|NA|NA|NA|4|2|1|1|NA|NA|2|*A419|*O068|NA|NA|NA|O068|NA|979333|NA|08012018|NA|NA|NA|20180049|S|21022018|O068|18012018|NA|S|S|3.2.00|3.2|1|14032018|A419/O068|19012018|NA|NA|10|0|1|065|44|NA|03052018|3|21022018|NA|1|M|NA|NA|NA|NA|NA|NA|682479
1|2|27012018|1000|833|330455|04121998|419|2|2|5|3|2|NA|999992|330455|1|2270269|NA|330455|NA|NA|NA|NA|NA|NA|NA|NA|NA|NA|NA|NA|NA|4|2|1|1|NA|NA|2|*O993*G723*I10X*R568|NA|NA|NA|NA|O993|NA|52895385|NA|27012018|NA|NA|NA|20180174|S|10042018|O998|06022018|5|S|S|3.2.00|3.2|1|24092018|O993 G723 I10 R568 W849 T179|06022018|NA|NA|11|0|1|240|73|NA|13042018|5|10042018|NA|2|M|NA|NA|NA|NA|NA|NA|683456
1|2|24012018|2145|833|330455|12071975|442|2|2|1|3|2|NA|999992|330350|1|2295407|NA|330455|NA|NA|NA|NA|NA|NA|NA|NA|NA|NA|NA|NA|NA|4|2|1|1|NA|NA|2|*O16X*A419*I674*J81X|NA|NA|NA|*E668|O16|NA|52513057|NA|25012018|NA|NA|NA|20180069|S|11042018|O992|31012018|5|S|S|3.2.00|3.2|1|13042018|O16 A419 I674 J81*E668|31012018|NA|NA|11|0|1|079|189|NA|01082018|5|01082018|NA|1|M|NA|NA|NA|NA|NA|NA|684171
1|2|23042018|2145|833|330455|29121994|423|2|2|1|4|3|NA|521110|330455|2|6598544|NA|330455|NA|NA|NA|NA|NA|NA|NA|NA|NA|NA|NA|NA|NA|4|2|1|NA|NA|NA|NA|*J960|*O995*J189|NA|NA|NA|O995|NA|52914940|NA|24042018|NA|NA|NA|20180137|S|25062018|O995|27042018|2|S|S|3.2.00|3.2|1|01082018|J960/O995 J189|27042018|NA|NA|12|0|1|100|1|NA|31072018|5|24042018|NA|1|M|NA|NA|NA|NA|NA|NA|684835
1|2|27012018|1203|833|330455|03121977|440|2|1|2|5|5|NA|239415|330455|1|2271443|NA|330455|NA|NA|NA|NA|NA|NA|NA|NA|NA|NA|NA|NA|NA|4|2|1|1|NA|NA|2|NA|NA|NA|*O882|*I10X*E669|O882|NA|517871|NA|27012018|NA|NA|NA|20180079|S|25042018|O882|07022018|1|S|S|3.2.00|3.2|1|02052018|/ / /O882*I10 E669|07022018|NA|NA|08|0|1|095|88|NA|27042018|5|25042018|NA|2|M|NA|NA|NA|NA|NA|NA|687497
1|2|03032018|2145|833|330455|10031979|438|2|4|1|3|2|NA|422205|330455|1|5717256|NA|330455|NA|NA|NA|NA|NA|NA|NA|NA|NA|NA|NA|NA|NA|4|2|1|1|NA|NA|NA|*J960|*J189|*A153|*B24X|NA|B200|NA|52609330|NA|04032018|NA|NA|NA|20180116|S|26062018|B200|13032018|2|S|S|3.2.00|3.2|1|03072018|J960/J189/A153/B24|13032018|NA|NA|11|0|1|122|115|NA|02072018|5|26062018|NA|2|M|NA|NA|NA|NA|NA|NA|689076
1|2|09032018|1350|824|241330|30101981|436|2|1|2|3|2|NA|999992|330455|1|2270390|NA|330455|NA|NA|NA|NA|NA|NA|NA|NA|NA|NA|NA|NA|NA|4|2|1|1|NA|NA|2|*R571|*O721|NA|NA|NA|O721|NA|52455010|NA|09032018|NA|NA|NA|20180171|S|28062018|O721|19032018|2|S|S|3.2.00|3.2|1|19092018|R571/O721|19032018|NA|NA|11|0|1|194|12|NA|28062018|5|21032018|NA|2|M|NA|NA|NA|NA|NA|NA|689162
1|2|11032018|0156|833|330455|13031983|434|2|2|1|4|3|NA|991405|330455|1|2270714|NA|330455|NA|NA|NA|NA|NA|NA|NA|NA|NA|NA|NA|NA|NA|4|2|1|1|NA|NA|2|NA|NA|*D759|*O141|*I10X*N179*A419|O141|NA|52771210|NA|11032018|NA|NA|NA|20180116|S|21062018|O141|22032018|NA|S|S|3.2.00|3.2|1|03072018|/ /D759/O141*I10 N179 A419|23032018|NA|NA|12|0|1|114|102|NA|03072018|5|21062018|NA|2|M|NA|NA|NA|NA|NA|NA|689422
1|2|29012018|1215|833|330455|04101978|439|2|2|2|4|3|NA|511215|330455|1|2291266|NA|330455|NA|NA|NA|NA|NA|NA|NA|NA|NA|NA|NA|NA|NA|4|2|1|NA|NA|NA|NA|*O880|NA|NA|NA|NA|O880|NA|52333685|330455|31012018|NA|NA|NA|20180175|S|26042018|O880|05022018|3|S|S|3.2.00|3.2|1|25092018|O880|06022018|NA|NA|12|0|1|239|2|NA|02052018|5|31012018|NA|3|M|NA|NA|NA|NA|NA|NA|689734
1|2|10022018|1450|NA|NA|13021983|434|2|4|2|9|9|NA|411010|330170|1|3014673|NA|330170|NA|NA|NA|NA|NA|NA|NA|NA|NA|NA|NA|NA|NA|4|2|1|1|NA|NA|2|*A419|*O411|*O459|NA|NA|O459|NA|52549275|NA|10022018|NA|NA|NA|20180035|S|27062018|O459|22022018|1|S|S|3.2.02|3.2|1|17072018|A419/O411/O459|26022018|NA|NA|09|0|1|157|137|NA|16072018|5|27062018|NA|2|M|NA|NA|NA|NA|NA|NA|691392
1|2|11012018|0521|833|330455|24121992|425|2|4|1|3|2|5|999992|330250|2|7449135|NA|330250|NA|NA|NA|NA|NA|NA|NA|NA|NA|NA|NA|NA|NA|1|1|3|9|NA|NA|1|*R58X*A059|*O001|NA|NA|NA|O001|NA|NA|330170|12012018|NA|NA|NA|20190069|S|21022018|O001|22012018|3|S|S|3.2.02|3.2|3|27062019|R58 A059/O001|25012018|NA|NA|03|0|1|532|41|NA|26022018|1|21022018|NA|2|M|NA|NA|NA|NA|NA|NA|691931
1|2|23012018|2102|NA|NA|22101983|434|2|4|1|3|2|7|999992|330170|2|2277743|NA|330170|NA|NA|NA|NA|NA|NA|NA|NA|NA|NA|NA|NA|NA|1|1|3|1|NA|NA|1|*K661|*O001|NA|NA|NA|O001|NA|52739880|330170|24012018|NA|NA|NA|20180025|S|25042018|O001|02022018|3|S|S|3.2.02|3.2|1|18052018|K661/O001|06022018|NA|NA|03|0|1|115|92|NA|16052018|1|25042018|NA|2|M|NA|NA|NA|NA|NA|NA|692021
1|2|03032018|1720|833|330455|17011980|438|2|1|5|5|5|NA|252105|330455|1|2283328|NA|330480|NA|NA|NA|NA|NA|NA|NA|NA|NA|NA|NA|NA|NA|4|2|1|1|NA|NA|2|*T811|*Y835|*O711|NA|NA|O711|NA|52812102|NA|03032018|NA|NA|NA|20180111|S|19062018|O711|12032018|1|S|S|3.2.00|3.2|1|25062018|T811/Y835/O711|13032018|NA|NA|08|0|1|114|109|NA|20062018|5|20062018|NA|1|M|NA|NA|NA|NA|NA|NA|693753
1|2|22022018|1855|NA|NA|09042002|415|2|4|1|3|2|7|999991|330040|1|2280051|NA|330040|NA|NA|NA|NA|NA|NA|NA|NA|NA|NA|NA|NA|NA|1|1|3|1|NA|NA|2|*O141|*R570|*J960|*I500|NA|O141|NA|52645788|NA|22022018|NA|NA|NA|20180018|S|28022018|O141|01032018|2|S|S|3.2.00|3.2|8|03012019|O141/R570/J960/I500|05032018|NA|NA|03|0|1|315|64|NA|27042018|1|27042018|NA|1|M|NA|NA|NA|NA|NA|NA|693870
1|2|23042018|2115|833|330455|12071990|427|2|1|2|9|9|NA|NA|330520|3|NA|NA|330520|NA|NA|NA|NA|NA|NA|NA|NA|NA|NA|NA|NA|NA|4|2|1|2|NA|NA|2|*O95X|NA|NA|NA|NA|O95|NA|52599939|NA|24042018|NA|NA|NA|20190070|NA|NA|O95|03052018|2|S|S|3.2.02|3.2|NA|27062019|O95|04052018|NA|NA|09|0|1|430|129|NA|30082018|5|30082018|NA|1|M|NA|NA|NA|NA|NA|NA|694133
1|2|02032018|1345|833|330000|15101982|435|2|4|1|3|2|NA|999992|330200|1|2284634|NA|330200|NA|NA|NA|NA|NA|NA|NA|NA|NA|NA|NA|NA|NA|4|2|1|9|NA|NA|2|*O459|*R571|NA|NA|NA|O459|NA|52488250|NA|02032018|NA|NA|NA|20190092|S|26042018|O459|13032018|2|S|S|3.2.02|3.2|3|22082019|O459/R571|16032018|NA|NA|11|0|1|538|55|NA|03052018|5|26042018|NA|1|M|NA|NA|NA|NA|NA|NA|694723
1|2|26032018|2300|NA|NA|02011992|426|2|2|1|3|2|NA|999992|330510|2|2274884|NA|330510|NA|NA|NA|NA|NA|NA|NA|NA|NA|NA|NA|NA|NA|1|1|3|NA|NA|NA|NA|*O95X|NA|NA|NA|NA|O95|NA|45179|NA|26032018|NA|NA|NA|20200006|S|31072018|R99|10042018|NA|S|S|3.2.00|3.2|2|04022020|O95|17042018|NA|NA|11|0|1|680|127|NA|13082019|1|31072018|NA|1|M|NA|NA|NA|NA|NA|NA|695387
1|2|24012018|1700|833|330350|23051991|426|2|2|1|3|2|NA|354705|330350|1|2798662|NA|330350|NA|NA|NA|NA|NA|NA|NA|NA|NA|NA|NA|NA|NA|1|1|3|1|NA|NA|2|*O141|NA|NA|NA|*I10X*I519*E149|O141|NA|52010426|NA|24012018|NA|NA|NA|20190023|S|03062019|O95|27022018|NA|S|S|3.2.00|3.2|8|07062019|O141*I10 I519 E149|28022018|NA|NA|11|0|1|499|191|NA|04072019|1|03082018|NA|2|M|NA|NA|NA|NA|NA|NA|695866
1|2|27022018|NA|833|330455|14051984|433|2|4|1|9|9|NA|999992|330285|1|2293862|NA|330320|NA|NA|NA|NA|NA|NA|NA|NA|NA|NA|NA|NA|NA|1|1|3|2|NA|NA|1|*O16X|*O149|NA|NA|NA|O16|NA|52795909|330350|27022018|NA|NA|NA|20190069|S|02052018|R99|12032018|3|S|S|3.2.02|3.2|3|27062019|O16/O149|12032018|NA|NA|09|0|1|485|114|NA|22082018|1|21062018|NA|1|M|NA|NA|NA|NA|NA|NA|696215
1|2|17022018|1623|NA|NA|02111993|424|2|4|1|3|2|NA|999992|330045|1|2798662|NA|330350|NA|NA|NA|NA|NA|NA|NA|NA|NA|NA|NA|NA|NA|5|2|2|NA|NA|NA|NA|*O95X|NA|NA|NA|NA|O95|NA|52101098|NA|18022018|NA|NA|NA|20190029|S|11022019|R99|20032018|5|S|S|3.2.00|3.2|4|07082019|O95|21032018|NA|NA|11|0|1|536|206|NA|11092018|6|11092018|NA|1|M|NA|NA|NA|NA|NA|NA|696464
1|2|01032018|1400|833|330390|28051994|423|2|2|2|4|3|NA|999992|330390|1|2275562|NA|330390|NA|NA|NA|NA|NA|NA|NA|NA|NA|NA|NA|NA|NA|3|1|3|1|NA|NA|2|NA|NA|NA|*O080|*O030|O030|NA|56689|NA|01032018|NA|NA|NA|20190070|S|22052018|O033|19032018|5|S|S|3.2.02|3.2|3|27062019|/ / /O080*O030|20032018|NA|NA|12|0|1|483|63|NA|22102019|3|03052018|NA|1|M|NA|NA|NA|NA|NA|NA|696991
1|2|07032018|NA|833|330000|25081999|418|2|4|1|4|3|NA|999992|330455|1|2295407|NA|330455|NA|NA|NA|NA|NA|NA|NA|NA|NA|NA|NA|NA|NA|4|2|1|NA|NA|NA|NA|*R571|*D65X|*R58X|*O721|NA|O721|NA|52553689|330455|08032018|NA|NA|NA|20180117|S|18062018|O85|13032018|3|S|S|3.2.00|3.2|1|03072018|R571/D65/R58/O721|13032018|NA|NA|12|0|1|118|103|NA|17072018|5|18062018|NA|1|M|NA|NA|NA|NA|NA|NA|700734
1|2|08022018|0315|833|330455|20101998|419|2|1|1|2|1|NA|999992|330555|1|2298120|NA|330455|NA|NA|NA|NA|NA|NA|NA|NA|NA|NA|NA|NA|NA|3|1|3|1|NA|NA|2|*A419|NA|*O021|NA|NA|O021|NA|52066960|NA|08022018|NA|NA|NA|20190070|N|NA|O021|05042018|2|S|S|3.2.02|3.2|NA|27062019|A419/ /O021|06042018|NA|NA|10|0|1|504|239|NA|05102018|5|05102018|NA|3|M|NA|NA|NA|NA|NA|NA|701298
1|2|25032018|0000|833|330455|13101977|440|2|4|1|2|1|NA|999992|330455|1|5717256|NA|330455|NA|NA|NA|NA|NA|NA|NA|NA|NA|NA|NA|NA|NA|4|2|1|1|NA|NA|2|*R571|*D689|*O721|NA|*D259|O721|NA|1025600|NA|25032018|NA|NA|NA|20180171|S|28062018|O249|04042018|1|S|S|3.2.00|3.2|1|19092018|R571/D689/O721*D259|06042018|NA|NA|10|0|1|178|9|NA|28062018|5|03042018|NA|2|M|NA|NA|NA|NA|NA|NA|704687
1|2|17042018|2130|833|330455|25101997|420|2|2|1|3|2|NA|421125|330455|1|5717256|NA|330455|NA|NA|NA|NA|NA|NA|NA|NA|NA|NA|NA|NA|NA|1|1|3|1|NA|NA|2|*A419|*A150|*B24X|NA|NA|B200|NA|52899348|NA|18042018|NA|NA|NA|20180136|S|19072018|B203|24042018|5|S|S|3.2.00|3.2|1|31072018|A419/A150/B24|24042018|NA|NA|11|0|1|105|93|NA|31072018|1|19072018|NA|2|M|NA|NA|NA|NA|NA|NA|704872
1|2|06042018|2200|833|330455|04021990|428|2|4|2|4|3|NA|999992|330455|1|6995462|NA|330455|NA|NA|NA|NA|NA|NA|NA|NA|NA|NA|NA|NA|NA|4|2|1|1|NA|NA|2|*J80X|*A419|*J690|*O996*K659|*K631|O996|NA|52101745|NA|07042018|NA|NA|NA|20180137|S|30072018|O96|13042018|1|S|S|3.2.00|3.2|1|01082018|J80/A419/J690/O996 K659*K631|16042018|NA|NA|12|0|1|117|3|NA|31072018|5|09042018|NA|1|M|NA|NA|NA|NA|NA|NA|705053
1|2|20042018|NA|833|330455|04031977|441|2|4|4|3|2|NA|512105|330455|1|6995462|NA|330455|NA|NA|NA|NA|NA|NA|NA|NA|NA|NA|NA|NA|NA|4|2|1|1|NA|NA|2|*R571|*D65X|*O721|NA|NA|O721|NA|52974064|NA|20042018|NA|NA|NA|20180150|S|09072018|O882|27042018|1|S|S|3.2.00|3.2|1|20082018|R571/D65/O721|27042018|NA|NA|11|0|1|122|80|NA|17082018|5|09072018|NA|2|M|NA|NA|NA|NA|NA|NA|705110
1|2|03052018|1945|833|330455|08041988|430|2|4|2|4|3|NA|999992|330455|2|2708183|NA|330455|NA|NA|NA|NA|NA|NA|NA|NA|NA|NA|NA|NA|NA|4|2|1|NA|NA|NA|2|*O95X|NA|NA|NA|NA|O95|NA|52601043|NA|03052018|NA|NA|NA|20180158|S|27082018|O95|14052018|2|S|S|3.2.00|3.2|1|31082018|O95|14052018|NA|NA|12|0|1|120|116|NA|29082018|5|27082018|NA|1|M|NA|NA|NA|NA|NA|NA|705301
1|2|08072018|0146|833|330455|14072002|415|2|2|1|3|2|NA|999991|330455|2|6938124|NA|330455|NA|NA|NA|NA|NA|NA|NA|NA|NA|NA|NA|NA|NA|1|1|3|1|NA|NA|NA|*O95X|NA|NA|NA|NA|O95|NA|52820156|NA|08072018|NA|NA|NA|20180202|S|29102018|O95|17072018|5|S|S|3.2.00|3.2|1|05112018|O95|17072018|NA|NA|11|0|1|120|113|NA|05112018|1|29102018|NA|1|M|NA|NA|NA|NA|NA|NA|705457
1|2|24032018|0600|825|250000|19121993|424|2|4|1|3|2|NA|513405|330455|1|2270714|NA|330455|NA|NA|NA|NA|NA|NA|NA|NA|NA|NA|NA|NA|NA|4|2|1|1|NA|NA|2|*T810|*Y838|*N390|*O991*D696*D751|NA|O991|NA|52935457|NA|24032018|NA|NA|NA|20180103|S|29042018|O882|27032018|NA|S|S|3.2.00|3.2|1|11062018|T810/Y838/N390/O991 D696 D751|27032018|NA|NA|11|0|1|079|36|NA|05062018|5|29042018|NA|2|M|NA|NA|NA|NA|NA|NA|705965
1|2|25032018|1050|833|330455|10121988|429|2|4|1|3|2|NA|999992|330455|1|2298120|NA|330455|NA|NA|NA|NA|NA|NA|NA|NA|NA|NA|NA|NA|NA|4|2|1|NA|NA|NA|NA|*R571|*D65X|*O141|NA|NA|O141|NA|1006103|NA|25032018|NA|NA|NA|20180116|S|21062018|I420|04042018|1|S|S|3.2.00|3.2|1|03072018|R571/D65/O141|06042018|NA|NA|11|0|1|100|30|NA|03072018|5|24042018|NA|2|M|NA|NA|NA|NA|NA|NA|707201
1|2|25032018|1812|833|330455|09071987|430|2|2|1|4|3|NA|NA|330455|1|2298120|NA|330455|NA|NA|NA|NA|NA|NA|NA|NA|NA|NA|NA|NA|NA|4|2|1|1|NA|NA|2|*R570|*O459|NA|NA|*I10X|O459|NA|52776599|NA|25032018|NA|NA|NA|20180122|S|25062018|O459|04042018|5|S|S|3.2.00|3.2|1|10072018|R570/O459*I10|06042018|NA|NA|12|0|1|107|92|NA|25062018|5|25062018|NA|2|M|NA|NA|NA|NA|NA|NA|707202
1|2|22042018|NA|833|330000|18021999|419|2|4|1|3|2|NA|999992|330455|1|2295407|NA|330455|NA|NA|NA|NA|NA|NA|NA|NA|NA|NA|NA|NA|NA|4|2|1|NA|NA|NA|NA|*O95X|NA|NA|NA|NA|O95|NA|52624713|330455|23042018|NA|NA|NA|20180168|S|30072018|R99|04052018|3|S|S|3.2.00|3.2|1|14092018|O95|04052018|NA|NA|11|0|1|145|2|NA|31072018|5|24042018|NA|1|M|NA|NA|NA|NA|NA|NA|707740
1|2|04052018|2315|833|330455|04121981|436|2|1|2|5|5|NA|251510|330455|2|6716849|NA|330455|NA|NA|NA|NA|NA|NA|NA|NA|NA|NA|NA|NA|NA|4|2|1|1|NA|NA|2|*O994*I619|NA|NA|NA|*F329|O994|NA|52714933|NA|08052018|NA|NA|NA|20180136|S|26072018|O998|14052018|1|S|S|3.2.00|3.2|1|31072018|O994 I619*F329|16052018|NA|NA|08|0|1|088|83|NA|03082018|5|26072018|NA|2|M|NA|NA|NA|NA|NA|NA|710005
1|2|29012018|1115|833|330000|15011998|420|2|4|1|3|2|5|999992|330490|1|2696746|NA|330490|NA|NA|NA|NA|NA|NA|NA|NA|NA|NA|NA|NA|NA|4|2|1|1|NA|NA|2|*T811|*Y836|*O721|*O829|NA|O721|NA|52916889|NA|29012018|NA|NA|NA|20190069|N|NA|O721|09022018|2|S|S|3.2.02|3.2|NA|27062019|T811/Y836/O721/O829|15022018|NA|NA|03|0|1|514|77|NA|14052018|5|16042018|NA|2|M|NA|NA|NA|NA|NA|NA|711284
1|2|09022018|0620|833|330455|16031992|425|2|1|9|4|2|8|NA|330515|1|2297795|NA|330580|NA|NA|NA|NA|NA|NA|NA|NA|NA|NA|NA|NA|NA|4|2|1|1|NA|NA|2|*O85X|NA|NA|NA|*E86X*O459|O85|NA|52621196|NA|09022018|NA|NA|NA|20190070|N|NA|O85|20032018|5|S|S|3.2.02|3.2|NA|27062019|O85*E86 O459|20032018|NA|NA|04|0|1|503|486|NA|27062019|5|10062019|NA|2|M|NA|NA|NA|NA|NA|NA|713275
1|2|28012018|NA|NA|NA|13021991|426|2|1|1|3|2|NA|999992|330170|1|2290227|NA|330170|NA|NA|NA|NA|NA|NA|NA|NA|NA|NA|NA|NA|NA|4|2|1|1|NA|NA|2|*R571|*O721|NA|NA|*E149*I10X|O721|NA|1071518|NA|28012018|NA|NA|NA|20180025|S|25042018|O622|09022018|5|S|S|3.2.02|3.2|1|18052018|R571/O721*E149 I10|19022018|NA|NA|11|0|1|110|87|NA|16052018|5|25042018|NA|3|M|NA|NA|NA|NA|NA|NA|713676
1|2|09032018|1342|NA|NA|31051980|437|2|4|2|3|2|NA|NA|330170|1|2290227|NA|330170|NA|NA|NA|NA|NA|NA|NA|NA|NA|NA|NA|NA|NA|4|2|1|1|NA|NA|2|*A419|*O459|*O100|NA|*F172*F102*F199|O100|NA|52813591|NA|09032018|NA|NA|NA|20180035|S|27062018|A419|19032018|1|S|S|3.2.02|3.2|1|17072018|A419/O459/O100*F172 F102 F199|27032018|NA|NA|11|0|1|130|110|NA|16072018|5|27062018|NA|2|M|NA|NA|NA|NA|NA|NA|714354
1|2|18042018|1900|NA|NA|09061995|422|2|4|1|3|2|7|999991|330170|1|2290227|NA|330170|NA|NA|NA|NA|NA|NA|NA|NA|NA|NA|NA|NA|NA|4|2|1|1|NA|NA|1|*A419|*J189|*O868|NA|NA|O868|NA|52739880|330170|19042018|NA|NA|NA|20180046|S|29082018|O995|27042018|3|S|S|3.2.02|3.2|1|18092018|A419/J189/O868|02052018|NA|NA|03|0|1|153|133|NA|12092018|5|29082018|NA|2|M|NA|NA|NA|NA|NA|NA|714880
1|2|02052018|1544|833|330245|23121991|426|2|2|2|4|3|NA|999992|330245|1|7529384|NA|330550|NA|NA|NA|NA|NA|NA|NA|NA|NA|NA|NA|NA|NA|4|2|1|1|NA|NA|2|*A419|*O85X|NA|NA|NA|O85|NA|52986526|NA|03052018|NA|NA|NA|20190071|N|NA|O85|27062018|5|S|S|3.2.02|3.2|NA|27062019|A419/O85|27062018|NA|NA|12|0|1|421|299|NA|25022019|5|25022019|NA|1|M|NA|NA|NA|NA|NA|NA|717357
1|2|31032018|0200|833|330455|31071991|426|2|4|1|4|3|NA|999992|330100|1|2298317|NA|330100|NA|NA|NA|NA|NA|NA|NA|NA|NA|NA|NA|NA|NA|1|1|3|1|NA|NA|2|*O994|*O209|NA|NA|NA|O994|NA|52875830|NA|31032018|NA|NA|NA|20190070|S|09082018|I509|05042018|1|S|S|3.2.02|3.2|3|27062019|O994/O209|06042018|NA|NA|12|0|1|453|95|NA|10082018|1|04072018|NA|1|M|NA|NA|NA|NA|NA|NA|717865
1|2|31032018|2350|NA|NA|11051998|419|2|2|1|4|3|NA|999992|330350|1|2798662|NA|330350|NA|NA|NA|NA|NA|NA|NA|NA|NA|NA|NA|NA|NA|4|2|1|1|NA|NA|2|*R688|*A419|*O85X|NA|*E141|O85|NA|5292701|NA|01042018|NA|NA|NA|20190024|S|11062019|O85|02052018|2|S|S|3.2.00|3.2|2|12062019|R688/A419/O85*E141|03052018|NA|NA|12|0|1|438|102|NA|04072019|6|11072018|NA|2|M|NA|NA|NA|NA|NA|NA|719061
1|2|14052018|1920|833|330430|29031988|430|2|NA|2|4|3|NA|NA|330575|1|2296241|NA|330430|NA|NA|NA|NA|NA|NA|NA|NA|NA|NA|NA|NA|NA|4|2|1|1|NA|NA|2|*R571|*D65X|*O721|NA|NA|O721|NA|52010550|NA|14052018|NA|NA|NA|20190071|NA|NA|O721|18062018|1|S|S|3.2.02|3.2|NA|27062019|R571/D65/O721|19062018|NA|NA|12|0|1|409|630|NA|05022020|5|03022020|NA|1|M|NA|NA|NA|NA|NA|NA|719990
1|2|27052018|0215|833|330390|13121976|441|2|1|2|4|3|NA|999992|330390|3|NA|NA|330390|NA|NA|NA|NA|NA|NA|NA|NA|NA|NA|NA|NA|NA|1|1|3|1|NA|NA|2|*O16X|NA|NA|NA|NA|O16|NA|52381320|NA|27052018|NA|NA|NA|20190076|S|08052019|R99|09072018|2|S|S|3.2.02|3.2|3|04072019|O16|13072018|NA|NA|12|0|1|403|312|NA|08052019|1|04042019|NA|2|M|NA|NA|NA|NA|NA|NA|720920
1|2|16052018|2015|833|330390|19071986|431|2|2|1|3|2|NA|512105|330390|1|2275562|NA|330390|NA|NA|NA|NA|NA|NA|NA|NA|NA|NA|NA|NA|NA|3|1|3|1|NA|NA|1|*A419|*O050*N809|NA|NA|NA|O050|NA|52445016|330390|17052018|NA|NA|NA|20190076|S|01112018|O058|05062018|3|S|S|3.2.02|3.2|3|04072019|A419/O050 N809|07062018|NA|NA|11|0|1|414|41|NA|07112018|3|26062018|NA|1|M|NA|NA|NA|NA|NA|NA|720971
1|2|30042018|0630|825|250000|28101980|437|2|4|5|1|0|NA|999992|330455|1|2280183|NA|330455|NA|NA|NA|NA|NA|NA|NA|NA|NA|NA|NA|NA|NA|4|2|1|1|NA|NA|2|NA|*A415|*K650|*O996*K350|*O039*Y838*E111|O996|NA|52587239|NA|01052018|NA|NA|NA|20180157|S|25072018|K350|10052018|2|S|S|3.2.00|3.2|1|29082018|/A415/K650/O996 K350*O039 Y838 E111|10052018|NA|NA|00|0|1|121|21|NA|30072018|5|21052018|NA|2|M|NA|NA|NA|NA|NA|NA|721822
1|2|20052018|1834|833|330510|29031979|439|2|2|2|4|3|NA|999992|330045|1|2269988|NA|330455|NA|NA|NA|NA|NA|NA|NA|NA|NA|NA|NA|NA|NA|4|2|1|1|NA|NA|2|*R579|*J81X|*O994*I48X|NA|NA|O994|NA|52639133|NA|22052018|NA|NA|NA|20180123|S|20062018|O994|14062018|2|S|S|3.2.00|3.2|1|11072018|R579/J81/O994 I48|14062018|NA|NA|12|0|1|052|114|NA|11092018|5|11092018|NA|1|M|NA|NA|NA|NA|NA|NA|722814
1|2|12052018|0145|NA|NA|20021987|431|2|4|5|4|3|NA|999992|330455|2|7107366|NA|330455|NA|NA|NA|NA|NA|NA|NA|NA|NA|NA|NA|NA|NA|4|2|1|1|NA|NA|1|NA|NA|*I269|*O871|NA|O871|NA|529963|330455|13052018|NA|NA|NA|20180156|S|22082018|I269|25052018|3|S|S|3.2.00|3.2|1|29082018|/ /I269/O871|06062018|NA|NA|12|0|1|109|23|NA|27082018|5|04062018|NA|2|M|NA|NA|NA|NA|NA|NA|722913
1|2|27042018|1920|833|330455|24122000|417|2|4|1|4|3|NA|999991|330455|1|2269880|NA|330455|NA|NA|NA|NA|NA|NA|NA|NA|NA|NA|NA|NA|NA|4|2|1|1|NA|NA|2|NA|NA|*A419|*O85X|NA|O85|NA|448262|NA|28042018|NA|NA|NA|20180136|S|25072018|O235|09052018|2|S|S|3.2.00|3.2|1|31072018|/ /A419/O85|10052018|NA|NA|12|0|1|095|3|NA|30072018|5|30042018|NA|2|M|NA|NA|NA|NA|NA|NA|723889
1|2|27052018|1537|NA|NA|15121998|419|2|1|1|NA|NA|NA|NA|330045|1|2269880|NA|330455|NA|NA|NA|NA|NA|NA|NA|NA|NA|NA|NA|NA|NA|4|2|1|1|NA|NA|2|*A419|*J189*Y95X|*O991*C920|*N179|NA|O991|NA|52469710|NA|27052018|NA|NA|NA|20190072|S|19092018|C920|17082018|2|S|S|3.2.02|3.2|3|27062019|A419/J189 Y95/O991 C920/N179|20082018|NA|NA|NA|0|1|396|87|NA|10012019|5|22082018|NA|1|M|NA|NA|NA|NA|NA|NA|723947
1|2|12062018|0320|833|330455|26041985|433|2|4|2|3|2|NA|NA|330170|1|5717256|NA|330455|NA|NA|NA|NA|NA|NA|NA|NA|NA|NA|NA|NA|NA|4|2|1|1|NA|NA|2|*O141|*O903|NA|NA|*D571*E039|O141|NA|52743240|NA|12062018|NA|NA|NA|20180180|S|27092018|O141|18062018|5|S|S|3.2.00|3.2|1|02102018|O141/O903*D571 E039|18062018|NA|NA|11|0|1|112|0|NA|08082019|5|12062018|NA|2|E|NA|NA|NA|NA|NA|NA|725262
1|2|28052018|1934|833|330455|29071981|436|2|4|1|4|3|NA|422105|330455|1|2298120|NA|330455|NA|NA|NA|NA|NA|NA|NA|NA|NA|NA|NA|NA|NA|4|2|1|NA|NA|NA|NA|*O85X|*N719|*O821|NA|*D219*O13X|O85|NA|1082094|NA|28052018|NA|NA|NA|20180162|S|03082018|O85|08062018|NA|S|S|3.2.00|3.2|1|05092018|O85/N719/O821*D219 O13|11062018|NA|NA|12|0|1|100|67|NA|05092018|5|03082018|NA|3|M|NA|NA|NA|NA|NA|NA|725636
1|2|04062018|1730|833|330455|02111986|431|2|1|1|4|3|NA|999992|330455|1|2298120|NA|330455|NA|NA|NA|NA|NA|NA|NA|NA|NA|NA|NA|NA|NA|4|2|1|NA|NA|NA|NA|*D689|*R571|*O721|NA|NA|O721|NA|601793|NA|04062018|NA|NA|NA|20180195|S|27092018|O721|12062018|NA|S|S|3.2.00|3.2|1|24102018|D689/R571/O721|12062018|NA|NA|12|0|1|142|51|NA|27092018|5|25072018|NA|1|M|NA|NA|NA|NA|NA|NA|725740
1|2|09072018|1940|823|230000|21071992|425|2|4|1|2|1|NA|999992|330200|1|6995462|NA|330455|NA|NA|NA|NA|NA|NA|NA|NA|NA|NA|NA|NA|NA|4|2|1|1|NA|NA|1|*A419|*J80X|*O995*J189|NA|*I050|O995|NA|52927031|NA|09072018|NA|NA|NA|20180204|S|29102018|O994|18072018|2|S|S|3.2.00|3.2|1|07112018|A419/J80/O995 J189*I050|18072018|NA|NA|10|0|1|121|56|NA|05112018|5|03092018|NA|1|M|NA|NA|NA|NA|NA|NA|727162
1|2|04072018|0953|833|330455|09121984|433|2|2|1|4|3|NA|516210|330455|1|2708353|NA|330455|NA|NA|NA|NA|NA|NA|NA|NA|NA|NA|NA|NA|NA|4|2|1|1|NA|NA|2|*R571|*O721|*O141|NA|*J47X*B24X*E669|O141|NA|52724386|NA|04072018|NA|NA|NA|20180197|S|25102018|O721|10072018|2|S|S|3.2.00|3.2|1|26102018|R571/O721/O141*J47 B24 E669|11072018|NA|NA|12|0|1|114|31|NA|05112018|5|04082018|NA|3|M|NA|NA|NA|NA|NA|NA|727539
1|2|30072018|0409|833|330455|06081992|425|2|2|2|4|3|NA|231205|330510|1|2270021|NA|330455|NA|NA|NA|NA|NA|NA|NA|NA|NA|NA|NA|NA|NA|4|2|1|1|NA|NA|2|*O240*I10X|NA|NA|NA|NA|O240|NA|52790370|NA|30072018|NA|NA|NA|20180038|S|15082018|I10|13082018|1|S|S|3.2.00|3.2|2|23082018|O240 I10|23082018|NA|NA|12|0|1|024|17|NA|26092018|5|16082018|NA|2|M|NA|NA|NA|NA|NA|NA|727607
1|2|23042018|0500|833|330010|28031983|435|2|2|1|3|1|4|999992|330010|1|2280868|NA|330010|NA|NA|NA|NA|NA|NA|NA|NA|NA|NA|NA|NA|NA|2|1|3|1|NA|NA|9|*T811|*Y836|*O721|NA|NA|O721|NA|52601540|NA|23042018|NA|NA|NA|20190070|S|07052018|O721|07052018|1|S|S|3.2.02|3.2|8|27062019|T811/Y836/O721|10052018|NA|NA|02|0|1|430|45|NA|22012019|4|07062018|NA|3|M|NA|NA|NA|NA|NA|NA|730710
1|2|29052018|0745|833|330455|22091987|430|2|4|2|9|9|NA|516115|330580|1|2292513|NA|330580|NA|NA|NA|NA|NA|NA|NA|NA|NA|NA|NA|NA|NA|2|1|3|NA|NA|NA|NA|*O754|NA|NA|NA|NA|O754|NA|52454311|NA|29052018|NA|NA|NA|20190071|S|05072018|R092|06062018|1|S|S|3.2.02|3.2|3|27062019|O754|07062018|NA|NA|09|0|1|394|37|NA|05072018|4|05072018|NA|2|M|NA|NA|NA|NA|NA|NA|730821
1|2|20042018|2130|NA|NA|25051982|435|2|2|2|4|3|NA|NA|330170|1|6007317|NA|330170|NA|NA|NA|NA|NA|NA|NA|NA|NA|NA|NA|NA|NA|4|2|1|1|NA|NA|2|*O85X|NA|NA|NA|NA|O85|NA|52593910|NA|21042018|NA|NA|NA|20180059|S|26092018|A419|03052018|2|S|S|3.2.02|3.2|1|03122018|O85|09052018|NA|NA|12|0|1|227|159|NA|29112018|5|26092018|NA|3|M|NA|NA|NA|NA|NA|NA|731930
1|2|15052018|1040|NA|NA|30051993|424|2|4|1|4|3|NA|999992|330170|1|6007317|NA|330170|NA|NA|NA|NA|NA|NA|NA|NA|NA|NA|NA|NA|NA|4|2|1|1|NA|NA|2|*A419|*O85X|NA|NA|*O244|O85|NA|52953067|NA|15052018|NA|NA|NA|20180059|S|26092018|O989|25052018|5|S|S|3.2.02|3.2|1|03122018|A419/O85*O244|04062018|NA|NA|12|0|1|202|134|NA|29112018|5|26092018|NA|2|M|NA|NA|NA|NA|NA|NA|732020
1|2|16052018|2230|833|330170|05121984|433|2|4|1|2|1|NA|999992|330170|1|6007317|NA|330170|NA|NA|NA|NA|NA|NA|NA|NA|NA|NA|NA|NA|NA|4|2|1|1|NA|NA|2|*D65X|*O459|NA|NA|*I10X|O459|NA|52649287|NA|17052018|NA|NA|NA|20180059|S|26092018|O459|24052018|2|S|S|3.2.02|3.2|1|03122018|D65/O459*I10|04062018|NA|NA|10|0|1|201|133|NA|29112018|5|26092018|NA|2|M|NA|NA|NA|NA|NA|NA|732028
1|2|27042018|1610|NA|NA|22101997|420|2|4|1|3|2|NA|999992|330240|1|5412447|NA|330240|NA|NA|NA|NA|NA|NA|NA|NA|NA|NA|NA|NA|NA|NA|NA|NA|1|NA|NA|2|*R570|*O001|NA|NA|NA|O001|NA|52793949|NA|27042018|NA|NA|NA|20190015|N|NA|O001|21052018|2|S|S|3.2.00|3.2|NA|11042019|R570/O001|23052018|NA|NA|11|0|1|349|346|NA|08042019|1|08042019|NA|1|M|NA|NA|NA|NA|NA|NA|735608
1|2|04042018|1920|829|290225|25011975|443|2|2|1|4|3|NA|513405|330600|3|NA|NA|330600|NA|NA|NA|NA|NA|NA|NA|NA|NA|NA|NA|NA|NA|4|2|1|1|NA|NA|2|*R570|*J81X|*O159*I10X|NA|NA|O159|NA|52963879|NA|04042018|NA|NA|NA|20190123|S|13092019|I10|23052018|5|S|S|3.2.02|3.2|2|29102019|R570/J81/O159 I10|24052018|NA|NA|12|0|1|573|210|NA|31102018|5|31102018|NA|1|M|NA|NA|NA|NA|NA|NA|736956
1|2|19042018|1400|835|355030|24011983|435|2|1|5|4|3|NA|999992|330415|1|2287285|NA|330100|NA|NA|NA|NA|NA|NA|NA|NA|NA|NA|NA|NA|NA|4|2|1|1|NA|NA|2|*O998*C169*R64X*C795|NA|NA|NA|NA|O998|NA|52996955|NA|19042018|NA|NA|NA|20190070|S|18072018|C169|15052018|2|S|S|3.2.02|3.2|3|27062019|O998 C169 R64 C795 C798|15052018|NA|NA|12|0|1|434|96|NA|31072018|5|24072018|NA|1|M|NA|NA|NA|NA|NA|NA|738599
1|2|08052018|1330|833|330455|23121984|433|2|1|1|4|3|2|999992|330100|1|2298317|NA|330100|NA|NA|NA|NA|NA|NA|NA|NA|NA|NA|NA|NA|NA|2|1|3|2|NA|NA|2|*R571|*N939|*O459|NA|NA|O459|NA|52786845|NA|08052018|NA|NA|NA|20190070|S|09082018|O459|16052018|1|S|S|3.2.02|3.2|3|27062019|R571/N939/O459|18052018|NA|NA|05|0|1|415|64|NA|10082018|5|11072018|NA|1|M|NA|NA|NA|NA|NA|NA|738681
1|2|14062018|0600|833|330390|28091985|432|2|1|5|3|2|NA|421110|330390|1|2275562|NA|330390|NA|NA|NA|NA|NA|NA|NA|NA|NA|NA|NA|NA|NA|5|2|2|1|NA|NA|1|*O85X|NA|NA|NA|*O244|O85|NA|52608223|330390|15062018|NA|NA|NA|20190071|NA|NA|O85|16072018|3|S|S|3.2.02|3.2|NA|27062019|O85*O244|19072018|NA|NA|11|0|1|378|40|NA|07112018|6|24072018|NA|1|M|NA|NA|NA|NA|NA|NA|739300
1|2|04072018|2340|833|330455|23121982|435|2|4|2|4|3|NA|512105|330455|1|5717256|NA|330455|NA|NA|NA|NA|NA|NA|NA|NA|NA|NA|NA|NA|NA|4|2|1|1|NA|NA|2|*A419|*O429|NA|NA|NA|O429|NA|52836567|NA|05072018|NA|NA|NA|20190062|S|21082018|O429|10072018|2|S|S|3.2.00|3.2|1|03042019|A419/O429|10072018|NA|NA|12|0|1|273|4|NA|22082018|5|08072018|NA|3|M|NA|NA|NA|NA|NA|NA|741921
1|2|04062018|0619|833|330455|02041997|421|2|4|1|4|3|NA|991405|330455|1|2295407|NA|330455|NA|NA|NA|NA|NA|NA|NA|NA|NA|NA|NA|NA|NA|4|2|1|NA|NA|NA|NA|*R571|*O721|NA|NA|NA|O721|NA|52634778|NA|04062018|NA|NA|NA|20180124|S|04072018|O721|12062018|2|S|S|3.2.00|3.2|1|12072018|R571/O721|12062018|NA|NA|12|0|1|038|37|NA|18072018|5|11072018|NA|3|M|NA|NA|NA|NA|NA|NA|742162
1|2|13062018|1801|833|330455|09101993|424|2|4|1|3|2|NA|999992|330455|1|2295407|NA|330455|NA|NA|NA|NA|NA|NA|NA|NA|NA|NA|NA|NA|NA|4|2|1|1|NA|NA|NA|*R570|*Y836|*O721|NA|NA|O721|NA|1039954|NA|14062018|NA|NA|NA|20180153|S|22082018|O721|22062018|5|S|S|3.2.00|3.2|1|24082018|R570/Y836/O721|25062018|NA|NA|11|0|1|072|70|NA|30082018|5|22082018|NA|3|M|NA|NA|NA|NA|NA|NA|742229
1|2|16092018|2310|833|330455|22112000|417|2|2|1|4|3|2|999991|330455|1|2269783|NA|330455|NA|NA|NA|NA|NA|NA|NA|NA|NA|NA|NA|NA|NA|1|1|3|1|NA|NA|NA|*I269|*A419|*O990*D570|NA|NA|O990|NA|965790|NA|17092018|NA|NA|NA|20180233|S|20122018|O990|24092018|2|S|S|3.2.00|3.2|1|10012019|I269/A419/O990 D570|25092018|NA|NA|05|0|1|116|8|NA|21122018|1|24092018|NA|2|M|NA|NA|NA|NA|NA|NA|743731
1|2|09082018|0930|825|251530|27021980|438|2|4|1|2|1|NA|513315|330455|1|2280183|NA|330455|NA|NA|NA|NA|NA|NA|NA|NA|NA|NA|NA|NA|NA|1|1|3|1|NA|NA|2|NA|NA|NA|*O994*I609|NA|O994|NA|52586040|NA|09082018|NA|NA|NA|20180217|S|28112018|O994|20082018|1|S|S|3.2.00|3.2|1|04122018|/ / /O994 I609|20082018|NA|NA|10|0|1|117|34|NA|05122018|1|12092018|NA|3|M|NA|NA|NA|NA|NA|NA|746202
1|2|02082018|1645|833|330455|30071987|431|2|1|5|1|0|NA|999992|330455|1|2269880|NA|330455|NA|NA|NA|NA|NA|NA|NA|NA|NA|NA|NA|NA|NA|4|2|1|1|NA|NA|2|*Y606|*A419|*B59X|*A162|*B24X*D539|B207|NA|469710|NA|02082018|NA|NA|NA|20190114|S|26112018|B200|10082018|2|S|S|3.2.00|3.2|1|25062019|Y606/A419/B59/A162*B24 D539|10082018|NA|NA|00|0|1|327|116|NA|27112018|5|26112018|NA|3|M|NA|NA|NA|NA|NA|NA|747038
1|2|23072018|1840|829|291360|06051993|425|2|2|1|3|2|NA|999994|330455|1|6716849|NA|330455|NA|NA|NA|NA|NA|NA|NA|NA|NA|NA|NA|NA|NA|4|2|1|1|NA|NA|2|*T811|*Y838|*O994*I618|NA|NA|O994|NA|1023608|NA|23072018|NA|NA|NA|20190060|S|18092018|O994|31072018|2|S|S|3.2.00|3.2|1|02042019|T811/Y838/O994 I618|01082018|NA|NA|11|0|1|253|57|NA|25092018|5|18092018|NA|3|M|NA|NA|NA|NA|NA|NA|747510
1|2|25092018|0830|833|330320|28051985|433|2|1|2|5|4|NA|999992|330330|1|6753469|NA|330455|NA|NA|NA|NA|NA|NA|NA|NA|NA|NA|NA|NA|NA|4|2|1|NA|NA|NA|NA|*R578|*N939|*O720|NA|NA|O720|NA|1113224|NA|25092018|NA|NA|NA|20180199|N|NA|O720|27092018|1|S|S|3.2.00|3.2|NA|30102018|R578/N939/O720|28092018|NA|NA|07|0|1|035|NA|NA|NA|NA|NA|NA|NA|NA|NA|NA|NA|NA|NA|NA|751809
1|2|06102018|0745|833|330455|27111997|420|2|4|1|3|2|NA|999992|330385|1|2270714|NA|330455|NA|NA|NA|NA|NA|NA|NA|NA|NA|NA|NA|NA|NA|4|2|1|1|NA|NA|2|*A419|*J189|*O990*D571|NA|NA|O990|NA|52618121|NA|06102018|NA|NA|NA|20180231|S|21112018|O990|10102018|5|S|S|3.2.00|3.2|1|09012019|A419/J189/O990 D571|10102018|NA|NA|11|0|1|095|100|NA|14012019|5|14012019|NA|1|M|NA|NA|NA|NA|NA|NA|751923
1|2|03092018|NA|NA|NA|13031988|430|2|4|1|5|5|NA|391215|330455|3|NA|NA|330455|NA|NA|NA|NA|NA|NA|NA|NA|NA|NA|NA|NA|NA|1|1|3|2|NA|NA|1|*O95X|NA|NA|NA|NA|O95|NA|605195|330455|04092018|NA|NA|NA|20180228|S|28112018|R99|12092018|3|S|S|3.2.00|3.2|1|03012019|O95|12092018|NA|NA|08|0|1|122|10|NA|05122018|1|13092018|NA|2|M|NA|NA|NA|NA|NA|NA|752264
1|2|05092018|1910|NA|NA|12071991|427|2|4|1|3|2|NA|516120|330455|2|6716849|NA|330455|NA|NA|NA|NA|NA|NA|NA|NA|NA|NA|NA|NA|NA|1|1|3|1|NA|NA|2|NA|NA|*I616|*O100|NA|O100|NA|1036980|NA|06092018|NA|NA|NA|20180221|S|28112018|O994|19092018|1|S|S|3.2.00|3.2|1|05122018|/ /I616/O100|19092018|NA|NA|11|0|1|091|1|NA|05122018|1|06092018|NA|3|M|NA|NA|NA|NA|NA|NA|753096
1|2|24052018|0440|833|330205|14111977|440|2|1|5|3|2|NA|999992|330240|1|5412447|NA|330240|NA|NA|NA|NA|NA|NA|NA|NA|NA|NA|NA|NA|NA|2|1|3|1|NA|NA|NA|*O460|*O622|*O16X|NA|NA|O16|NA|52661694|NA|24052018|NA|NA|NA|20180025|N|NA|O16|15062018|1|S|S|3.2.00|3.2|NA|21062018|O460/O622/O16|21062018|NA|NA|11|0|1|028|13|NA|30012019|4|06062018|NA|1|M|NA|NA|NA|NA|NA|NA|753827
1|2|03052018|0730|NA|NA|04021993|425|2|4|1|4|3|NA|999992|330350|1|5073898|NA|330320|NA|NA|NA|NA|NA|NA|NA|NA|NA|NA|NA|NA|NA|1|1|3|1|NA|NA|2|*R99X|NA|NA|NA|*O95X*R092*E86X|O95|NA|52403615|330350|04052018|NA|NA|NA|20190070|S|09052018|E86|09052018|3|S|S|3.2.02|3.2|3|27062019|R99*O95 R092 E86|10052018|NA|NA|12|0|1|420|68|NA|03062019|1|10072018|NA|3|M|NA|NA|NA|NA|NA|NA|754198
1|2|21052018|1950|NA|NA|31031980|438|2|4|2|9|9|NA|999992|330414|1|7591136|NA|330350|NA|NA|NA|NA|NA|NA|NA|NA|NA|NA|NA|NA|NA|1|1|3|1|NA|NA|2|*R571|*O710|NA|NA|NA|O710|NA|52868639|NA|21052018|NA|NA|NA|20180027|N|NA|O710|11062018|1|S|S|3.2.00|3.2|NA|20062018|R571/O710|20062018|NA|NA|09|0|1|030|95|NA|24082018|1|24082018|NA|1|M|NA|NA|NA|NA|NA|NA|754435
1|2|06052018|0349|NA|NA|14021995|423|2|2|1|4|3|NA|999992|330350|1|2798662|NA|330350|NA|NA|NA|NA|NA|NA|NA|NA|NA|NA|NA|NA|NA|5|2|2|1|NA|NA|2|*R570|*O903*I509|NA|NA|*I678|O903|NA|52981745|NA|06052018|NA|NA|NA|20190024|S|11062019|O903|22052018|5|S|S|3.2.00|3.2|2|12062019|R570/O903 I509*I678|23052018|NA|NA|12|0|1|402|80|NA|25072018|6|25072018|NA|1|M|NA|NA|NA|NA|NA|NA|754513
1|2|11052018|2130|NA|NA|02081977|440|2|4|2|2|1|NA|512105|330350|1|2798662|NA|330350|NA|NA|NA|NA|NA|NA|NA|NA|NA|NA|NA|NA|NA|4|2|1|1|NA|NA|2|NA|*D649|NA|*O16X|NA|O16|NA|52662925|NA|12052018|NA|NA|NA|20190023|S|03062019|Y658|28052018|5|S|S|3.2.00|3.2|3|07062019|/D649/ /O16|20062018|NA|NA|10|0|1|392|124|NA|12092018|5|12092018|NA|1|M|NA|NA|NA|NA|NA|NA|754549
1|2|24052018|2300|NA|NA|13071985|432|2|1|1|3|2|NA|521130|330350|3|NA|NA|330350|NA|NA|NA|NA|NA|NA|NA|NA|NA|NA|NA|NA|NA|4|2|1|1|NA|NA|2|*I269|*O13X|NA|NA|NA|O13|NA|52574975|NA|24052018|NA|NA|NA|20190024|S|11062019|O13|28052018|2|S|S|3.2.00|3.2|2|12062019|I269/O13|20062018|NA|NA|11|0|1|384|48|NA|04072019|5|11072018|NA|1|M|NA|NA|NA|NA|NA|NA|755126
1|2|08062018|1652|NA|NA|11042002|416|2|4|9|3|2|NA|999991|330350|1|7591136|NA|330350|NA|NA|NA|NA|NA|NA|NA|NA|NA|NA|NA|NA|NA|4|2|1|2|NA|NA|2|NA|NA|*O85X|NA|NA|O85|NA|52878081|NA|08062018|NA|NA|NA|20190026|S|25062019|O85|18062018|2|S|S|3.2.00|3.2|3|28062019|/ /O85|29062018|NA|NA|11|0|1|385|84|NA|31082018|5|31082018|NA|1|M|NA|NA|NA|NA|NA|NA|755469
1|2|04052018|0720|833|330455|31121975|442|2|4|1|4|3|NA|517330|330490|1|2298031|NA|330490|NA|NA|NA|NA|NA|NA|NA|NA|NA|NA|NA|NA|NA|5|2|2|NA|NA|NA|2|*O908|NA|*O96X|NA|NA|O908|NA|1103237|NA|04052018|NA|NA|NA|20190070|S|17092018|O908|10052018|2|S|S|3.2.02|3.2|3|27062019|O908/ /O96|10052018|NA|NA|12|0|1|419|45|NA|18062018|6|18062018|NA|1|M|NA|NA|NA|NA|NA|NA|756028
1|2|29042018|1045|833|330490|17081996|421|2|4|5|2|1|NA|999992|330490|1|2696746|NA|330490|NA|NA|NA|NA|NA|NA|NA|NA|NA|NA|NA|NA|NA|NA|NA|NA|NA|NA|NA|NA|*O85X|*J90X|*J81X|*O152|NA|O152|NA|1077376|NA|29042018|NA|NA|NA|20190066|S|23052018|O85|22052018|2|S|S|3.2.02|3.2|3|26062019|O85/J90/J81/O152|22052018|NA|NA|10|0|1|423|85|NA|23072018|5|23072018|NA|1|M|NA|NA|NA|NA|NA|NA|756074
1|2|11052018|2118|833|330490|20061992|425|2|4|2|3|2|NA|516120|330490|1|2297590|NA|330490|NA|NA|NA|NA|NA|NA|NA|NA|NA|NA|NA|NA|NA|1|1|3|1|NA|NA|2|*O95X|NA|NA|NA|NA|O95|NA|52606419|NA|12052018|NA|NA|NA|20190070|N|NA|O95|17052018|2|S|S|3.2.02|3.2|NA|27062019|O95|18052018|NA|NA|11|0|1|412|45|NA|10092018|1|25062018|NA|1|M|NA|NA|NA|NA|NA|NA|756421
1|2|18072018|0930|833|330455|16121995|422|2|4|1|4|3|NA|999992|330170|1|2290227|NA|330170|NA|NA|NA|NA|NA|NA|NA|NA|NA|NA|NA|NA|NA|3|1|3|1|NA|NA|2|*A419|*O065|NA|NA|NA|O065|NA|52602255|NA|18072018|NA|NA|NA|20180059|S|26092018|N739|30072018|2|S|S|3.2.02|3.2|1|03122018|A419/O065|31072018|NA|NA|12|0|1|138|70|NA|29112018|2|26092018|NA|2|M|NA|NA|NA|NA|NA|NA|759087
1|2|25052018|0515|833|330455|13112000|417|2|4|1|3|2|NA|999992|330190|1|0012521|NA|330330|NA|NA|NA|NA|NA|NA|NA|NA|NA|NA|NA|NA|NA|4|2|1|NA|NA|NA|NA|NA|*A419|*O995*J984|NA|NA|O995|NA|52116975|NA|25052018|NA|NA|NA|20190071|N|NA|O995|16072018|NA|S|S|3.2.02|3.2|NA|27062019|/A419/O995 J984|19072018|NA|NA|11|0|1|398|24|NA|22082018|5|18062018|NA|1|M|NA|NA|NA|NA|NA|NA|761195
1|2|16092018|1719|833|330510|07071986|432|2|4|1|3|2|6|999992|330170|2|7625987|NA|330170|NA|NA|NA|NA|NA|NA|NA|NA|NA|NA|NA|NA|NA|1|1|3|1|NA|NA|1|*O95X|NA|NA|NA|NA|O95|NA|52739880|330170|24092018|NA|NA|NA|20200006|S|03042019|R99|09102018|3|S|S|3.2.02|3.2|1|05022020|O95|10102018|NA|NA|03|0|1|507|199|NA|30012020|1|03042019|NA|2|M|NA|NA|NA|NA|NA|NA|764369
1|2|28052018|1015|843|430160|10081982|435|2|2|2|4|2|8|512105|430160|1|2261987|NA|430160|NA|NA|NA|NA|NA|NA|NA|NA|NA|NA|NA|NA|NA|8|2|3|1|NA|NA|2|*O722|NA|NA|NA|NA|O722|NA|5294|NA|28052018|NA|NA|NA|20180030|S|25072018|O722|06062018|NA|S|S|3.2.00|3.2|1|27072018|O722|15062018|NA|NA|04|0|1|060|17|NA|01112019|5|14062018|NA|3|R|NA|NA|NA|NA|NA|NA|767267
1|2|16062018|2100|843|430160|18041992|426|2|2|NA|NA|NA|NA|999992|430160|1|2261987|NA|430160|NA|NA|NA|NA|NA|NA|NA|NA|NA|NA|NA|NA|NA|1|1|3|1|NA|NA|2|*B451|*B24X|NA|NA|NA|B205|NA|13177|NA|17062018|NA|NA|NA|20180030|S|25072018|B205|27062018|NA|S|S|3.2.00|3.2|1|27072018|B451/B24|27062018|NA|NA|NA|0|1|041|18|NA|23072018|1|04072018|NA|1|R|NA|NA|NA|NA|NA|NA|767402
1|2|01042018|1000|843|430520|09061982|435|2|1|5|4|2|8|421125|430520|1|2259869|NA|430520|NA|NA|NA|NA|NA|NA|NA|NA|NA|NA|NA|NA|NA|4|2|1|2|NA|NA|1|*O994|NA|NA|NA|*I10X*E669|O994|NA|9551|431720|01042018|NA|NA|NA|20180012|S|20072018|R99|04052018|3|S|S|3.2.00|3.2|2|22112018|O994*I10 E669|04062018|NA|NA|04|0|1|235|NA|NA|17122018|5|NA|NA|2|R|NA|NA|NA|NA|NA|NA|770937
1|2|01012018|1500|843|430460|30121993|424|2|1|2|NA|NA|NA|422105|430460|1|2237253|NA|431490|NA|NA|NA|NA|NA|NA|NA|NA|NA|NA|NA|NA|NA|4|2|1|1|NA|NA|2|*A419|*J969|*R570|*O998*Q249|NA|O998|NA|25221|NA|01012018|NA|NA|NA|20180013|S|06042018|O994|07022018|2|S|S|3.2.00|3.2|8|07052018|A419/J969/R570/O998 Q249|22022018|NA|NA|NA|0|1|126|95|NA|25042018|5|06042018|NA|1|M|NA|NA|NA|NA|NA|NA|771793
1|2|05022018|2200|843|430090|29081982|435|2|1|2|9|9|NA|999992|431490|3|NA|NA|431490|NA|NA|NA|NA|NA|NA|NA|NA|NA|NA|NA|NA|NA|1|1|3|2|NA|NA|2|NA|*O993|NA|NA|*I10X*G409|O993|NA|29176|NA|05022018|NA|NA|NA|20180031|S|19032018|O95|12042018|5|S|S|3.2.00|3.2|4|20112018|/O993*I10 G409|16042018|NA|NA|09|0|1|288|196|NA|05112018|1|20082018|NA|2|M|NA|NA|NA|NA|NA|NA|772469
1|2|13022018|1630|NA|NA|02081976|441|2|1|1|4|2|8|512105|431740|1|2244357|NA|431740|NA|NA|NA|NA|NA|NA|NA|NA|NA|NA|NA|NA|NA|1|1|3|1|NA|NA|2|*R99X|NA|NA|NA|*O95X|O95|NA|40795|NA|13022018|NA|NA|NA|20180031|S|20072018|F339|05032018|1|S|S|3.2.00|3.2|3|24072018|R99*O95|05032018|NA|NA|04|0|1|161|28|NA|17042019|1|13032018|NA|1|M|NA|NA|NA|NA|NA|NA|773621
1|2|14022018|0822|843|431680|18061980|437|2|2|1|4|2|8|842120|431680|1|2254964|NA|431680|NA|NA|NA|NA|NA|NA|NA|NA|NA|NA|NA|NA|NA|1|1|3|1|NA|NA|2|*O990|*D571|*I509|*B182|*F172|O990|NA|8711|NA|14022018|NA|NA|NA|20180009|S|12032018|D571|19022018|5|S|S|3.2.00|3.2|3|16032018|O990/D571/I509/B182*F172|28022018|NA|NA|04|0|1|030|23|NA|09052018|1|09032018|NA|2|M|NA|NA|NA|NA|NA|NA|774999
1|2|10012018|0125|843|431950|04091983|434|2|2|1|NA|NA|NA|NA|431950|1|2257556|NA|431240|NA|NA|NA|NA|NA|NA|NA|NA|NA|NA|NA|NA|NA|2|1|3|1|NA|NA|2|*R092|*R578|*O622|NA|NA|O622|NA|18769|NA|10012018|NA|NA|NA|20180004|N|NA|O622|11042018|1|S|S|3.2.00|3.2|NA|24042018|R092/R578/O622|24042018|NA|NA|NA|0|1|104|615|NA|17092019|4|17092019|NA|1|M|NA|NA|NA|NA|NA|NA|778469
1|2|03052018|1835|843|432240|24051985|432|2|4|2|4|3|3|512120|432240|1|2248190|NA|432240|NA|NA|NA|NA|NA|NA|NA|NA|NA|NA|NA|NA|NA|4|2|1|1|NA|NA|2|*A419|*R100|*O861|NA|NA|O861|NA|27744|NA|03052018|NA|NA|NA|20190021|S|17052018|O861|25052018|5|S|S|3.2.00|3.2|8|19072019|A419/R100/O861|12062018|NA|NA|06|0|1|442|18|NA|13072018|5|21052018|NA|1|M|NA|NA|NA|NA|NA|NA|780410
1|2|29052018|0005|NA|NA|26031997|421|2|4|1|3|1|4|999992|431890|5|NA|NA|431750|NA|NA|NA|NA|NA|NA|NA|NA|NA|NA|NA|NA|NA|1|1|3|1|NA|NA|2|*O998*N189|NA|NA|NA|NA|O998|NA|13481|NA|29052018|NA|NA|NA|20200005|N|NA|O998|08082018|1|S|S|3.2.00|3.2|NA|19022020|O998 N189|15082018|NA|NA|02|0|1|631|196|NA|14022020|1|11122018|NA|2|R|NA|NA|NA|NA|NA|NA|782279
1|2|11082018|1100|843|431390|23101987|430|2|1|5|4|3|3|848305|431390|1|2261057|NA|431020|NA|NA|NA|NA|NA|NA|NA|NA|NA|NA|NA|NA|NA|4|2|1|1|NA|NA|2|*I619|*D65X|*O266|NA|NA|O266|NA|18013|NA|11082018|NA|NA|NA|20180010|N|NA|O266|10092018|5|S|S|3.2.00|3.2|NA|14092018|I619/D65/O266|14092018|NA|NA|06|0|1|034|40|NA|30112018|5|20092018|NA|1|R|NA|NA|NA|NA|NA|NA|783576
1|2|07032018|1200|843|430450|31081984|433|2|1|1|3|2|NA|512120|430450|1|2707675|NA|431560|NA|NA|NA|NA|NA|NA|NA|NA|NA|NA|NA|NA|NA|4|2|1|1|NA|NA|2|*O991|NA|NA|NA|*N179*J189*E149|O991|NA|20485|NA|07032018|NA|NA|NA|20180011|NA|NA|O991|21032018|2|S|S|3.2.00|3.2|NA|29032018|O991*N179 J189 E149|29032018|NA|NA|11|0|1|022|272|NA|29012019|5|04122018|NA|1|R|NA|NA|NA|NA|NA|NA|784941
1|2|24022018|1610|843|430450|08091985|432|2|1|2|9|9|NA|999992|431440|1|2253054|NA|431440|NA|NA|NA|NA|NA|NA|NA|NA|NA|NA|NA|NA|NA|4|2|1|1|NA|NA|2|*O723|*O721|NA|NA|*O621|O723|NA|36910|NA|24022018|NA|NA|NA|20180035|S|25062018|O723|24042018|NA|S|S|3.2.00|3.2|2|27082018|O723/O721*O621|25042018|NA|NA|09|0|1|184|121|NA|17082018|5|25062018|NA|1|M|NA|NA|NA|NA|NA|NA|785106
1|2|10022018|2012|843|431880|25111991|426|2|1|1|3|2|NA|999992|431880|1|2252694|NA|431440|NA|NA|NA|NA|NA|NA|NA|NA|NA|NA|NA|NA|NA|1|1|3|NA|NA|NA|NA|*R688|*A419|*R100|*O038|*O038|O038|NA|35766|NA|10022018|NA|NA|NA|20200004|N|NA|O038|16022018|2|S|S|3.2.00|3.2|NA|21012020|R688/A419/R100/O038*O038|26022018|NA|NA|11|0|1|710|676|NA|18122019|1|18122019|NA|1|M|NA|NA|NA|NA|NA|NA|786964
1|2|07012018|0623|843|430060|29121978|439|2|1|1|4|3|3|516210|430060|1|2232081|NA|430060|NA|NA|NA|NA|NA|NA|NA|NA|NA|NA|NA|NA|NA|4|2|1|1|NA|NA|1|NA|NA|NA|*O882|NA|O882|NA|18436|431490|07012018|NA|NA|NA|20180014|S|NA|I269|13032018|3|S|S|3.2.00|3.2|8|11092018|/ / /O882|12042018|NA|NA|06|0|1|247|159|NA|16112018|5|15062018|NA|2|M|NA|NA|NA|NA|NA|NA|788316
1|2|23022018|1940|843|431340|29121991|426|2|1|1|5|4|NA|999991|431490|1|2237571|NA|431490|NA|NA|NA|NA|NA|NA|NA|NA|NA|NA|NA|NA|NA|4|2|1|1|NA|NA|2|NA|NA|*O882|NA|NA|O882|NA|29237|NA|23022018|NA|NA|NA|20190031|S|19032018|O95|12042018|2|S|S|3.2.00|3.2|4|11092019|/ /O882|16042018|NA|NA|07|0|1|565|256|NA|06112018|5|06112018|NA|1|M|NA|NA|NA|NA|NA|NA|790816
1|2|19062018|1120|NA|NA|19081990|427|2|1|1|4|3|3|411005|431600|1|2237253|NA|431490|NA|NA|NA|NA|NA|NA|NA|NA|NA|NA|NA|NA|NA|4|2|1|1|NA|NA|2|*A419|NA|*O95X*C069|NA|NA|O95|NA|31691|NA|19062018|NA|NA|NA|20190015|S|29082018|C029|11072018|5|S|S|3.2.00|3.2|1|13122019|A419/ /O95 C069|12072018|NA|NA|06|0|1|542|83|NA|10092018|5|10092018|NA|2|M|NA|NA|NA|NA|NA|NA|791983
1|2|09022018|1143|843|431180|29081979|438|2|1|4|4|3|3|999992|432090|1|2246988|NA|431410|NA|NA|NA|NA|NA|NA|NA|NA|NA|NA|NA|NA|NA|3|1|3|1|NA|NA|2|*A419|*O021|NA|NA|NA|O021|NA|33631|NA|09022018|NA|NA|NA|20190050|S|15022018|O021|15022018|2|S|S|3.2.00|3.2|3|26122019|A419/O021|16022018|NA|NA|06|0|1|685|143|NA|15082018|3|02072018|NA|2|R|NA|NA|NA|NA|NA|NA|794951
1|2|27022018|1010|843|430420|11091989|428|2|4|1|3|2|6|999992|430420|1|2246929|NA|431410|NA|NA|NA|NA|NA|NA|NA|NA|NA|NA|NA|NA|NA|4|2|1|1|NA|NA|2|*R092|*J960|*J81X|*O149|*I10X*E119*E039|O149|NA|12410|NA|27022018|NA|NA|NA|20190039|S|01032018|O95|06032018|5|S|S|3.2.00|3.2|3|27092019|R092/J960/J81/O149*I10 E119 E039|09032018|NA|NA|03|0|1|577|16|NA|12022020|5|15032018|NA|3|M|NA|NA|NA|NA|NA|NA|795081
1|2|21042018|1030|843|432070|12061981|436|2|1|2|4|2|8|622020|432026|1|2234424|NA|430120|NA|NA|NA|NA|NA|NA|NA|NA|NA|NA|NA|NA|NA|4|2|1|1|NA|NA|2|*R092|*O882|NA|NA|*E669*E149*I10X|O882|NA|9569|NA|21042018|NA|NA|NA|20180014|S|NA|O994|10052018|1|S|S|3.2.00|3.2|8|12112018|R092/O882*E669 E149 I10|23052018|NA|NA|04|0|1|205|199|NA|29112018|5|06112018|NA|1|R|NA|NA|NA|NA|NA|NA|798673
1|2|12032018|0915|843|432250|05031997|421|2|1|NA|NA|NA|NA|NA|432250|1|2241048|NA|432250|NA|NA|NA|NA|NA|NA|NA|NA|NA|NA|NA|NA|NA|4|2|1|1|NA|NA|1|*O150|NA|NA|NA|NA|O150|NA|12806|432250|12032018|NA|NA|NA|20190055|S|NA|O95|19042018|3|S|S|3.2.00|3.2|4|20122019|O150|20042018|NA|NA|NA|0|1|648|645|NA|17122019|5|17122019|NA|2|M|NA|NA|NA|NA|NA|NA|800338
1|2|17042018|0635|843|431490|05031976|442|2|2|1|3|2|NA|998999|431490|1|2237601|NA|431490|NA|NA|NA|NA|NA|NA|NA|NA|NA|NA|NA|NA|NA|4|2|1|1|NA|NA|1|NA|NA|*O266*K760|NA|NA|O266|NA|24383|NA|17042018|NA|NA|NA|20190014|S|23042018|O266|07052018|5|S|S|3.2.00|3.2|4|13052019|/ /O266 K760|08052018|NA|NA|11|0|1|391|125|NA|06112018|5|20082018|NA|2|M|NA|NA|NA|NA|NA|NA|802426
1|2|21042018|1350|843|430690|08081994|423|2|2|1|9|9|NA|999992|431490|1|2237547|NA|431490|NA|NA|NA|NA|NA|NA|NA|NA|NA|NA|NA|NA|NA|3|1|3|1|NA|NA|2|NA|NA|NA|*O021*O460|NA|O021|NA|32022|NA|21042018|NA|NA|NA|20180031|S|23042018|O021|07052018|1|S|S|3.2.00|3.2|4|20112018|/ / /O021 O460|08052018|NA|NA|09|0|1|213|199|NA|06112018|3|06112018|NA|1|M|NA|NA|NA|NA|NA|NA|803516
1|2|01052018|1050|NA|NA|02101988|429|2|1|9|NA|NA|NA|NA|430190|1|2265060|NA|431490|NA|NA|NA|NA|NA|NA|NA|NA|NA|NA|NA|NA|NA|4|2|1|1|NA|NA|2|*O994*I678|NA|NA|NA|NA|O994|NA|39799|NA|01052018|NA|NA|NA|20180025|NA|NA|O994|18052018|2|S|S|3.2.00|3.2|NA|08062018|O994 I678|25052018|NA|NA|NA|0|1|038|NA|NA|NA|NA|NA|NA|NA|NA|NA|NA|NA|NA|NA|NA|803867
1|2|15052018|1200|843|431490|27081984|433|2|1|1|5|5|NA|411005|430770|1|2237598|NA|431490|NA|NA|NA|NA|NA|NA|NA|NA|NA|NA|NA|NA|NA|4|2|1|1|NA|NA|2|*I64X|*O95X|NA|NA|NA|O95|NA|37901|NA|15052018|NA|NA|NA|20190014|N|NA|O95|01102018|5|S|S|3.2.00|3.2|NA|24092019|I64/O95|04102018|NA|NA|08|0|1|497|93|NA|19102018|4|16082018|NA|2|M|NA|NA|NA|NA|NA|NA|803933
1|2|03042018|0815|821|210530|03011979|439|2|4|2|3|2|NA|999992|210005|1|2456672|NA|210530|NA|NA|NA|NA|NA|NA|NA|NA|NA|NA|NA|NA|NA|4|2|1|1|NA|NA|2|*R092|*O995|*O994|*I10X|NA|O998|NA|6768|NA|03042018|NA|NA|NA|20180012|NA|NA|O998|09042018|5|S|S|3.2.02|3.2|NA|11052018|R092/O995/O994/I10|12042018|NA|NA|11|0|1|038|51|NA|24052018|5|24052018|NA|1|M|NA|NA|NA|NA|NA|NA|805669
1|2|04042018|0545|821|211000|01081971|446|2|4|1|3|2|NA|621005|210232|1|9065768|NA|210530|NA|NA|NA|NA|NA|NA|NA|NA|NA|NA|NA|NA|NA|4|2|1|1|NA|NA|2|*A419|*O035|NA|NA|*K729*N19X|O035|NA|8175|NA|04042018|NA|NA|NA|20180014|NA|NA|O035|05042018|1|S|S|3.2.02|3.2|NA|04072018|A419/O035*K729 N19|12042018|NA|NA|11|0|1|091|63|NA|07062018|3|06062018|NA|1|M|NA|NA|NA|NA|NA|NA|805763
1|2|22042018|0355|821|210890|03051982|435|2|4|1|3|1|4|621005|210005|1|9065768|NA|210530|NA|NA|NA|NA|NA|NA|NA|NA|NA|NA|NA|NA|NA|4|2|1|NA|NA|NA|NA|*R092|*O995|*O85X|NA|NA|O995|NA|6768|NA|22042018|NA|NA|NA|20180012|NA|NA|O995|27042018|5|S|S|3.2.02|3.2|NA|11052018|R092/O995/O85|11052018|NA|NA|02|0|1|019|54|NA|15062018|5|15062018|NA|1|M|NA|NA|NA|NA|NA|NA|805809
1|2|15042018|1620|821|210530|05031982|436|2|4|2|4|3|3|999992|210530|1|2531348|NA|210530|NA|NA|NA|NA|NA|NA|NA|NA|NA|NA|NA|NA|NA|2|1|3|1|NA|NA|2|*O450|*R571|NA|NA|NA|O450|NA|4057|NA|15042018|NA|NA|NA|20190004|S|20052018|O450|20042018|1|S|S|3.2.02|3.2|3|15022019|O450/R571|24042018|NA|NA|06|0|1|306|12|NA|24092018|4|27042018|NA|1|M|NA|NA|NA|NA|NA|NA|805816
1|2|24012018|0258|NA|NA|19071992|425|2|4|5|3|2|5|621005|210120|4|NA|NA|210120|NA|NA|NA|NA|NA|NA|NA|NA|NA|NA|NA|NA|NA|1|1|3|NA|NA|NA|NA|*R092|*O150|*I269|*J81X|NA|O150|NA|3209|NA|02022018|NA|NA|NA|20180006|S|02022018|O150|09022018|NA|S|S|3.2.00|3.2|3|01032018|R092/O150/I269/J81|19022018|NA|NA|03|0|1|036|8|NA|11102018|1|01022018|NA|1|M|NA|NA|NA|NA|NA|NA|805880
1|2|17022018|0440|821|210570|03061986|431|2|4|5|2|1|2|622020|210594|1|7073224|NA|210043|NA|NA|NA|NA|NA|NA|NA|NA|NA|NA|NA|NA|NA|4|2|1|1|NA|NA|2|*J960|*J81X|*O152|NA|NA|O152|NA|9597|NA|17022018|NA|NA|NA|20180004|N|NA|O152|21022018|5|S|S|3.2.00|3.2|NA|13032018|J960/J81/O152|13032018|NA|NA|01|0|1|024|121|NA|28082019|5|18062018|NA|2|M|NA|NA|NA|NA|NA|NA|806333
1|2|27052018|0859|821|211130|09121983|434|2|2|9|NA|NA|NA|999992|210750|1|2309254|NA|211130|NA|NA|NA|NA|NA|NA|NA|NA|NA|NA|NA|NA|NA|4|2|1|1|NA|NA|2|*A418|*D65X|*O141|NA|NA|O141|NA|9258|NA|27052018|NA|NA|NA|20180028|NA|NA|O141|07062018|2|S|S|3.2.02|3.2|NA|22062018|A418/D65/O141|22062018|NA|NA|NA|0|1|026|108|NA|12092018|1|12092018|NA|1|M|NA|NA|NA|NA|NA|NA|807008
1|2|05082018|2230|821|211130|08031984|434|2|4|1|4|3|NA|521110|211130|1|2309254|NA|211130|NA|NA|NA|NA|NA|NA|NA|NA|NA|NA|NA|NA|NA|4|2|1|1|NA|NA|NA|*A419|*R100|*O713|NA|*O829|O713|NA|9611|NA|05082018|NA|NA|NA|20180045|NA|NA|O713|08082018|NA|S|S|3.2.02|3.2|NA|25102018|A419/R100/O713*O829|09082018|NA|NA|12|0|1|081|65|NA|11102018|5|09102018|NA|1|M|NA|NA|NA|NA|NA|NA|807037
1|2|28092018|NA|821|211120|09111992|425|2|2|1|2|1|NA|NA|211120|1|2309254|NA|211130|NA|NA|NA|NA|NA|NA|NA|NA|NA|NA|NA|NA|NA|NA|NA|NA|1|NA|NA|2|*A419|NA|*O035|NA|NA|O035|NA|5273|NA|28092018|NA|NA|NA|20180042|N|NA|O035|03102018|1|S|S|3.2.02|3.2|NA|04102018|A419/ /O035|04102018|NA|NA|10|0|1|006|81|NA|18122018|5|18122018|NA|1|M|NA|NA|NA|NA|NA|NA|807039
1|2|05052018|0245|NA|NA|14101988|429|2|4|5|3|2|NA|612005|210340|1|3388301|NA|210300|NA|NA|NA|NA|NA|NA|NA|NA|NA|NA|NA|NA|NA|4|2|1|1|NA|NA|2|*A419*O85X|*O829|NA|NA|*O100|O85|NA|2281|NA|05052018|NA|NA|NA|20180014|S|07052018|O85|07052018|1|S|S|3.2.02|3.2|3|11052018|A419 O85/O829*O100|11052018|NA|NA|11|0|1|006|69|NA|13072018|1|13072018|NA|1|M|NA|NA|NA|NA|NA|NA|807360
1|2|31052018|0045|821|210530|21101978|439|2|4|1|4|3|NA|514120|210530|1|2456672|NA|210530|NA|NA|NA|NA|NA|NA|NA|NA|NA|NA|NA|NA|NA|4|2|1|1|NA|NA|2|*A419|*K929|*O100|*R092|NA|O100|NA|5115|NA|31052018|NA|NA|NA|20190008|S|07062018|I10|07062018|1|S|S|3.2.02|3.2|3|07052019|A419/K929/O100/R092|04072018|NA|NA|12|0|1|341|7|NA|04072018|5|07062018|NA|1|M|NA|NA|NA|NA|NA|NA|807828
1|2|21042018|1755|NA|NA|17071986|431|2|2|5|1|0|NA|612005|210635|1|2696029|NA|210570|NA|NA|NA|NA|NA|NA|NA|NA|NA|NA|NA|NA|NA|NA|NA|NA|NA|NA|NA|NA|*G936|*R402|*O152|NA|NA|O152|NA|2017|NA|23042018|NA|NA|NA|20180010|NA|NA|O152|02052018|1|S|S|3.2.00|3.2|NA|02052018|G936/R402/O152|02052018|NA|NA|00|0|1|011|164|NA|15072019|5|02102018|NA|2|M|NA|NA|NA|NA|NA|NA|808008
1|2|29062018|2039|821|210480|17061981|437|2|5|5|2|1|NA|621005|210480|1|6957501|NA|210480|NA|NA|NA|NA|NA|NA|NA|NA|NA|NA|NA|NA|NA|8|2|3|1|NA|NA|2|*R579|*R571|*O622|NA|NA|O622|NA|8045|NA|29062018|NA|NA|NA|20190001|NA|NA|O622|04072018|1|S|S|3.2.02|3.2|NA|30012019|R579/R571/O622|04072018|NA|NA|10|0|1|215|300|NA|30042019|3|25042019|NA|1|M|NA|NA|NA|NA|NA|NA|808813
1|2|28042018|2025|821|210200|06101999|418|2|5|5|3|2|5|621005|210200|1|9077413|NA|210990|NA|NA|NA|NA|NA|NA|NA|NA|NA|NA|NA|NA|NA|4|2|1|1|NA|NA|2|*E872|*O150|NA|NA|NA|O150|NA|8464|NA|28042018|NA|NA|NA|20180005|N|NA|O150|08052018|1|S|S|3.2.02|3.2|NA|28052018|E872/O150|28052018|NA|NA|03|0|1|030|107|NA|13082018|5|13082018|NA|1|M|NA|NA|NA|NA|NA|NA|809352
1|2|17042018|1715|821|210087|29111997|420|2|2|1|3|2|NA|999994|210087|1|2308762|NA|211130|NA|NA|NA|NA|NA|NA|NA|NA|NA|NA|NA|NA|NA|4|2|1|1|NA|NA|NA|*A419|*O85X|NA|NA|NA|O85|NA|7754|NA|17042018|NA|NA|NA|20180026|N|NA|O85|24042018|1|S|S|3.2.02|3.2|NA|30052018|A419/O85|26042018|NA|NA|11|0|1|043|272|NA|14012019|5|14012019|NA|2|M|NA|NA|NA|NA|NA|NA|809511
1|2|14052018|1900|821|211130|30051993|424|2|4|1|3|2|NA|999992|211130|1|9144706|NA|211130|NA|NA|NA|NA|NA|NA|NA|NA|NA|NA|NA|NA|NA|8|2|3|1|NA|NA|1|*O85X*I260|*K550|NA|NA|NA|O85|NA|1081|211130|15052018|NA|NA|NA|20180026|S|14052018|I260|17052018|4|S|S|3.2.02|3.2|5|30052018|O85 I260/K550|30052018|NA|NA|11|0|1|016|23|NA|06062018|9|06062018|NA|NA|M|NA|NA|NA|NA|NA|NA|810363
1|2|22072018|0700|821|211105|09091995|422|2|4|1|4|3|3|999991|211105|5|NA|NA|210900|NA|NA|NA|NA|NA|NA|NA|NA|NA|NA|NA|NA|NA|1|1|3|1|NA|NA|1|*O751|*O001|NA|NA|NA|O001|NA|4961|210530|22072018|NA|NA|NA|20180017|NA|NA|O001|24072018|4|S|S|3.2.02|3.2|NA|31082018|O751/O001|31082018|NA|NA|06|0|1|040|240|NA|19032019|1|19032019|NA|1|M|NA|NA|NA|NA|NA|NA|810981
1|2|12082018|2110|821|211000|26072003|415|2|4|1|4|2|8|999991|150293|1|2531348|NA|210530|NA|NA|NA|NA|NA|NA|NA|NA|NA|NA|NA|NA|NA|1|1|3|1|NA|NA|2|*O751|*O993|NA|NA|NA|O993|NA|9577|NA|12082018|NA|NA|NA|20180019|NA|NA|O993|21082018|2|S|S|3.2.02|3.2|NA|05102018|O751/O993|31082018|NA|NA|04|0|1|054|136|NA|08012019|1|26122018|NA|1|M|NA|NA|NA|NA|NA|NA|811047
1|2|27072018|1920|817|170290|21071984|434|2|4|1|4|3|1|999992|170290|1|2531208|NA|210530|NA|NA|NA|NA|NA|NA|NA|NA|NA|NA|NA|NA|NA|8|2|3|1|NA|NA|2|*O751|*O459|NA|NA|NA|O459|NA|4603|210530|28072018|NA|NA|NA|20180017|NA|NA|O459|31072018|4|S|S|3.2.02|3.2|NA|31082018|O751/O459|31082018|NA|NA|05|0|1|035|104|NA|28112018|5|08112018|NA|1|M|NA|NA|NA|NA|NA|NA|811054
1|2|16052018|0130|821|210230|26121985|432|2|4|5|2|1|1|622020|210420|1|6483089|NA|210910|NA|NA|NA|NA|NA|NA|NA|NA|NA|NA|NA|NA|NA|2|1|3|1|NA|NA|2|*R571|*O622|NA|NA|NA|O622|NA|2977|NA|16052018|NA|NA|NA|20180012|S|10072018|O622|07062018|2|S|S|3.2.02|3.2|3|12072018|R571/O622|26062018|NA|NA|01|0|1|057|55|NA|10072018|5|10072018|NA|1|M|NA|NA|NA|NA|NA|NA|811114
1|2|03052018|1000|821|210120|16042001|417|2|4|1|3|2|NA|999991|210120|1|6922902|NA|210120|NA|NA|NA|NA|NA|NA|NA|NA|NA|NA|NA|NA|NA|NA|NA|NA|NA|NA|NA|NA|*O152*G406|NA|NA|NA|NA|O152|NA|2271|NA|03052018|NA|NA|NA|20190026|S|03052018|G406|16052018|1|S|S|3.2.02|3.2|3|30102019|O152 G406|18052018|NA|NA|11|0|1|545|88|NA|24092019|5|30072018|NA|1|M|NA|NA|NA|NA|NA|NA|811262
1|2|24072018|0350|821|211300|06071986|432|2|4|5|9|9|NA|622020|211300|1|2530473|NA|211300|NA|NA|NA|NA|NA|NA|NA|NA|NA|NA|NA|NA|NA|1|1|3|1|NA|NA|2|*I469|*O151|NA|NA|NA|O151|NA|655|NA|24072018|NA|NA|NA|20180011|N|NA|O151|25072018|1|S|S|3.2.02|3.2|NA|13082018|I469/O151|26072018|NA|NA|09|0|1|020|15|NA|19092018|5|08082018|NA|1|M|NA|NA|NA|NA|NA|NA|811350
1|2|27092018|0400|821|210480|04101978|439|2|4|1|3|2|NA|621005|210480|1|2462729|NA|210480|NA|NA|NA|NA|NA|NA|NA|NA|NA|NA|NA|NA|NA|1|1|3|1|NA|NA|2|*R092|*O150|*O13X|NA|NA|O150|NA|7244|NA|27092018|NA|NA|NA|20190009|NA|NA|O150|11102018|1|S|S|3.2.02|3.2|NA|03102019|R092/O150/O13|17102018|NA|NA|11|0|1|371|327|NA|20082019|1|20082019|NA|1|M|NA|NA|NA|NA|NA|NA|811536
1|2|21062018|0700|821|210260|07021994|424|2|4|1|4|3|2|621005|210860|1|7826060|NA|210860|NA|NA|NA|NA|NA|NA|NA|NA|NA|NA|NA|NA|NA|9|9|9|1|NA|NA|2|*R092|*I959|*O888|*O821|NA|O888|NA|6306|NA|21062018|NA|NA|NA|20180022|N|NA|O888|09072018|1|S|S|3.2.00|3.2|NA|09072018|R092/I959/O888/O821|09072018|NA|NA|05|0|1|018|526|NA|02122019|4|29112019|NA|1|M|NA|NA|NA|NA|NA|NA|812177
1|2|28062018|0900|821|211070|16031993|425|2|1|2|4|3|3|622020|210910|1|2455145|NA|210910|NA|NA|NA|NA|NA|NA|NA|NA|NA|NA|NA|NA|NA|NA|NA|NA|NA|NA|NA|NA|*O879|NA|NA|NA|NA|O879|NA|2933|NA|28062018|NA|NA|NA|20180017|S|19092018|O879|31072018|1|S|S|3.2.02|3.2|3|25092018|O879|01082018|NA|NA|06|0|1|089|83|NA|22032019|5|19092018|NA|1|M|NA|NA|NA|NA|NA|NA|812246
1|2|19072018|1630|821|210910|23071986|431|2|4|2|4|3|NA|622020|210910|1|6483089|NA|210910|NA|NA|NA|NA|NA|NA|NA|NA|NA|NA|NA|NA|NA|5|2|2|1|NA|NA|2|*R578|*O85X|NA|NA|NA|O85|NA|8175|NA|19072018|NA|NA|NA|20180016|S|15082018|O85|30072018|1|S|S|3.2.02|3.2|3|10092018|R578/O85|01082018|NA|NA|12|0|1|053|27|NA|15082018|5|15082018|NA|1|M|NA|NA|NA|NA|NA|NA|812329
1|2|02062018|0704|821|211130|25101980|437|2|2|5|4|3|3|999992|211130|1|2726653|NA|211130|NA|NA|NA|NA|NA|NA|NA|NA|NA|NA|NA|NA|NA|3|1|3|1|NA|NA|2|*T811|*O083|*Y838*O713|*O001|NA|O713|NA|3470|NA|02062018|NA|NA|NA|20180046|NA|NA|O713|07062018|2|S|S|3.2.02|3.2|NA|31102018|T811/O083/Y838 O713/O001|22062018|NA|NA|06|0|1|151|24|NA|26062018|6|26062018|NA|2|M|NA|NA|NA|NA|NA|NA|812747
1|2|19052018|0430|821|210840|21121993|424|2|4|1|9|9|NA|999992|210840|1|2309254|NA|211130|NA|NA|NA|NA|NA|NA|NA|NA|NA|NA|NA|NA|NA|2|1|3|1|NA|NA|1|*I269|*Y838*O829|NA|NA|*J111|O759|NA|1081|211130|19052018|NA|NA|NA|20180025|S|19052018|O759|24052018|4|S|S|3.2.02|3.2|5|30052018|I269/Y838 O829*J111|30052018|NA|NA|09|0|1|011|38|NA|12072018|3|26062018|NA|2|M|NA|NA|NA|NA|NA|NA|812787
1|2|10062018|2020|821|211130|28021975|443|2|4|5|4|2|8|622020|211130|1|2309254|NA|211130|NA|NA|NA|NA|NA|NA|NA|NA|NA|NA|NA|NA|NA|2|1|3|1|NA|NA|1|*J81X|*O159|NA|NA|*E149|O159|NA|7392|211130|11062018|NA|NA|NA|20180029|S|10062018|O159|14062018|4|S|S|3.2.02|3.2|5|28062018|J81/O159*E149|28062018|NA|NA|04|0|1|018|58|NA|07082018|4|07082018|NA|1|M|NA|NA|NA|NA|NA|NA|813428
1|2|13062018|1533|821|211130|02081997|420|2|4|5|4|2|8|622020|210750|1|2702886|NA|211130|NA|NA|NA|NA|NA|NA|NA|NA|NA|NA|NA|NA|NA|2|1|3|1|NA|NA|1|*I319|*I312|*I219|*O16X|*D649|O16|NA|5040|211130|14062018|NA|NA|NA|20180029|S|13062018|O16|26062018|4|S|S|3.2.02|3.2|5|28062018|I319/I312/I219/O16*D649|28062018|NA|NA|04|0|1|015|91|NA|12092018|5|12092018|NA|1|M|NA|NA|NA|NA|NA|NA|813436
1|2|13072018|0833|815|150420|10071975|443|2|4|1|5|5|NA|252105|211130|5|NA|NA|211120|NA|NA|NA|NA|NA|NA|NA|NA|NA|NA|NA|NA|NA|NA|NA|NA|2|NA|NA|1|*R571|*O001*Q001|NA|NA|*I422*F172|O001|NA|1792|211130|13072018|NA|NA|NA|20180033|S|13072018|Q001|24072018|4|S|S|3.2.02|3.2|5|30072018|R571/O001 Q001*I422 F172|30072018|NA|NA|08|0|1|017|82|NA|03102018|9|03102018|NA|NA|M|NA|NA|NA|NA|NA|NA|815046
1|2|25082018|NA|821|211130|11031991|427|2|4|1|4|3|NA|999992|211290|1|2309254|NA|211130|NA|NA|NA|NA|NA|NA|NA|NA|NA|NA|NA|NA|NA|9|9|9|1|NA|NA|2|*R571|*O722|*O829|NA|NA|O722|NA|5337|NA|25082018|NA|NA|NA|20180037|N|NA|O722|27082018|1|S|S|3.2.02|3.2|NA|30082018|R571/O722/O829|30082018|NA|NA|12|0|1|005|54|NA|07012019|7|18102018|NA|1|M|NA|NA|NA|NA|NA|NA|815484
1|2|30062018|1400|821|210330|01061995|423|2|1|2|4|2|8|622020|210330|1|2449641|NA|210330|NA|NA|NA|NA|NA|NA|NA|NA|NA|NA|NA|NA|NA|NA|NA|NA|NA|NA|NA|NA|*R571|*O721|*D65X|*O881|NA|O721|NA|3198|NA|02072018|NA|NA|NA|20180023|S|26072018|O721|18072018|1|S|S|3.2.00|3.2|8|22082018|R571/O721/D65/O881|18072018|NA|NA|04|0|1|053|26|NA|24082018|5|26072018|NA|1|M|NA|NA|NA|NA|NA|NA|815972
1|2|04072018|0420|821|210320|17031995|423|2|4|1|NA|NA|NA|621005|210320|1|2452820|NA|210320|NA|NA|NA|NA|NA|NA|NA|NA|NA|NA|NA|NA|NA|NA|NA|NA|NA|NA|NA|NA|*O622|*O751|*R092|NA|NA|O622|NA|2337|NA|04072018|NA|NA|NA|20180010|NA|NA|O622|10082018|1|S|S|3.2.02|3.2|NA|20082018|O622/O751/R092|20082018|NA|NA|NA|0|1|047|107|NA|19102018|5|19102018|NA|1|M|NA|NA|NA|NA|NA|NA|816424
1|2|28062018|0844|821|210300|11091990|427|2|4|1|4|2|8|999992|210300|1|3388301|NA|210300|NA|NA|NA|NA|NA|NA|NA|NA|NA|NA|NA|NA|NA|4|2|1|1|NA|NA|2|*O120|*O233|NA|NA|*R060*R509|O120|NA|7272|NA|28062018|NA|NA|NA|20180032|S|28062018|O120|28062018|1|S|S|3.2.02|3.2|8|30082018|O120/O233*R060 R509|16072018|NA|NA|04|0|1|063|26|NA|24072018|1|24072018|NA|1|M|NA|NA|NA|NA|NA|NA|816983
1|2|04032018|NA|835|355030|22071988|429|2|NA|2|4|3|3|999992|355030|1|2786680|NA|355030|NA|NA|NA|NA|NA|NA|NA|NA|NA|NA|NA|NA|NA|4|2|1|1|NA|NA|1|*J960|*J90X*R601|*O230*N179|NA|NA|O230|NA|94237|355030|05032018|NA|NA|NA|20200006|S|11092018|N179|09032018|3|S|S|3.2.01|3.2|1|12022020|J960/J90 R601/O230 N179|13032018|NA|NA|06|0|1|710|190|NA|12092018|5|10092018|NA|1|M|NA|NA|NA|NA|NA|NA|817090
1|2|29042018|0908|822|220360|15121974|443|2|1|2|5|5|NA|998999|355030|1|5174465|NA|355030|NA|NA|NA|NA|NA|NA|NA|NA|NA|NA|NA|NA|NA|1|1|3|1|NA|NA|NA|*R571|*O009|NA|NA|NA|O009|NA|170929|NA|29042018|NA|NA|NA|20180018|NA|NA|O009|07052018|NA|S|S|3.2.01|3.2|NA|09052018|R571/O009|09052018|NA|NA|08|0|1|010|143|NA|27092018|5|19092018|NA|1|M|NA|NA|NA|NA|NA|NA|818076
1|2|18032018|1210|835|355030|15101988|429|2|1|1|NA|NA|NA|NA|355250|1|2071568|NA|355030|NA|NA|NA|NA|NA|NA|NA|NA|NA|NA|NA|NA|NA|4|2|1|NA|NA|NA|NA|*R688|*R570|*I509|*O994*I050|*I00X*I48X|O994|NA|141368|NA|18032018|NA|NA|NA|20180012|NA|NA|I050|22032018|1|S|S|3.2.01|3.2|NA|28032018|R688/R570/I509/O994 I050*I00 I48|28032018|NA|NA|NA|0|1|010|18|NA|05042018|9|05042018|NA|NA|M|NA|NA|NA|NA|NA|NA|818660
1|2|09042018|0430|850|500270|25011978|440|2|1|5|NA|NA|NA|NA|355030|1|2071568|NA|355030|NA|NA|NA|NA|NA|NA|NA|NA|NA|NA|NA|NA|NA|4|2|1|1|NA|NA|2|*R570|*Y838|*O994*I710|*Q874|NA|O994|NA|180813|NA|09042018|NA|NA|NA|20190010|S|09102018|Q874|12042018|2|S|S|3.2.01|3.2|1|13032019|R570/Y838/O994 I710/Q874|17042018|NA|NA|NA|0|1|338|183|NA|10102018|5|09102018|NA|1|M|NA|NA|NA|NA|NA|NA|818692
1|2|13062018|NA|033|NA|24061992|425|2|4|5|9|9|NA|763015|355030|1|2084473|NA|355030|NA|NA|NA|NA|NA|NA|NA|NA|NA|NA|NA|NA|NA|NA|NA|NA|NA|NA|NA|NA|*R99X|NA|NA|*O069|NA|O069|NA|110984|355030|14062018|NA|NA|NA|20180025|S|25062018|R99|20062018|3|S|S|3.2.01|3.2|1|27062018|R99/ / /O069|27062018|NA|NA|09|0|1|014|97|NA|24092018|3|18092018|NA|1|M|NA|NA|NA|NA|NA|NA|821923
1|2|15042018|0845|835|355030|24121993|424|2|1|2|4|3|NA|421125|355030|1|2077671|NA|355030|NA|NA|NA|NA|NA|NA|NA|NA|NA|NA|NA|NA|NA|1|1|3|1|NA|NA|1|*A419|*O239|NA|NA|NA|O239|NA|140271|355030|16042018|NA|NA|NA|20180016|NA|NA|O239|23042018|4|S|S|3.2.01|3.2|NA|25042018|A419/O239|25042018|NA|NA|12|0|1|010|57|NA|14062018|1|11062018|NA|1|M|NA|NA|NA|NA|NA|NA|822584
1|2|28032018|0550|835|355030|28051979|438|2|1|2|5|5|NA|141410|355030|1|3045625|NA|355030|NA|NA|NA|NA|NA|NA|NA|NA|NA|NA|NA|NA|NA|1|1|3|1|NA|NA|2|*A419|*J189|NA|*O249*N19X|NA|O249|NA|189359|NA|28032018|NA|NA|NA|20200007|S|13022020|O249|05042018|2|S|S|3.2.01|3.2|1|19022020|A419/J189/ /O249 N19|13042018|NA|NA|08|0|1|693|110|NA|18072018|1|16072018|NA|1|M|NA|NA|NA|NA|NA|NA|823758
1|2|04042018|NA|835|355030|11081977|440|2|1|1|2|1|NA|999992|355030|1|2688573|NA|355030|NA|NA|NA|NA|NA|NA|NA|NA|NA|NA|NA|NA|NA|4|2|1|1|NA|NA|1|*O994*I219|NA|NA|NA|NA|O994|NA|62591|355030|05042018|NA|NA|NA|20200007|S|02012019|O95|12042018|3|S|S|3.2.01|3.2|1|19022020|O994 I219|17042018|NA|NA|10|0|1|686|292|NA|22012019|5|21012019|NA|1|M|NA|NA|NA|NA|NA|NA|823924
1|2|28042018|1615|835|350710|29081984|433|2|2|1|3|2|NA|999992|355030|1|2088495|NA|355030|NA|NA|NA|NA|NA|NA|NA|NA|NA|NA|NA|NA|NA|8|2|3|1|NA|NA|2|*O903*R570|*I500|*O903|NA|*O309|O903|NA|178031|NA|28042018|NA|NA|NA|20190028|S|04062019|O903|10052018|2|S|S|3.2.01|3.2|1|26062019|O903 R570/I500/O903*O309|16052018|NA|NA|11|0|1|424|404|NA|12062019|8|06062019|NA|NA|M|NA|NA|NA|NA|NA|NA|825126
1|2|18052018|0030|826|260670|31052000|417|2|1|2|4|3|NA|999991|355030|1|3212130|NA|355030|NA|NA|NA|NA|NA|NA|NA|NA|NA|NA|NA|NA|NA|3|1|3|1|NA|NA|2|*A419|*J180|*O038|NA|*N179|O038|NA|39745|NA|18052018|NA|NA|NA|20190042|S|03072019|O035|11062018|2|S|S|3.2.01|3.2|1|02102019|A419/J180/O038*N179|13062018|NA|NA|12|0|1|502|397|NA|01072019|3|19062019|NA|1|M|NA|NA|NA|NA|NA|NA|825836
1|2|20052018|0335|835|355030|24061982|435|2|2|1|4|3|NA|999992|355030|1|2688573|NA|355030|NA|NA|NA|NA|NA|NA|NA|NA|NA|NA|NA|NA|NA|1|1|3|2|NA|NA|1|*J81X|*O994*I422|NA|NA|NA|O994|NA|85806|355030|20052018|NA|NA|NA|20180022|NA|NA|O994|29052018|4|S|S|3.2.01|3.2|NA|06062018|J81/O994 I422|06062018|NA|NA|12|0|1|017|128|NA|27092018|1|25092018|NA|1|M|NA|NA|NA|NA|NA|NA|829620
1|2|25052018|0744|835|355030|17111997|420|2|1|1|4|3|NA|999992|355030|1|2077477|NA|355030|NA|NA|NA|NA|NA|NA|NA|NA|NA|NA|NA|NA|NA|4|2|1|1|NA|NA|1|*I269|*O991*M329|NA|NA|NA|O991|NA|56895|355030|26052018|NA|NA|NA|20190008|S|18072018|I269|04072018|4|S|S|3.2.01|3.2|1|27022019|I269/O991 M329|11072018|NA|NA|12|0|1|278|54|NA|19072018|1|18072018|NA|1|M|NA|NA|NA|NA|NA|NA|829683
1|2|02062018|2114|835|355030|17071995|422|2|4|1|4|2|8|999992|355030|1|5718368|NA|355030|NA|NA|NA|NA|NA|NA|NA|NA|NA|NA|NA|NA|NA|4|2|1|2|NA|NA|1|*O996*K851|NA|NA|NA|*K802|O996|NA|85806|355030|03062018|NA|NA|NA|20190016|NA|NA|O996|06062018|4|S|S|3.2.01|3.2|NA|17042019|O996 K851*K802|13062018|NA|NA|04|0|1|319|115|NA|27092018|3|25092018|NA|1|M|NA|NA|NA|NA|NA|NA|829790
1|2|20052018|2130|835|351060|19121979|438|2|2|2|5|4|NA|521110|350570|1|2077485|NA|355030|NA|NA|NA|NA|NA|NA|NA|NA|NA|NA|NA|NA|NA|4|2|1|1|NA|NA|1|*J80X|*O95X*E669|NA|NA|NA|O95|NA|102574|NA|21052018|NA|NA|NA|20180023|NA|NA|O95|11062018|5|S|S|3.2.01|3.2|NA|13062018|J80/O95 E669|13062018|NA|NA|07|0|1|024|205|NA|11122018|5|11122018|NA|1|M|NA|NA|NA|NA|NA|NA|831644
1|2|26062018|1043|033|NA|07091996|421|2|4|1|4|3|NA|763010|355030|1|2076896|NA|355030|NA|NA|NA|NA|NA|NA|NA|NA|NA|NA|NA|NA|NA|4|2|1|1|NA|NA|1|*O85X*A419|*K650|*M726|NA|NA|O85|NA|58653|355030|27062018|NA|NA|NA|20190028|S|06062019|M726|17082018|4|S|S|3.2.01|3.2|1|26062019|O85 A419/K650/M726|22082018|NA|NA|12|0|1|365|345|NA|07062019|5|06062019|NA|1|M|NA|NA|NA|NA|NA|NA|835233
1|2|09062018|0240|826|261480|20061978|439|2|4|1|3|2|6|516120|355030|1|2065665|NA|355030|NA|NA|NA|NA|NA|NA|NA|NA|NA|NA|NA|NA|NA|4|2|1|1|NA|NA|1|*I269|*O881|NA|NA|NA|O881|NA|53350|355030|09062018|NA|NA|NA|20180024|NA|NA|O881|14062018|4|S|S|3.2.01|3.2|NA|20062018|I269/O881|20062018|NA|NA|03|0|1|011|121|NA|09102018|5|08102018|NA|1|M|NA|NA|NA|NA|NA|NA|835584
1|2|29062018|1134|851|510760|11101994|423|2|1|1|5|4|NA|999991|510760|1|2058391|NA|355030|NA|NA|NA|NA|NA|NA|NA|NA|NA|NA|NA|NA|NA|4|2|1|1|NA|NA|2|*A419|*O85X|NA|NA|NA|O85|NA|57475|NA|29062018|NA|NA|NA|20180029|NA|NA|O85|17072018|1|S|S|3.2.01|3.2|NA|26072018|A419/O85|26072018|NA|NA|07|0|1|027|339|NA|27082019|5|03062019|NA|2|M|NA|NA|NA|NA|NA|NA|837921
1|2|01082018|NA|835|355030|07031991|427|2|4|1|3|2|NA|521110|355030|1|4050282|NA|355030|NA|NA|NA|NA|NA|NA|NA|NA|NA|NA|NA|NA|NA|5|2|2|2|NA|NA|1|*O994*I255|NA|NA|NA|*I10X|O994|NA|138458|355030|01082018|NA|NA|NA|20190019|S|29122018|I255|05092018|3|S|S|3.2.01|3.2|1|02052019|O994 I255*I10|06092018|NA|NA|11|0|1|274|120|NA|30112018|6|29112018|NA|1|M|NA|NA|NA|NA|NA|NA|839017
1|2|18062018|0722|827|270020|13121981|436|2|1|2|NA|NA|NA|999994|351880|1|2071568|NA|355030|NA|NA|NA|NA|NA|NA|NA|NA|NA|NA|NA|NA|NA|1|1|3|1|NA|NA|1|*O998*Q239*Y831|*T820|NA|NA|*Q209*Y838|O998|NA|32185|NA|18062018|NA|NA|NA|20180025|NA|NA|O998|20062018|5|S|S|3.2.01|3.2|NA|27062018|O998 Q239 Y831/T820*Q209 Y838|27062018|NA|NA|NA|0|1|009|59|NA|23102018|1|16082018|NA|1|M|NA|NA|NA|NA|NA|NA|839485
1|2|25062018|1740|835|355030|19071978|439|2|4|2|4|3|NA|999992|355030|1|2688689|NA|355030|NA|NA|NA|NA|NA|NA|NA|NA|NA|NA|NA|NA|NA|5|2|2|1|NA|NA|2|*O998*C20X|NA|NA|NA|*D509*C786*R18X|O998|NA|173097|NA|26062018|NA|NA|NA|20190031|S|17052019|C189|17082018|5|S|S|3.2.01|3.2|1|17072019|O998 C20*D509 C786 R18|22082018|NA|NA|12|0|1|387|326|NA|20052019|6|17052019|NA|1|M|NA|NA|NA|NA|NA|NA|840855
1|2|31072018|1510|835|355030|29081990|427|2|4|2|4|3|NA|422205|351640|1|2078015|NA|355030|NA|NA|NA|NA|NA|NA|NA|NA|NA|NA|NA|NA|NA|NA|NA|NA|NA|NA|NA|NA|*I269|*N189|*O149|*I10X|*J459|O149|NA|166200|NA|31072018|NA|NA|NA|20190024|S|22052019|I269|05092018|2|S|S|3.2.01|3.2|3|03062019|I269/N189/O149/I10*J459|06092018|NA|NA|12|0|1|307|NA|NA|NA|NA|NA|NA|NA|NA|NA|NA|NA|NA|NA|NA|842216
1|2|20062018|1720|835|354870|04061990|428|2|1|2|4|3|NA|252105|354780|1|3037274|NA|355030|NA|NA|NA|NA|NA|NA|NA|NA|NA|NA|NA|NA|NA|2|1|3|1|NA|NA|2|*O711|*O670|*O751|NA|NA|O711|NA|54058|NA|20062018|NA|NA|NA|20180025|NA|NA|O711|25062018|1|S|S|3.2.01|3.2|NA|27062018|O711/O670/O751|27062018|NA|NA|12|0|1|007|69|NA|09112018|4|28082018|NA|1|M|NA|NA|NA|NA|NA|NA|842300
1|2|26072018|2000|835|355030|13071994|424|2|1|1|4|3|NA|521110|355030|1|2080346|NA|355030|NA|NA|NA|NA|NA|NA|NA|NA|NA|NA|NA|NA|NA|1|1|3|1|NA|NA|1|NA|*T817|*K915|*O266*Y836|NA|O266|NA|73593|355030|27072018|NA|NA|NA|20190019|S|14112018|I269|29082018|4|S|S|3.2.01|3.2|1|02052019|/T817/K915/O266 Y836|06092018|NA|NA|12|0|1|280|111|NA|21112018|1|14112018|NA|1|M|NA|NA|NA|NA|NA|NA|843714
1|2|14072018|NA|835|355250|20082001|416|2|4|1|4|3|NA|999993|355250|1|2077477|NA|355030|NA|NA|NA|NA|NA|NA|NA|NA|NA|NA|NA|NA|NA|1|1|3|1|NA|NA|1|*R99X|*O998|NA|NA|NA|O998|NA|106388|355030|14072018|NA|NA|NA|20180029|NA|NA|O998|17072018|3|S|S|3.2.01|3.2|NA|26072018|R99/O998|26072018|NA|NA|12|0|1|012|54|NA|06092018|1|06092018|NA|2|M|NA|NA|NA|NA|NA|NA|843961
1|2|28082018|0325|835|355030|23081997|421|2|4|2|2|1|NA|NA|355030|1|2091313|NA|355030|NA|NA|NA|NA|NA|NA|NA|NA|NA|NA|NA|NA|NA|2|1|3|1|NA|NA|2|NA|*T811|*T810|*O720*Y836|*O441|O720|NA|61908|NA|28082018|NA|NA|NA|20190045|S|24062019|O441|10092018|NA|S|S|3.2.01|3.2|1|23102019|/T811/T810/O720 Y836*O441|12092018|NA|NA|10|0|1|421|335|NA|30072019|5|29072019|NA|1|M|NA|NA|NA|NA|NA|NA|845593
1|2|22082018|2300|824|240810|19031977|441|2|1|1|3|2|NA|998999|355030|1|2752077|NA|355030|NA|NA|NA|NA|NA|NA|NA|NA|NA|NA|NA|NA|NA|4|2|1|2|NA|NA|1|*R570|*J81X|*O450|NA|NA|O450|NA|39852|355030|23082018|NA|NA|NA|20190017|S|07032019|O459|28082018|4|S|S|3.2.01|3.2|1|24042019|R570/J81/O450|06092018|NA|NA|11|0|1|245|196|NA|07032019|5|06032019|NA|1|M|NA|NA|NA|NA|NA|NA|847725
1|2|16092018|NA|829|290500|02121985|432|2|1|2|9|9|NA|999992|355030|1|2688689|NA|355030|NA|NA|NA|NA|NA|NA|NA|NA|NA|NA|NA|NA|NA|1|1|3|1|NA|NA|1|NA|NA|*R55X|*O888|*I420|O888|NA|55935|355030|17092018|NA|NA|NA|20190040|S|30082019|O994|11102018|3|S|S|3.2.01|3.2|1|18092019|/ /R55/O888*I420|17102018|NA|NA|09|0|1|367|353|NA|05092019|1|04092019|NA|1|M|NA|NA|NA|NA|NA|NA|848399
1|2|11092018|0722|835|355030|17071986|432|2|1|1|4|3|NA|998999|355030|1|5420938|NA|355030|NA|NA|NA|NA|NA|NA|NA|NA|NA|NA|NA|NA|NA|4|2|1|1|NA|NA|2|*A419|*J189|*O995|NA|NA|O995|NA|47680|NA|11092018|NA|NA|NA|20190019|S|07012019|O995|14092018|2|S|S|3.2.01|3.2|1|02052019|A419/J189/O995|20092018|NA|NA|12|0|1|233|118|NA|08012019|5|07012019|NA|1|M|NA|NA|NA|NA|NA|NA|851407
1|2|16092018|0055|825|250400|21041985|433|2|1|5|3|2|NA|998999|355030|1|5420938|NA|355030|NA|NA|NA|NA|NA|NA|NA|NA|NA|NA|NA|NA|NA|5|2|2|1|NA|NA|2|*O903*R570|*I48X|NA|NA|NA|O903|NA|193312|NA|16092018|NA|NA|NA|20190017|S|26022019|I110|22102018|2|S|S|3.2.01|3.2|1|24042019|O903 R570/I48|24102018|NA|NA|11|0|1|220|164|NA|27022019|6|27022019|NA|1|M|NA|NA|NA|NA|NA|NA|851417
1|2|28112018|NA|835|355030|30101987|431|2|1|2|4|3|NA|999992|355030|1|2077523|NA|355030|NA|NA|NA|NA|NA|NA|NA|NA|NA|NA|NA|NA|NA|4|2|1|1|NA|NA|1|*J81X|*O722|NA|NA|*O244|O722|NA|134934|355030|28112018|NA|NA|NA|20190047|S|09042019|O95|03122018|3|S|S|3.2.01|3.2|1|06112019|J81/O722*O244|05122018|NA|NA|12|0|1|343|148|NA|06052019|5|25042019|NA|1|M|NA|NA|NA|NA|NA|NA|852519
1|2|29112018|NA|835|355030|12112001|417|2|4|1|4|3|NA|999991|355030|1|2066092|NA|355030|NA|NA|NA|NA|NA|NA|NA|NA|NA|NA|NA|NA|NA|4|2|1|1|NA|NA|1|*A419|NA|*O85X|NA|NA|O85|NA|138458|355030|29112018|NA|NA|NA|20190014|S|03012019|O995|03012019|3|S|S|3.2.01|3.2|1|03042019|A419//O85|09012019|NA|NA|12|0|1|125|28|NA|13032019|5|27122018|NA|1|M|NA|NA|NA|NA|NA|NA|852526
1|2|04082018|2300|835|355030|14021992|426|2|2|2|4|3|NA|512120|355030|1|2079186|NA|355030|NA|NA|NA|NA|NA|NA|NA|NA|NA|NA|NA|NA|NA|1|1|3|1|NA|NA|2|*O994*I740|NA|NA|NA|NA|O994|NA|138944|NA|05082018|NA|NA|NA|20190042|S|16092019|R99|05092018|NA|S|S|3.2.01|3.2|1|02102019|O994 I740|12092018|NA|NA|12|0|1|424|408|NA|17092019|1|16092019|NA|1|M|NA|NA|NA|NA|NA|NA|853608
1|2|27092018|0345|835|355030|05031981|437|2|1|1|4|3|3|516210|355030|1|2082829|NA|355030|NA|NA|NA|NA|NA|NA|NA|NA|NA|NA|NA|NA|NA|1|1|3|1|NA|NA|2|*O101*J960|*J180|*I639|NA|*I509*I10X|O101|NA|196246|NA|27092018|NA|NA|NA|20190017|S|25032019|I64|06112018|NA|S|S|3.2.01|3.2|1|24042019|O101 J960/J180/I639*I509 I10|14112018|NA|NA|06|0|1|209|179|NA|26032019|3|25032019|NA|1|M|NA|NA|NA|NA|NA|NA|854104
1|2|10092018|2045|835|355030|08081986|432|2|4|2|4|3|NA|411010|355030|1|2089602|NA|355030|NA|NA|NA|NA|NA|NA|NA|NA|NA|NA|NA|NA|NA|4|2|1|1|NA|NA|2|*O751|*D65X|*O721|NA|NA|O721|NA|160597|NA|10092018|NA|NA|NA|20190013|S|20032019|O629|14092018|2|S|S|3.2.01|3.2|1|27032019|O751/D65/O721|20092018|NA|NA|12|0|1|198|191|NA|22032019|5|20032019|NA|1|M|NA|NA|NA|NA|NA|NA|855698
1|2|01092018|0651|824|240050|14021982|436|2|1|5|3|2|NA|514210|355030|1|2091755|NA|355030|NA|NA|NA|NA|NA|NA|NA|NA|NA|NA|NA|NA|NA|4|2|1|NA|NA|NA|NA|*R571|*O721|*E878|NA|NA|O721|NA|64439|NA|01092018|NA|NA|NA|20200005|S|30012020|O721|13092018|NA|S|S|3.2.01|3.2|1|05022020|R571/O721/E878|20092018|NA|NA|11|0|1|522|45|NA|06112018|5|16102018|NA|1|M|NA|NA|NA|NA|NA|NA|856193
1|2|10082018|0616|829|290130|15121977|440|2|1|4|4|3|NA|999992|355030|1|2688573|NA|355030|NA|NA|NA|NA|NA|NA|NA|NA|NA|NA|NA|NA|NA|4|2|1|2|NA|NA|1|*G936|*O152|NA|NA|NA|O152|NA|48697|355030|10082018|NA|NA|NA|20190048|S|07112019|G936|12092018|4|S|S|3.2.01|3.2|1|13112019|G936/O152|20092018|NA|NA|12|0|1|460|453|NA|07112019|5|06112019|NA|1|M|NA|NA|NA|NA|NA|NA|856752
1|2|12082018|0120|835|355030|28071979|439|2|1|2|5|5|NA|516205|355030|1|2091585|NA|355030|NA|NA|NA|NA|NA|NA|NA|NA|NA|NA|NA|NA|NA|5|2|2|NA|NA|NA|NA|*O994*J81X|*R570|*I219|*I709|*E149*I10X|O994|NA|140271|355030|12082018|NA|NA|NA|20180033|N|NA|O994|22082018|4|S|S|3.2.01|3.2|NA|29082018|O994 J81/R570/I219/I709*E149 I10|29082018|NA|NA|08|0|1|017|NA|NA|NA|NA|NA|NA|NA|NA|NA|NA|NA|NA|NA|NA|856775
1|2|17092018|0800|033|NA|11091995|423|2|4|1|3|2|NA|999992|355030|1|3212130|NA|355030|NA|NA|NA|NA|NA|NA|NA|NA|NA|NA|NA|NA|NA|1|1|3|1|NA|NA|2|*O083|NA|*O001|NA|*Y836|O001|NA|39745|NA|17092018|NA|NA|NA|20190028|S|17062019|O001|20092018|2|S|S|3.2.01|3.2|1|26062019|O083/ /O001*Y836|26092018|NA|NA|11|0|1|282|262|NA|07062019|3|06062019|NA|1|M|NA|NA|NA|NA|NA|NA|859316
1|2|15092018|0600|835|351570|08021999|419|2|2|1|3|2|NA|999992|351570|1|2088495|NA|355030|NA|NA|NA|NA|NA|NA|NA|NA|NA|NA|NA|NA|NA|2|1|3|1|NA|NA|2|*R570|*O903|NA|NA|NA|O903|NA|186474|NA|15092018|NA|NA|NA|20190015|N|NA|O903|21092018|5|S|S|3.2.01|3.2|NA|10042019|R570/O903|26092018|NA|NA|11|0|1|207|262|NA|04062019|5|04062019|NA|1|M|NA|NA|NA|NA|NA|NA|859360
1|2|10102018|1055|835|355030|30081981|437|2|4|2|3|2|NA|763210|355030|1|2077531|NA|355030|NA|NA|NA|NA|NA|NA|NA|NA|NA|NA|NA|NA|NA|5|2|2|1|NA|NA|2|*O998*G932|*C793|*C509|NA|NA|O998|NA|112832|NA|10102018|NA|NA|NA|20190033|S|19072019|C509|02012019|1|S|S|3.2.01|3.2|1|31072019|O998 G932/C793/C509|09012019|NA|NA|11|0|1|294|83|NA|23072019|6|01012019|NA|1|M|NA|NA|NA|NA|NA|NA|859776
1|2|31082018|0655|835|355030|06041981|437|2|1|2|4|3|NA|515105|355030|1|2077477|NA|355030|NA|NA|NA|NA|NA|NA|NA|NA|NA|NA|NA|NA|NA|4|2|1|NA|NA|NA|2|*G039|*G936|*G458|*O150*I609|*J189*N179|O150|NA|179607|NA|31082018|NA|NA|NA|20190013|S|24032019|O994|13092018|NA|S|S|3.2.01|3.2|1|27032019|G039/G936/G458/O150 I609*J189 N179|20092018|NA|NA|12|0|1|208|205|NA|25032019|5|24032019|NA|1|M|NA|NA|NA|NA|NA|NA|860682
1|2|29092018|1500|852|521220|23041977|441|2|4|5|5|5|NA|354205|355030|1|2786680|NA|355030|NA|NA|NA|NA|NA|NA|NA|NA|NA|NA|NA|NA|NA|4|2|1|1|NA|NA|2|*O994*I620|NA|NA|NA|NA|O994|NA|140093|NA|29092018|NA|NA|NA|20190033|N|NA|O994|02102018|2|S|S|3.2.01|3.2|NA|31072019|O994 I620|04102018|NA|NA|08|0|1|305|NA|NA|NA|NA|NA|NA|NA|NA|NA|NA|NA|NA|NA|NA|861254
1|2|12092018|0530|835|355030|24051993|425|2|1|2|4|3|NA|516110|355030|3|NA|NA|355030|NA|NA|NA|NA|NA|NA|NA|NA|NA|NA|NA|NA|NA|1|1|3|1|NA|NA|1|*J81X|*O149|NA|NA|*B589|O149|NA|63424|355030|12092018|NA|NA|NA|20180036|NA|NA|O149|14092018|3|S|S|3.2.01|3.2|NA|20092018|J81/O149*B589|20092018|NA|NA|12|0|1|008|NA|NA|NA|NA|NA|NA|NA|NA|NA|NA|NA|NA|NA|NA|862547
1|2|31102018|1900|835|355030|07061996|422|2|4|1|3|2|NA|998999|355030|1|2077671|NA|355030|NA|NA|NA|NA|NA|NA|NA|NA|NA|NA|NA|NA|NA|4|2|1|1|NA|NA|2|*A419|NA|*O995*J189|NA|*J80X*J960|O995|NA|145382|NA|31102018|NA|NA|NA|20190019|S|12122018|O995|03122018|1|S|S|3.2.01|3.2|1|02052019|A419/ /O995 J189*J80 J960|05122018|NA|NA|11|0|1|183|42|NA|13122018|5|12122018|NA|1|M|NA|NA|NA|NA|NA|NA|864979
1|2|12102018|2148|829|293220|14011987|431|2|2|2|5|5|NA|223405|353440|1|5174465|NA|355030|NA|NA|NA|NA|NA|NA|NA|NA|NA|NA|NA|NA|NA|4|2|1|1|NA|NA|2|*O141|NA|NA|NA|*G931|O141|NA|194888|NA|12102018|NA|NA|NA|20180040|NA|NA|O141|16102018|1|S|S|3.2.01|3.2|NA|24102018|O141*G931|24102018|NA|NA|08|0|1|012|44|NA|03092019|5|25112018|NA|3|M|NA|NA|NA|NA|NA|NA|866284
1|2|09112018|0715|822|220730|10091991|427|2|4|5|4|3|NA|998999|353440|1|2082543|NA|355030|NA|NA|NA|NA|NA|NA|NA|NA|NA|NA|NA|NA|NA|5|2|2|1|NA|NA|2|*O998*C56X|NA|NA|NA|NA|O998|NA|128139|NA|09112018|NA|NA|NA|20180046|N|NA|O998|07122018|1|S|S|3.2.01|3.2|NA|12122018|O998 C56|12122018|NA|NA|12|0|1|033|103|NA|23042019|6|20022019|NA|2|M|NA|NA|NA|NA|NA|NA|866536
1|2|05102018|1500|835|355030|19051993|425|2|1|1|5|5|NA|214205|355030|1|2823209|NA|355030|NA|NA|NA|NA|NA|NA|NA|NA|NA|NA|NA|NA|NA|4|2|1|1|NA|NA|2|*I619|*O13X|NA|NA|*D619*M329|O13|NA|186284|NA|05102018|NA|NA|NA|20180039|N|NA|O13|09102018|1|S|S|3.2.01|3.2|NA|17102018|I619/O13*D619 M329|17102018|NA|NA|08|0|1|012|NA|NA|NA|NA|NA|NA|NA|NA|NA|NA|NA|NA|NA|NA|866569
1|2|23102018|0700|835|355030|04111991|426|2|1|1|3|2|NA|513205|355030|1|3212130|NA|355030|NA|NA|NA|NA|NA|NA|NA|NA|NA|NA|NA|NA|NA|4|2|1|1|NA|NA|2|*A419|*K650|*K631|*O998*D484|NA|O998|NA|44725|NA|23102018|NA|NA|NA|20180041|NA|NA|O998|25102018|2|S|S|3.2.01|3.2|NA|31102018|A419/K650/K631/O998 D484|31102018|NA|NA|11|0|1|008|318|NA|10092019|5|06092019|NA|1|M|NA|NA|NA|NA|NA|NA|866970
1|2|26122018|NA|835|355030|13122000|418|2|1|1|3|2|NA|999991|355030|1|2077450|NA|355030|NA|NA|NA|NA|NA|NA|NA|NA|NA|NA|NA|NA|NA|1|1|3|1|NA|NA|1|*T814|*N998|*O038*Y838|NA|*F199*A199|O038|NA|60309|355030|27122018|NA|NA|NA|20190029|S|15052019|R99|31012019|3|S|S|3.2.01|3.2|1|03072019|T814/N998/O038 Y838*F199 A199|07022019|NA|NA|11|0|1|189|140|NA|29052019|3|15052019|NA|1|M|NA|NA|NA|NA|NA|NA|867489
1|2|06062018|1430|826|261510|02071986|431|2|1|1|4|3|NA|421125|355030|1|6938876|NA|354870|NA|NA|NA|NA|NA|NA|NA|NA|NA|NA|NA|NA|NA|4|2|1|1|NA|NA|2|*R570|*I269|*O069|NA|NA|O069|NA|161821|NA|06062018|NA|NA|NA|20190052|S|02102018|O069|11062018|1|S|S|3.2.00|3.2|1|27092019|R570/I269/O069|13062018|NA|NA|12|0|1|478|NA|NA|NA|NA|NA|NA|NA|NA|NA|NA|NA|NA|NA|NA|868801
1|2|10052018|1740|835|355030|15101986|431|2|1|2|9|9|NA|999992|354780|1|2083248|NA|354870|NA|NA|NA|NA|NA|NA|NA|NA|NA|NA|NA|NA|NA|4|2|1|1|NA|NA|2|*R571|*O991*D65X|*N926|*O721|NA|O991|NA|157776|NA|10052018|NA|NA|NA|20190052|N|NA|O991|21052018|2|S|S|3.2.00|3.2|NA|27092019|R571/O991 D65/N926/O721|30052018|NA|NA|09|0|1|505|32|NA|25092018|5|11062018|NA|1|M|NA|NA|NA|NA|NA|NA|869340
1|2|21062018|0840|835|351880|07031983|435|2|1|1|4|3|NA|NA|351880|1|2082861|NA|351880|NA|NA|NA|NA|NA|NA|NA|NA|NA|NA|NA|NA|NA|4|2|1|1|NA|NA|1|*O996*R571|*K290|*I859|*K746|*R18X*J81X|O996|NA|33180|351880|21062018|NA|NA|NA|20180034|S|15082018|K746|03072018|4|S|S|3.2.00|3.2|1|22082018|O996 R571/K290/I859/K746*R18 J81|04072018|NA|NA|12|0|1|062|55|NA|20082018|5|15082018|NA|1|M|NA|NA|NA|NA|NA|NA|872728
1|2|05072018|0200|835|355030|07111980|437|2|1|5|4|3|NA|999992|355030|1|9255826|NA|351880|NA|NA|NA|NA|NA|NA|NA|NA|NA|NA|NA|NA|NA|4|2|1|1|NA|NA|1|*O995*J969|NA|NA|NA|NA|O995|NA|60600|351880|05072018|NA|NA|NA|20180029|N|NA|O995|06072018|4|S|S|3.2.00|3.2|NA|18072018|O995 J969|11072018|NA|NA|12|0|1|013|319|NA|24052019|4|20052019|NA|1|M|NA|NA|NA|NA|NA|NA|872997
1|2|11072018|1732|835|352850|17121987|430|2|2|1|4|3|3|516210|355030|1|2079410|NA|351880|NA|NA|NA|NA|NA|NA|NA|NA|NA|NA|NA|NA|NA|4|2|1|1|NA|NA|1|*I219|*O994*I429|*I259|NA|*J81X|O994|NA|33180|351880|12072018|NA|NA|NA|20200002|S|13092019|O994|19072018|4|S|S|3.2.00|3.2|1|15012020|I219/O994 I429/I259*J81|25072018|NA|NA|06|0|1|553|429|NA|16092019|5|13092019|NA|1|M|NA|NA|NA|NA|NA|NA|873041
1|2|21072018|0945|835|351880|19051984|434|2|1|1|4|3|NA|784205|351880|1|2080338|NA|351880|NA|NA|NA|NA|NA|NA|NA|NA|NA|NA|NA|NA|NA|4|2|1|1|NA|NA|2|*O980*A419|*G919|*A179|NA|NA|O980|NA|178077|NA|21072018|NA|NA|NA|20180038|S|13092018|A179|25072018|NA|S|S|3.2.00|3.2|1|19092018|O980 A419/G919/A179|01082018|NA|NA|12|0|1|060|54|NA|18092018|5|13092018|NA|2|M|NA|NA|NA|NA|NA|NA|873210
1|2|23082018|0430|835|355030|20021994|424|2|1|2|4|3|NA|422205|355030|1|2718707|NA|351880|NA|NA|NA|NA|NA|NA|NA|NA|NA|NA|NA|NA|NA|NA|NA|NA|1|NA|NA|2|*T811|*D65X|*T810|*O348*Y836|*O068*N189|O348|NA|128494|NA|23082018|NA|NA|NA|20180043|S|22102018|O348|28082018|2|S|S|3.2.00|3.2|7|24102018|T811/D65/T810/O348 Y836*O068 N189|29082018|NA|NA|12|0|1|062|NA|NA|NA|NA|NA|NA|NA|NA|NA|NA|NA|NA|NA|NA|873257
1|2|19092018|0620|829|291480|18011981|437|2|4|2|2|1|NA|999992|351880|1|2040069|NA|351880|NA|NA|NA|NA|NA|NA|NA|NA|NA|NA|NA|NA|NA|4|2|1|1|NA|NA|1|*D65X|*R571|*O721|NA|*O13X|O721|NA|69566|351880|19092018|NA|NA|NA|20190003|S|20122018|O721|26092018|3|S|S|3.2.00|3.2|1|16012019|D65/R571/O721*O13|03102018|NA|NA|10|0|1|119|92|NA|15012019|5|20122018|NA|2|M|NA|NA|NA|NA|NA|NA|873454
1|2|25102018|1000|829|292370|22101981|437|2|1|1|4|3|NA|999992|355030|1|9149511|NA|351880|NA|NA|NA|NA|NA|NA|NA|NA|NA|NA|NA|NA|NA|4|2|1|1|NA|NA|2|*R570|*O903*I509|NA|NA|NA|O903|NA|44460|NA|25102018|NA|NA|NA|20190017|S|26022019|O903|05112018|5|S|S|3.2.00|3.2|8|24042019|R570/O903 I509|07112018|NA|NA|12|0|1|181|NA|NA|NA|NA|NA|NA|NA|NA|NA|NA|NA|NA|NA|NA|875123
1|2|06102018|0415|835|355030|06021986|432|2|4|2|4|3|NA|NA|351880|1|5200105|NA|351880|NA|NA|NA|NA|NA|NA|NA|NA|NA|NA|NA|NA|NA|4|2|1|1|NA|NA|2|*R571|*D65X|*O141|NA|NA|O141|NA|184587|NA|06102018|NA|NA|NA|20180052|S|20122018|O159|16102018|1|S|S|3.2.00|3.2|1|27122018|R571/D65/O141|17102018|NA|NA|12|0|1|082|75|NA|21122018|5|20122018|NA|3|M|NA|NA|NA|NA|NA|NA|875216
1|2|18072018|1000|841|411520|10101985|432|2|1|1|4|3|NA|411025|355280|1|2079828|NA|355280|NA|NA|NA|NA|NA|NA|NA|NA|NA|NA|NA|NA|NA|NA|NA|NA|NA|NA|NA|1|*I269|*A419|*O996*K850|NA|*O800|O996|NA|109768|355280|19072018|NA|NA|NA|20190019|S|28082018|I269|11092018|3|S|S|3.2.00|3.2|1|08052019|I269/A419/O996 K850*O800|12092018|NA|NA|12|0|1|294|36|NA|24082018|5|23082018|NA|3|M|NA|NA|NA|NA|NA|NA|876426
1|2|08082018|0235|835|355030|10041989|429|2|4|1|3|2|NA|999992|351500|1|2785188|NA|355280|NA|NA|NA|NA|NA|NA|NA|NA|NA|NA|NA|NA|NA|4|2|1|1|NA|NA|2|*O904|*O85X|NA|NA|NA|O85|NA|173015|NA|08082018|NA|NA|NA|20180050|S|08082018|O85|03102018|5|S|S|3.2.00|3.2|1|12122018|O904/O85|10102018|NA|NA|11|0|1|126|127|NA|18032019|5|13122018|NA|1|M|NA|NA|NA|NA|NA|NA|876480
1|2|11082018|0950|827|270430|13051999|419|2|4|1|3|2|NA|999992|351500|1|2077078|NA|351500|NA|NA|NA|NA|NA|NA|NA|NA|NA|NA|NA|NA|NA|1|1|3|9|NA|NA|1|*D649|*K661|*O001|NA|NA|O001|NA|66702|355280|12082018|NA|NA|NA|20180034|N|NA|O001|20082018|3|S|S|3.2.00|3.2|NA|23082018|D649/K661/O001|23082018|NA|NA|11|0|1|012|51|NA|01102018|1|01102018|NA|1|M|NA|NA|NA|NA|NA|NA|876603
1|2|28082018|0800|835|351300|10022000|418|2|1|1|4|3|1|999991|351300|1|2792141|NA|351300|NA|NA|NA|NA|NA|NA|NA|NA|NA|NA|NA|NA|NA|4|2|1|1|NA|NA|1|*J960|*O759*I269|NA|NA|*R601|O759|NA|32608|351300|28082018|NA|NA|NA|20190052|S|18102018|I269|04092018|4|S|S|3.2.00|3.2|1|28122019|J960/O759 I269*R601|10092018|NA|NA|05|0|1|487|56|NA|23102018|5|23102018|NA|1|M|NA|NA|NA|NA|NA|NA|876896
1|2|07102018|1820|822|220211|23061990|428|2|4|2|3|2|NA|NA|355280|1|2079828|NA|355280|NA|NA|NA|NA|NA|NA|NA|NA|NA|NA|NA|NA|NA|4|2|1|1|NA|NA|1|*A419|*D62X|*D689|*Y836|*O066|O066|NA|66289|355280|08102018|NA|NA|NA|20180052|S|20122018|O066|26102018|3|S|S|3.2.00|3.2|8|27122018|A419/D62/D689/Y836*O066|31102018|NA|NA|11|0|1|081|44|NA|26122018|5|20112018|NA|1|M|NA|NA|NA|NA|NA|NA|877235
1|2|04122018|NA|829|292290|17051982|436|2|4|2|4|2|8|999992|351500|1|2079011|NA|351500|NA|NA|NA|NA|NA|NA|NA|NA|NA|NA|NA|NA|NA|8|2|3|NA|NA|NA|NA|*A419|*J180|*E86X|*O240*E101|*E43X|O240|NA|163020|NA|04122018|NA|NA|NA|20180028|N|NA|E101|12122018|1|S|S|3.2.00|NA|NA|27122018|A419/J180/E86/O240 E101*E43|27122018|NA|NA|04|0|1|023|127|NA|10042019|9|10042019|NA|NA|M|NA|NA|NA|NA|NA|NA|877579
1|2|27072018|1955|835|350400|25101984|433|2|1|2|5|5|NA|223505|350400|1|2083094|NA|350400|NA|NA|NA|NA|NA|NA|NA|NA|NA|NA|NA|NA|NA|2|1|3|1|NA|NA|2|*R579|*O622|*K768|*O151|NA|O151|NA|42205|NA|27072018|NA|NA|NA|20180050|S|11102018|O151|30072018|2|S|S|3.2.00|3.2|8|28112018|R579/O622/K768/O151|01082018|NA|NA|08|0|1|124|76|NA|29102018|5|11102018|NA|1|M|NA|NA|NA|NA|NA|NA|881633
1|2|25072018|1230|835|353470|04101998|419|2|4|5|9|9|NA|999992|353470|1|4049020|NA|353470|NA|NA|NA|NA|NA|NA|NA|NA|NA|NA|NA|NA|NA|1|1|3|1|NA|NA|1|*O995*J189|NA|NA|NA|NA|O995|NA|145563|353470|25072018|NA|NA|NA|20180026|S|03122018|O95|10082018|3|S|S|3.2.00|3.2|1|12122018|O995 J189|15082018|NA|NA|09|0|1|140|131|NA|11122018|1|03122018|NA|2|M|NA|NA|NA|NA|NA|NA|881867
1|2|22052018|2050|835|355030|23071983|434|2|4|1|3|2|5|513205|350600|1|2790580|NA|350600|NA|NA|NA|NA|NA|NA|NA|NA|NA|NA|NA|NA|NA|2|1|3|1|NA|NA|2|*I469|*I269|*O151|*O622*O822|NA|O151|NA|84732|NA|23052018|NA|NA|NA|20190005|S|15082018|O151|29052018|1|S|S|3.2.00|3.2|1|31012019|I469/I269/O151/O622 O822|15062018|NA|NA|03|0|1|254|85|NA|07112018|4|15082018|NA|2|M|NA|NA|NA|NA|NA|NA|883716
1|2|09062018|1930|835|352530|18091978|439|2|1|2|4|3|3|141410|352980|1|2790661|NA|350600|NA|NA|NA|NA|NA|NA|NA|NA|NA|NA|NA|NA|NA|4|2|1|1|NA|NA|2|*R578|*O038*I609|NA|NA|*O149|O038|NA|134466|NA|09062018|NA|NA|NA|20200005|S|11062018|I609|20062018|2|S|S|3.2.00|3.2|3|06022020|R578/O038 I609*O149|23062018|NA|NA|06|0|1|607|NA|NA|NA|NA|NA|NA|NA|NA|NA|NA|NA|NA|NA|NA|883924
1|2|01072018|1313|835|351410|06061992|426|2|4|1|3|2|NA|999992|351410|1|2791722|NA|352530|NA|NA|NA|NA|NA|NA|NA|NA|NA|NA|NA|NA|NA|NA|NA|NA|NA|NA|NA|NA|*R688|*R571*A419|*O149|*Y838|NA|O149|NA|116831|NA|01072018|NA|NA|NA|20180015|S|NA|O149|16072018|2|S|S|3.2.00|3.2|NA|15082018|R688/R571 A419/O149/Y838|18072018|NA|NA|11|0|1|045|NA|NA|NA|NA|NA|NA|NA|NA|NA|NA|NA|NA|NA|NA|884653
1|2|08072018|2105|835|350750|04021996|422|2|4|1|4|3|3|252305|350750|1|2748223|NA|350750|NA|NA|NA|NA|NA|NA|NA|NA|NA|NA|NA|NA|NA|4|2|1|1|NA|NA|2|*A418|*J158|*E46X|*O211|*F329|O211|NA|184981|NA|08072018|NA|NA|NA|20190040|S|25092019|J159|12072018|1|S|S|3.2.00|3.2|1|02102019|A418/J158/E46/O211*F329|18072018|NA|NA|06|0|1|451|59|NA|05092018|5|05092018|NA|1|M|NA|NA|NA|NA|NA|NA|886856
1|2|07082018|1015|835|355300|07051985|433|2|1|2|4|3|3|999992|355300|1|2748223|NA|350750|NA|NA|NA|NA|NA|NA|NA|NA|NA|NA|NA|NA|NA|4|2|1|1|NA|NA|2|*I619|*O141|*O150|NA|*O829|O150|NA|93707|NA|07082018|NA|NA|NA|20190032|S|15072019|O994|09082018|2|S|S|3.2.00|3.2|8|07082019|I619/O141/O150*O829|15082018|NA|NA|06|0|1|365|118|NA|03122018|5|03122018|NA|1|M|NA|NA|NA|NA|NA|NA|887189
1|2|02052018|2310|109|NA|20111982|435|2|2|1|9|9|NA|999992|351907|1|2087715|NA|351907|NA|NA|NA|NA|NA|NA|NA|NA|NA|NA|NA|NA|NA|2|1|3|1|NA|NA|1|*O758*I501|*O101|NA|NA|NA|O101|NA|91459|350160|03052018|NA|NA|NA|20180022|N|NA|O101|17052018|3|S|S|3.2.00|3.2|NA|30052018|O758 I501/O101|30052018|NA|NA|09|0|1|028|118|NA|05092018|4|28082018|NA|1|M|NA|NA|NA|NA|NA|NA|887605
1|2|28052018|0718|831|316030|22041976|442|2|1|1|4|2|8|512120|350950|1|2022621|NA|350950|NA|NA|NA|NA|NA|NA|NA|NA|NA|NA|NA|NA|NA|4|2|1|1|NA|NA|2|*I269|*N179|*J960*A419|*O234|*B659|O234|NA|89585|NA|28052018|NA|NA|NA|20180037|S|04072018|N390|04062018|2|S|S|3.2.00|3.2|1|05092018|I269/N179/J960 A419/O234*B659|06062018|NA|NA|04|0|1|100|37|NA|23102018|5|04072018|NA|1|M|NA|NA|NA|NA|NA|NA|888805
1|2|24062018|2220|835|352320|26011981|437|2|2|1|4|3|NA|NA|352400|1|3012212|NA|352590|NA|NA|NA|NA|NA|NA|NA|NA|NA|NA|NA|NA|NA|4|2|1|1|NA|NA|2|*D689|*R571|*O829|*O159*E872*N179|NA|O159|NA|155680|NA|24062018|NA|NA|NA|20180033|N|NA|O159|26062018|2|S|S|3.2.00|3.2|NA|04072018|D689/R571/O829/O159 E872 N179|27062018|NA|NA|12|0|1|010|19|NA|17092018|5|13072018|NA|1|M|NA|NA|NA|NA|NA|NA|892311
1|2|08072018|2031|835|350950|23111978|439|2|4|5|3|2|5|421125|355240|1|2083981|NA|355240|NA|NA|NA|NA|NA|NA|NA|NA|NA|NA|NA|NA|NA|2|1|3|1|NA|NA|2|*O670|*O622|*O459|NA|*Z641|O670|NA|119993|NA|08072018|NA|NA|NA|20190014|S|02082018|O670|11072018|1|S|S|3.2.00|3.2|2|17042019|O670/O622/O459*Z641|12072018|NA|NA|03|0|1|283|25|NA|30082018|4|02082018|NA|1|M|NA|NA|NA|NA|NA|NA|894092
1|2|17072018|2215|835|352050|18111981|436|2|1|2|3|2|5|999992|354520|1|2784602|NA|352050|NA|NA|NA|NA|NA|NA|NA|NA|NA|NA|NA|NA|NA|4|2|1|1|NA|NA|2|*A419|*K659|*O715*T812|*Y838|NA|O715|NA|186160|NA|17072018|NA|NA|NA|20180042|S|12092018|O715|23072018|2|S|S|3.2.00|3.2|1|03102018|A419/K659/O715 T812/Y838|25072018|NA|NA|03|0|1|078|57|NA|01022019|5|12092018|NA|1|M|NA|NA|NA|NA|NA|NA|894297
1|2|24062018|2020|835|352900|14101982|435|2|1|2|4|3|3|411005|352900|1|2025507|NA|352900|NA|NA|NA|NA|NA|NA|NA|NA|NA|NA|NA|NA|NA|4|2|1|1|NA|NA|2|*O994*I619|NA|NA|NA|*E039|O994|NA|182647|NA|25062018|NA|NA|NA|20180043|S|19092018|O13|03072018|1|S|S|3.2.00|3.2|8|25092018|O994 I619*E039|04072018|NA|NA|06|0|1|093|87|NA|20092018|5|19092018|NA|3|M|NA|NA|NA|NA|NA|NA|897397
1|2|24102018|0038|835|355500|02121977|440|2|1|2|4|3|3|524105|355500|1|2080672|NA|355500|NA|NA|NA|NA|NA|NA|NA|NA|NA|NA|NA|NA|NA|5|2|2|1|NA|NA|2|*R688|*J969|*O998|*C509|NA|O998|NA|176540|NA|24102018|NA|NA|NA|20180045|S|09112018|O998|26102018|2|S|S|3.2.00|3.2|3|14112018|R688/J969/O998/C509|31102018|NA|NA|06|0|1|021|16|NA|09112018|6|09112018|NA|2|M|NA|NA|NA|NA|NA|NA|897949
1|2|30072018|1630|835|350140|16081977|440|2|4|2|3|2|7|999992|351670|2|7103271|NA|351670|NA|NA|NA|NA|NA|NA|NA|NA|NA|NA|NA|NA|NA|1|1|3|9|NA|NA|1|*I619|*O159|*O16X*I10X|NA|NA|O150|NA|128555|352900|30072018|NA|NA|NA|20190023|S|24052019|O994|08082018|4|S|S|3.2.00|3.2|8|03062019|I619/O159/O16 I10|15082018|NA|NA|03|0|1|308|24|NA|30092019|1|23082018|NA|1|M|NA|NA|NA|NA|NA|NA|898101
1|2|18072018|0600|841|410210|02041979|439|2|1|2|4|2|8|999992|353870|1|2772310|NA|353870|NA|NA|NA|NA|NA|NA|NA|NA|NA|NA|NA|NA|NA|5|2|2|1|NA|NA|2|*O993*G001*G936*G931|NA|NA|NA|*I10X|O993|NA|67423|NA|18072018|NA|NA|NA|20180047|S|23112018|G009|18072018|2|S|S|3.2.00|3.2|8|12122018|O993 G001 G936 G931*I10|25072018|NA|NA|04|0|1|147|128|NA|05122018|6|23112018|NA|2|M|NA|NA|NA|NA|NA|NA|899738
1|2|21072018|0118|829|290600|13031989|429|2|1|2|4|3|1|NA|352690|1|2825309|NA|352690|NA|NA|NA|NA|NA|NA|NA|NA|NA|NA|NA|NA|NA|4|2|1|1|NA|NA|NA|*O998*C80X|*J180|NA|NA|NA|O998|NA|181662|NA|21072018|NA|NA|NA|20190001|S|17102018|C80|24072018|5|S|S|3.2.00|3.2|8|09012019|O998 C80/J180|25072018|NA|NA|05|0|1|172|60|NA|21122018|5|19092018|NA|3|M|NA|NA|NA|NA|NA|NA|900142
1|2|26082018|0300|835|353070|23011988|430|2|4|2|9|9|NA|NA|350330|1|2081253|NA|350330|NA|NA|NA|NA|NA|NA|NA|NA|NA|NA|NA|NA|NA|NA|NA|NA|NA|NA|NA|NA|*O001|NA|NA|NA|NA|O001|NA|98811|352690|26082018|NA|NA|NA|20180028|N|NA|O001|18092018|3|S|S|3.2.00|3.2|NA|26092018|O001|26092018|NA|NA|09|0|1|031|173|NA|28022019|1|15022019|NA|2|M|NA|NA|NA|NA|NA|NA|901027
1|2|02082018|0430|835|354150|05031998|420|2|4|9|9|9|NA|999991|354130|1|2755130|NA|354140|NA|NA|NA|NA|NA|NA|NA|NA|NA|NA|NA|NA|NA|5|2|2|1|NA|NA|2|*A419|*O994*J189|NA|NA|*R568|O994|NA|190962|NA|02082018|NA|NA|NA|20190038|S|06082018|J189|03082018|2|S|S|3.2.00|3.2|3|05092019|A419/O994 J189*R568|08082018|NA|NA|09|0|1|399|125|NA|05122018|9|05122018|NA|NA|M|NA|NA|NA|NA|NA|NA|902008
1|2|25092018|0714|835|354260|17011976|442|2|4|2|5|5|NA|251605|354260|1|2077434|NA|353620|NA|NA|NA|NA|NA|NA|NA|NA|NA|NA|NA|NA|NA|2|1|3|1|NA|NA|2|*O670|*O622|*O13X|NA|*O410|O13|NA|93109|NA|25092018|NA|NA|NA|20190020|S|14052019|O659|27092018|1|S|S|3.2.00|3.2|1|03062019|O670/O622/O13*O410|03102018|NA|NA|08|0|1|251|9|NA|23052019|5|04102018|NA|3|M|NA|NA|NA|NA|NA|NA|902819
1|2|22042018|0148|835|350550|01081981|436|2|4|2|3|2|NA|999992|353950|1|2084171|NA|355170|NA|NA|NA|NA|NA|NA|NA|NA|NA|NA|NA|NA|NA|4|2|1|1|NA|NA|2|*J960|*O754|*Y836|*O722|*G939*O904*F149|O754|NA|149215|NA|22042018|NA|NA|NA|20180022|S|04052018|N179|03052018|1|S|S|3.2.00|2.2|3|18072018|J960/O754/Y836/O722*G939 O904 F149|09052018|NA|NA|11|0|1|087|94|NA|10042019|5|25072018|NA|1|M|NA|NA|NA|NA|NA|NA|903561
1|2|08042018|2020|835|351310|07121987|430|2|1|1|4|3|NA|998999|351310|1|2082187|NA|354340|NA|NA|NA|NA|NA|NA|NA|NA|NA|NA|NA|NA|NA|1|1|3|1|NA|NA|1|*A419|*O234|NA|NA|*G049*J81X|O234|NA|134119|NA|09042018|NA|NA|NA|20180035|S|13082018|O234|11042018|5|S|S|3.2.00|3.2|1|29082018|A419/O234*G049 J81|18042018|NA|NA|12|0|1|143|127|NA|17082018|1|13082018|NA|3|M|NA|NA|NA|NA|NA|NA|903614
1|2|11042018|0410|835|354340|09121987|430|2|4|1|9|9|NA|999992|354340|1|2082187|NA|354340|NA|NA|NA|NA|NA|NA|NA|NA|NA|NA|NA|NA|NA|4|2|1|1|NA|NA|2|*R578|*A419|*N12X|*O998*C837|NA|O998|NA|176391|NA|11042018|NA|NA|NA|20190040|S|16052018|O998|12042018|1|S|S|3.2.00|3.2|8|02102019|R578/A419/N12/O998 C837|18042018|NA|NA|09|0|1|539|35|NA|15082018|5|16052018|NA|1|M|NA|NA|NA|NA|NA|NA|903619
1|2|14052018|1005|835|354340|14011986|432|2|1|1|9|9|NA|998999|354340|1|2082187|NA|354340|NA|NA|NA|NA|NA|NA|NA|NA|NA|NA|NA|NA|NA|4|2|1|1|NA|NA|1|*G936*G938|*J81X*R048|*R578|*O993|*F192*F102|O993|NA|88678|354340|14052018|NA|NA|NA|20180039|S|25062018|O993|17052018|3|S|S|3.2.00|3.2|8|19092018|G936 G938/J81 R048/R578/O993*F192 F102|30052018|NA|NA|09|0|1|128|109|NA|03092018|3|31082018|NA|1|M|NA|NA|NA|NA|NA|NA|904176
1|2|22052018|1530|835|354340|12101980|437|2|1|2|5|5|NA|999992|352510|1|2078961|NA|355170|NA|NA|NA|NA|NA|NA|NA|NA|NA|NA|NA|NA|NA|4|2|1|1|NA|NA|2|*I619|*O150|NA|NA|*E039|O150|NA|145068|NA|22052018|NA|NA|NA|20180018|S|23052018|O150|05062018|1|S|S|3.2.00|2.2|1|20062018|I619/O150*E039|06062018|NA|NA|08|0|1|029|148|NA|06122018|5|17102018|NA|1|M|NA|NA|NA|NA|NA|NA|904316
1|2|10102018|0827|835|355210|21111972|445|2|1|2|NA|NA|NA|141410|354850|1|6998704|NA|354850|NA|NA|NA|NA|NA|NA|NA|NA|NA|NA|NA|NA|NA|4|2|1|1|NA|NA|2|*O751|*O670|*O450|*O758|NA|O670|NA|85686|NA|10102018|NA|NA|NA|20180042|N|NA|O670|11102018|5|S|S|3.2.00|3.2|NA|17102018|O751/O670/O450/O758|17102018|NA|NA|NA|0|1|007|51|NA|21012019|5|30112018|NA|2|M|NA|NA|NA|NA|NA|NA|905381
1|2|27092018|2016|835|351350|10081982|436|2|4|2|4|3|NA|411010|351350|1|2081636|NA|354850|NA|NA|NA|NA|NA|NA|NA|NA|NA|NA|NA|NA|NA|4|2|1|1|NA|NA|2|*O996*T811*K650*R100|NA|NA|NA|NA|O996|NA|46998|NA|27092018|NA|NA|NA|20180041|S|09102018|O996|02102018|5|S|S|3.2.00|3.2|3|10102018|O996 T811 K650 R100 K430 Y834 Y838|03102018|NA|NA|12|0|1|013|12|NA|09102018|5|09102018|NA|1|M|NA|NA|NA|NA|NA|NA|905478
1|2|16062018|1820|835|352210|04071990|427|2|1|1|4|3|1|999992|352210|1|2087804|NA|352210|NA|NA|NA|NA|NA|NA|NA|NA|NA|NA|NA|NA|NA|4|2|1|1|NA|NA|2|*R570|*J81X|*O903|*O994|*O85X|O994|NA|168678|NA|16062018|NA|NA|NA|20190006|S|31102018|A419|18062018|1|S|S|3.2.00|3.2|8|13022019|R570/J81/O903/O994*O85|20062018|NA|NA|05|0|1|242|170|NA|04122018|5|03122018|NA|2|M|NA|NA|NA|NA|NA|NA|905497
1|2|20072018|2214|835|353760|17061993|425|2|1|1|4|3|3|512105|353760|1|2087804|NA|352210|NA|NA|NA|NA|NA|NA|NA|NA|NA|NA|NA|NA|NA|4|2|1|1|NA|NA|2|*R579|*I609|*I420|*O985|*O980*O981|O985|NA|140294|NA|21072018|NA|NA|NA|20190005|S|03082018|I609|23072018|1|S|S|3.2.00|3.2|8|30012019|R579/I609/I420/O985*O980 O981|25072018|NA|NA|06|0|1|194|5|NA|11122018|5|25072018|NA|2|M|NA|NA|NA|NA|NA|NA|905552
1|2|08092018|0930|835|351350|05101999|418|2|4|1|3|2|7|999994|351350|1|2078473|NA|351350|NA|NA|NA|NA|NA|NA|NA|NA|NA|NA|NA|NA|NA|4|2|1|1|NA|NA|2|*J80X|*A415|*O230|NA|NA|O230|NA|185521|NA|08092018|NA|NA|NA|20190002|S|10012019|O995|11092018|5|S|S|3.2.00|3.2|8|16012019|J80/A415/O230|12092018|NA|NA|03|0|1|130|124|NA|11012019|5|10012019|NA|3|M|NA|NA|NA|NA|NA|NA|905861
1|2|10092018|1538|829|291220|21031980|438|2|1|1|4|3|2|521110|354100|1|2716097|NA|354100|NA|NA|NA|NA|NA|NA|NA|NA|NA|NA|NA|NA|NA|4|2|1|1|NA|NA|2|*O159|*I678|NA|NA|*I10X|O159|NA|128370|NA|11092018|NA|NA|NA|20180038|S|05122018|R99|14092018|5|S|S|3.2.00|3.2|1|12122018|O159/I678*I10|19092018|NA|NA|05|0|1|093|86|NA|06022019|5|05122018|NA|1|M|NA|NA|NA|NA|NA|NA|906329
1|2|21102018|2120|835|352440|16121982|435|2|1|4|NA|NA|NA|252540|352440|1|2085194|NA|352440|NA|NA|NA|NA|NA|NA|NA|NA|NA|NA|NA|NA|NA|NA|NA|NA|NA|NA|NA|NA|*R578|*D689|*O722|NA|*N390|O722|NA|196423|NA|21102018|NA|NA|NA|20190033|N|NA|O722|23102018|NA|S|S|3.2.00|3.2|NA|16082019|R578/D689/O722*N390|24102018|NA|NA|NA|0|1|299|33|NA|28112018|5|23112018|NA|1|M|NA|NA|NA|NA|NA|NA|911198
1|2|29092018|1358|835|355250|22041997|421|2|1|1|5|4|NA|354705|355250|1|2080680|NA|353060|NA|NA|NA|NA|NA|NA|NA|NA|NA|NA|NA|NA|NA|4|2|1|1|NA|NA|2|*G936|NA|NA|*O998*D329|NA|O998|NA|161762|NA|29092018|NA|NA|NA|20180049|S|23102018|O95|08102018|5|S|S|3.2.00|3.2|8|19122018|G936/ / /O998 D329|10102018|NA|NA|07|0|1|081|24|NA|23102018|5|23102018|NA|2|M|NA|NA|NA|NA|NA|NA|912289
1|2|02112018|1910|835|355030|31031981|437|2|1|2|4|3|3|999992|351570|1|2083256|NA|353060|NA|NA|NA|NA|NA|NA|NA|NA|NA|NA|NA|NA|NA|1|1|3|1|NA|NA|1|*I269|*J81X|*O95X|NA|NA|O95|NA|32905|353060|03112018|NA|NA|NA|20180045|N|NA|O95|12112018|4|S|S|3.2.00|3.2|NA|21112018|I269/J81/O95|21112018|NA|NA|06|0|1|019|126|NA|08032019|1|08032019|NA|1|M|NA|NA|NA|NA|NA|NA|912488
1|2|21052018|1635|850|500100|31051975|442|2|1|4|5|5|NA|223505|354980|1|2077396|NA|354980|NA|NA|NA|NA|NA|NA|NA|NA|NA|NA|NA|NA|NA|5|2|2|1|NA|NA|2|*A419|*J189|*O995*J09X|NA|*C719|O995|NA|140738|NA|21052018|NA|NA|NA|20190038|S|08062018|J09|28052018|1|S|S|3.2.00|3.2|8|04092019|A419/J189/O995 J09*C719|30052018|NA|NA|08|0|1|471|18|NA|21112019|6|08062018|NA|2|R|NA|NA|NA|NA|NA|NA|913234
1|2|16062018|1131|831|313440|07021985|433|2|1|2|9|9|NA|333115|313440|1|2077396|NA|354980|NA|NA|NA|NA|NA|NA|NA|NA|NA|NA|NA|NA|NA|1|1|3|1|NA|NA|2|*G934|*R092|*I619|*O994*I609|*O339|O994|NA|95686|NA|16062018|NA|NA|NA|20180027|S|19062018|O994|19062018|2|S|S|3.2.00|3.2|3|27062018|G934/R092/I619/O994 I609*O339|20062018|NA|NA|09|0|1|011|150|NA|13112018|1|13112018|NA|1|M|NA|NA|NA|NA|NA|NA|914377
1|2|10062018|2030|835|350210|30031995|423|2|1|2|4|3|NA|999992|353030|1|2798298|NA|354980|NA|NA|NA|NA|NA|NA|NA|NA|NA|NA|NA|NA|NA|2|1|3|1|NA|NA|1|*R571|*O721|*O822|*O622|NA|O622|NA|71803|354980|11062018|NA|NA|NA|20180036|S|12062018|O622|15062018|4|S|S|3.2.00|3.2|8|22082018|R571/O721/O822/O622|20062018|NA|NA|12|0|1|073|NA|NA|NA|NA|NA|NA|NA|NA|NA|NA|NA|NA|NA|NA|914446
1|2|16052018|1155|835|351020|05011989|429|2|1|2|5|5|NA|231205|355220|1|2081695|NA|355220|NA|NA|NA|NA|NA|NA|NA|NA|NA|NA|NA|NA|NA|4|2|1|1|NA|NA|2|*O159*I609*I10X*R568|NA|NA|NA|NA|O159|NA|78571|NA|16052018|NA|NA|NA|20180035|N|NA|O159|29052018|5|S|S|3.2.00|3.2|NA|29082018|O159 I609 I10 R568|30052018|NA|NA|08|0|1|105|NA|NA|NA|NA|NA|NA|NA|NA|NA|NA|NA|NA|NA|NA|915465
1|2|22062018|1417|835|355220|08071982|435|2|1|1|9|9|NA|322230|355220|1|2708779|NA|355220|NA|NA|NA|NA|NA|NA|NA|NA|NA|NA|NA|NA|NA|4|2|1|NA|NA|NA|NA|*R571|*O469|*O459|NA|NA|O469|NA|70669|NA|22062018|NA|NA|NA|20190014|S|04102018|O469|26062018|5|S|S|3.2.00|3.2|1|05042019|R571/O469/O459|27062018|NA|NA|09|0|1|287|104|NA|04042019|5|04102018|NA|2|M|NA|NA|NA|NA|NA|NA|916121
1|2|29062018|0706|835|355220|08051981|437|2|1|2|4|3|NA|862150|355220|1|2708566|NA|355220|NA|NA|NA|NA|NA|NA|NA|NA|NA|NA|NA|NA|NA|5|2|2|1|NA|NA|2|*G932|*O994*I609|NA|NA|NA|O994|NA|89562|NA|29062018|NA|NA|NA|20190048|S|11112019|O994|05072018|1|S|S|3.2.00|3.2|1|27112019|G932/O994 I609|11072018|NA|NA|12|0|1|516|500|NA|26112019|6|11112019|NA|2|M|NA|NA|NA|NA|NA|NA|916333
1|2|29082018|1646|835|355700|10081990|428|2|1|2|5|4|NA|411030|354530|1|2082101|NA|355220|NA|NA|NA|NA|NA|NA|NA|NA|NA|NA|NA|NA|NA|4|2|1|1|NA|NA|2|*R99X|NA|NA|NA|*O903*I420*A419|O903|NA|138593|NA|29082018|NA|NA|NA|20190002|S|27112018|O903|31082018|2|S|S|3.2.00|3.2|2|09012019|R99*O903 I420 A419|12092018|NA|NA|07|0|1|133|98|NA|24042019|5|05122018|NA|1|M|NA|NA|NA|NA|NA|NA|916863
1|2|03092018|0205|835|351020|02111990|427|2|1|1|4|3|3|999994|351020|1|2079097|NA|351020|NA|NA|NA|NA|NA|NA|NA|NA|NA|NA|NA|NA|NA|1|1|3|1|NA|NA|2|*R571|*O001|NA|NA|NA|O001|NA|121377|NA|03092018|NA|NA|NA|20190001|S|10012019|O001|03092018|1|S|S|3.2.00|3.2|1|28012019|R571/O001|04092018|NA|NA|06|0|1|147|106|NA|18012019|1|18122018|NA|1|M|NA|NA|NA|NA|NA|NA|917962
1|2|18072018|1015|835|355410|03031980|438|2|1|5|4|3|3|421105|355410|1|2749319|NA|355410|NA|NA|NA|NA|NA|NA|NA|NA|NA|NA|NA|NA|NA|4|2|1|1|NA|NA|2|*K720|*O266|NA|NA|*O723*O998|O266|NA|133589|NA|18072018|NA|NA|NA|20180038|S|28082018|O266|20072018|1|S|S|3.2.00|3.2|8|05092018|K720/O266*O723 O998|25072018|NA|NA|06|0|1|049|41|NA|29082018|5|28082018|NA|1|M|NA|NA|NA|NA|NA|NA|918371
1|2|31072018|1130|835|353800|11091986|431|2|1|1|4|3|3|999992|353800|1|2755092|NA|353800|NA|NA|NA|NA|NA|NA|NA|NA|NA|NA|NA|NA|NA|2|1|3|1|NA|NA|2|*I469|*R571|*D62X|*O720|*O441|O720|NA|112390|NA|31072018|NA|NA|NA|20180051|S|15082018|O441|02082018|1|S|S|3.2.00|3.2|8|19122018|I469/R571/D62/O720*O441|08082018|NA|NA|06|0|1|141|15|NA|24082018|4|15082018|NA|1|M|NA|NA|NA|NA|NA|NA|919259
1|2|28112018|1105|835|355480|11111991|427|2|1|1|4|3|2|999992|355000|1|2749319|NA|355410|NA|NA|NA|NA|NA|NA|NA|NA|NA|NA|NA|NA|NA|2|1|3|1|NA|NA|1|*O994|*I279|*M329|NA|*J449*E039*D688|O994|NA|103797|355410|28112018|NA|NA|NA|20180052|N|NA|O994|04122018|4|S|S|3.2.00|3.2|NA|05122018|O994/I279/M329*J449 E039 D688|05122018|NA|NA|05|0|1|007|8|NA|19122018|4|06122018|NA|1|M|NA|NA|NA|NA|NA|NA|920519
1|2|24072018|1750|833|330455|09121991|426|2|1|1|4|3|NA|231205|354870|1|2069776|NA|354870|NA|NA|NA|NA|NA|NA|NA|NA|NA|NA|NA|NA|NA|4|2|1|1|NA|NA|1|*I269|*O882*I499|NA|NA|NA|O882|NA|28129|354870|25072018|NA|NA|NA|20190052|S|27112018|I269|27072018|4|S|S|3.2.00|3.2|1|27092019|I269/O882 I499|31072018|NA|NA|12|0|1|430|14|NA|28082018|5|07082018|NA|2|M|NA|NA|NA|NA|NA|NA|922141
1|2|04102018|0540|835|355030|09051989|429|2|1|1|4|3|3|999992|354880|1|2084163|NA|351380|NA|NA|NA|NA|NA|NA|NA|NA|NA|NA|NA|NA|NA|4|2|1|1|NA|NA|1|*O85X|*R571|*O822|*O722|*B24X|O85|NA|91700|NA|04102018|NA|NA|NA|20190042|S|01122018|O85|05102018|1|S|S|3.2.00|3.2|3|25092019|O85/R571/O822/O722*B24|10102018|NA|NA|06|0|1|356|118|NA|30012019|5|30012019|NA|2|M|NA|NA|NA|NA|NA|NA|922480
1|2|11082018|1200|835|352940|01051976|442|2|2|2|3|2|5|999992|352940|1|2082349|NA|352940|NA|NA|NA|NA|NA|NA|NA|NA|NA|NA|NA|NA|NA|9|9|9|1|NA|NA|1|*R571|*O622|*D689|NA|*D571|O622|NA|63001|354780|12082018|NA|NA|NA|20190041|N|NA|O622|14082018|3|S|S|3.2.00|3.2|NA|11092019|R571/O622/D689*D571|22082018|NA|NA|03|0|1|396|327|NA|04092019|5|04072019|NA|1|M|NA|NA|NA|NA|NA|NA|923043
1|2|22082018|0040|835|355030|06071979|439|2|1|2|4|3|3|998999|354870|1|2027356|NA|354870|NA|NA|NA|NA|NA|NA|NA|NA|NA|NA|NA|NA|NA|1|1|3|1|NA|NA|1|*K661|*O994*I713|NA|NA|NA|O994|NA|28129|354870|22082018|NA|NA|NA|20190052|S|27112018|O994|27082018|4|S|S|3.2.00|3.2|1|27092019|K661/O994 I713|30082018|NA|NA|06|0|1|401|62|NA|14052019|1|23102018|NA|1|M|NA|NA|NA|NA|NA|NA|923095
1|2|06082018|0325|835|354500|23121998|419|2|1|1|4|3|NA|NA|353060|1|2080052|NA|353060|NA|NA|NA|NA|NA|NA|NA|NA|NA|NA|NA|NA|NA|1|1|3|1|NA|NA|2|*I609|*O95X|NA|NA|NA|O95|NA|44417|NA|06082018|NA|NA|NA|20190003|S|03102018|O95|18082018|5|S|S|3.2.00|3.2|1|16012019|I609/O95|24082018|NA|NA|12|0|1|163|58|NA|03102018|1|03102018|NA|1|M|NA|NA|NA|NA|NA|NA|924693
1|2|30092018|0730|835|355030|01041991|427|2|1|1|4|3|NA|999992|351880|1|2079410|NA|351880|NA|NA|NA|NA|NA|NA|NA|NA|NA|NA|NA|NA|NA|4|2|1|NA|NA|NA|NA|*O998*J960|*E878|*C786|*C56X|NA|O998|NA|154090|NA|30092018|NA|NA|NA|20180048|S|21112018|C56|08102018|1|S|S|3.2.00|3.2|1|28112018|O998 J960/E878/C786/C56|10102018|NA|NA|12|0|1|059|52|NA|26112018|5|21112018|NA|1|M|NA|NA|NA|NA|NA|NA|924919
1|2|30092018|1900|829|291300|13021988|430|2|1|1|5|5|NA|NA|355030|1|2718324|NA|351880|NA|NA|NA|NA|NA|NA|NA|NA|NA|NA|NA|NA|NA|1|1|3|NA|NA|NA|NA|*R579|*N179|*O992|NA|NA|O992|NA|175524|NA|30092018|NA|NA|NA|20180042|N|NA|O992|09102018|2|S|S|3.2.00|3.2|NA|17102018|R579/N179/O992|10102018|NA|NA|08|0|1|017|348|NA|16092019|7|13092019|NA|1|M|NA|NA|NA|NA|NA|NA|925494
1|2|22082018|0420|835|355250|10081988|430|2|2|1|9|9|NA|999992|355250|1|2079860|NA|355250|NA|NA|NA|NA|NA|NA|NA|NA|NA|NA|NA|NA|NA|4|2|1|1|NA|NA|2|*J960|*J180|*J81X|*O141|*I269|O141|NA|78495|NA|22082018|NA|NA|NA|20180040|S|13092018|J180|24082018|2|S|S|3.2.00|3.2|8|31102018|J960/J180/J81/O141*I269|29082018|NA|NA|09|0|1|070|22|NA|15102018|5|13092018|NA|3|M|NA|NA|NA|NA|NA|NA|925790
1|2|05092018|0350|829|293330|19011974|444|2|4|4|5|5|NA|516110|353060|1|2080052|NA|353060|NA|NA|NA|NA|NA|NA|NA|NA|NA|NA|NA|NA|NA|1|1|3|1|NA|NA|1|*J960|*J81X|*R568|*O150|*I10X*E669|O150|NA|39741|353060|05092018|NA|NA|NA|20190003|S|03102018|O150|17092018|4|S|S|3.2.00|3.2|1|16012019|J960/J81/R568/O150*I10 E669|19092018|NA|NA|08|0|1|133|28|NA|03102018|1|03102018|NA|1|M|NA|NA|NA|NA|NA|NA|926200
1|2|13092018|1940|835|355250|07051983|435|2|1|2|4|3|NA|NA|354500|1|2080052|NA|353060|NA|NA|NA|NA|NA|NA|NA|NA|NA|NA|NA|NA|NA|4|2|1|1|NA|NA|2|*R570|*O903|*O13X|NA|NA|O13|NA|105974|NA|13092018|NA|NA|NA|20180038|N|NA|O13|24092018|1|S|S|3.2.00|3.2|NA|26092018|R570/O903/O13|26092018|NA|NA|12|0|1|013|104|NA|28122018|5|26122018|NA|1|M|NA|NA|NA|NA|NA|NA|926254
1|2|01092018|1638|829|292665|05121988|429|2|4|2|4|3|3|421125|352250|1|2078104|NA|352250|NA|NA|NA|NA|NA|NA|NA|NA|NA|NA|NA|NA|NA|5|2|2|1|NA|NA|1|*O244*I269|NA|NA|NA|*I10X*E669|O244|NA|51915|353440|01092018|NA|NA|NA|20190023|S|06112018|I269|03102018|3|S|S|3.2.00|3.2|2|15072019|O244 I269*I10 E669|10102018|NA|NA|06|0|1|317|46|NA|05112018|6|17102018|NA|1|M|NA|NA|NA|NA|NA|NA|926935
1|2|07092018|1630|822|220470|12051982|436|2|1|2|4|3|3|517330|353440|1|2079887|NA|353440|NA|NA|NA|NA|NA|NA|NA|NA|NA|NA|NA|NA|NA|NA|NA|NA|NA|NA|NA|NA|*R570|*O903|*I513|NA|NA|O903|NA|179670|NA|07092018|NA|NA|NA|20190023|NA|NA|O903|11102018|1|S|S|3.2.00|3.2|NA|15072019|R570/O903/I513|17102018|NA|NA|06|0|1|311|88|NA|27082019|5|04122018|NA|1|M|NA|NA|NA|NA|NA|NA|927148
1|2|14122018|0200|826|260870|28071972|446|2|1|1|3|1|4|512120|353440|1|0008028|NA|353440|NA|NA|NA|NA|NA|NA|NA|NA|NA|NA|NA|NA|NA|8|2|3|1|NA|NA|1|*O759*J180|*R268|NA|NA|NA|O759|NA|115675|353440|14122018|NA|NA|NA|20190009|S|12022019|J180|03012019|3|S|S|3.2.00|3.2|8|13032019|O759 J180/R268|16012019|NA|NA|02|0|1|089|60|NA|12022019|9|12022019|NA|NA|M|NA|NA|NA|NA|NA|NA|928476
1|2|08112018|1041|825|250450|09041989|429|2|4|1|2|1|NA|NA|355030|1|2785188|NA|355280|NA|NA|NA|NA|NA|NA|NA|NA|NA|NA|NA|NA|NA|5|2|2|1|NA|NA|1|*O980|*J180|NA|NA|*F142*A539|O980|NA|109768|355280|09112018|NA|NA|NA|20190035|S|17062019|J180|22112018|3|S|S|3.2.00|3.2|8|28082019|O980/J180*F142 A539|28112018|NA|NA|10|0|1|293|237|NA|03072019|5|03072019|NA|1|M|NA|NA|NA|NA|NA|NA|928713
1|2|18102018|0321|835|355630|22101987|430|2|1|5|4|3|NA|999992|355630|1|2078775|NA|350280|NA|NA|NA|NA|NA|NA|NA|NA|NA|NA|NA|NA|NA|NA|NA|NA|1|NA|NA|1|*T811|*O721|NA|NA|NA|O721|NA|109181|350280|18102018|NA|NA|NA|20180045|N|NA|O721|30102018|3|S|S|3.2.00|3.2|NA|31102018|T811/O721|31102018|NA|NA|12|0|1|013|27|NA|14112018|5|14112018|NA|1|M|NA|NA|NA|NA|NA|NA|929038
1|2|12082018|2130|835|352680|02061985|433|2|1|2|5|5|NA|239415|352680|1|2790661|NA|350600|NA|NA|NA|NA|NA|NA|NA|NA|NA|NA|NA|NA|NA|4|2|1|1|NA|NA|2|*A419|*J189|*O95X|NA|*R100|O95|NA|125470|NA|12082018|NA|NA|NA|20180031|S|16082018|O95|10092018|1|S|S|3.2.00|3.2|3|14092018|A419/J189/O95*R100|14092018|NA|NA|08|0|1|033|101|NA|21112018|5|21112018|NA|1|M|NA|NA|NA|NA|NA|NA|930011
1|2|18092018|0720|835|351880|09091985|433|2|1|1|3|2|6|999992|350600|3|NA|NA|350600|NA|NA|NA|NA|NA|NA|NA|NA|NA|NA|NA|NA|NA|5|2|2|9|NA|NA|1|*R092|NA|NA|*O95X*F172|NA|O95|NA|43067|350600|18092018|NA|NA|NA|20200005|S|18112018|R092|25092018|4|S|S|3.2.00|3.2|1|06022020|R092/ / /O95 F172|15102018|NA|NA|03|0|1|506|204|NA|11062019|6|10042019|NA|3|M|NA|NA|NA|NA|NA|NA|930925
1|2|02092018|0755|823|231190|08031990|428|2|1|2|4|2|8|999992|354520|1|2784602|NA|352050|NA|NA|NA|NA|NA|NA|NA|NA|NA|NA|NA|NA|NA|4|2|1|1|NA|NA|2|*R570|*A419|*O85X|*O900|NA|O85|NA|170201|NA|02092018|NA|NA|NA|20180043|S|24092018|O85|03092018|1|S|S|3.2.00|3.2|2|10102018|R570/A419/O85/O900|04092018|NA|NA|04|0|1|038|0|NA|01022019|5|02092018|NA|1|M|NA|NA|NA|NA|NA|NA|933747
1|2|02082018|2320|821|211210|08081986|431|2|4|9|3|1|4|621005|351860|1|8005877|NA|352430|NA|NA|NA|NA|NA|NA|NA|NA|NA|NA|NA|NA|NA|4|2|1|1|NA|NA|1|*O721|*D180|*O881|NA|*K769*O998|O721|NA|133271|352430|03082018|NA|NA|NA|20190018|S|13082018|D180|13082018|3|S|S|3.2.00|3.2|1|24092019|O721/D180/O881*K769 O998|14082018|NA|NA|02|0|1|418|83|NA|16102019|5|24102018|NA|1|R|NA|NA|NA|NA|NA|NA|935324
1|2|15072018|1050|835|354020|24111993|424|2|1|1|9|9|NA|999991|355170|1|2083493|NA|354020|NA|NA|NA|NA|NA|NA|NA|NA|NA|NA|NA|NA|NA|2|1|3|1|NA|NA|1|*R571|*O679|*O459|NA|NA|O679|NA|40624|354340|15072018|NA|NA|NA|20190033|S|10062019|O679|26072018|3|S|S|3.2.00|3.2|8|14082019|R571/O679/O459|01082018|NA|NA|09|0|1|395|330|NA|07082019|5|10062019|NA|3|M|NA|NA|NA|NA|NA|NA|935750
1|2|02122018|1015|831|314000|26041981|437|2|4|2|3|2|NA|998999|350320|1|2082187|NA|354340|NA|NA|NA|NA|NA|NA|NA|NA|NA|NA|NA|NA|NA|4|2|1|1|NA|NA|1|*A419|*J180|*R100|*O996*K509|*O039|O996|NA|21544|NA|02122018|NA|NA|NA|20180051|N|NA|O996|04122018|5|S|S|3.2.00|3.2|NA|05122018|A419/J180/R100/O996 K509*O039|05122018|NA|NA|11|0|1|003|155|NA|06052019|5|06052019|NA|1|M|NA|NA|NA|NA|NA|NA|936761
1|2|10112018|2245|835|351350|29011988|430|2|1|1|4|2|8|999992|351350|1|2078473|NA|351350|NA|NA|NA|NA|NA|NA|NA|NA|NA|NA|NA|NA|NA|4|2|1|1|NA|NA|2|*A419|*O995*J189|NA|NA|*F192*A530|O995|NA|168817|NA|11112018|NA|NA|NA|20190009|S|28012019|O995|12112018|5|S|S|3.2.00|3.2|8|27032019|A419/O995 J189*F192 A530|14112018|NA|NA|04|0|1|137|79|NA|25032019|5|28012019|NA|2|M|NA|NA|NA|NA|NA|NA|939118
1|2|23102018|1430|033|NA|26011990|428|2|4|1|4|3|3|999992|355030|1|2716097|NA|354100|NA|NA|NA|NA|NA|NA|NA|NA|NA|NA|NA|NA|NA|4|2|1|1|NA|NA|2|*R688|*I619|*O159*I674|NA|*Y838|O159|NA|118103|NA|23102018|NA|NA|NA|20180034|S|26102018|R99|24102018|1|S|S|3.2.00|3.2|1|31102018|R688/I619/O159 I674*Y838|31102018|NA|NA|06|0|1|008|279|NA|30072019|5|29072019|NA|1|M|NA|NA|NA|NA|NA|NA|939150
1|2|09092018|0055|835|354980|04071978|440|2|1|2|5|5|NA|253305|354980|5|NA|NA|351750|NA|NA|NA|NA|NA|NA|NA|NA|NA|NA|NA|NA|NA|NA|NA|NA|1|NA|NA|1|*O994|*I802|*I269|NA|*I252|O994|NA|165247|354980|09092018|NA|NA|NA|20190020|S|19102018|O994|13092018|4|S|S|3.2.00|3.2|8|15052019|O994/I802/I269*I252|19092018|NA|NA|08|0|1|248|109|NA|01022019|1|27122018|NA|2|R|NA|NA|NA|NA|NA|NA|939966
1|2|18072018|2006|835|353440|18051990|428|2|1|1|9|9|NA|322205|353030|1|2077396|NA|354980|NA|NA|NA|NA|NA|NA|NA|NA|NA|NA|NA|NA|NA|8|2|3|1|NA|NA|2|*A419|*O988*G001|*H660|NA|NA|O988|NA|147235|NA|19072018|NA|NA|NA|20180036|S|10082018|O988|20072018|2|S|S|3.2.00|3.2|3|22082018|A419/O988 G001/H660|25072018|NA|NA|09|0|1|035|NA|NA|NA|NA|NA|NA|NA|NA|NA|NA|NA|NA|NA|NA|941143
1|2|29082018|2035|835|355030|12071994|424|2|2|1|4|2|8|862150|355480|2|7904584|NA|355410|NA|NA|NA|NA|NA|NA|NA|NA|NA|NA|NA|NA|NA|1|1|3|2|NA|NA|1|*O995*J81X|NA|NA|NA|*K761|O995|NA|120366|355410|30082018|NA|NA|NA|20180043|S|25092018|O995|04092018|4|S|S|3.2.00|3.2|8|03102018|O995 J81*K761|05092018|NA|NA|04|0|1|035|37|NA|29112018|1|05102018|NA|1|M|NA|NA|NA|NA|NA|NA|943782
1|2|06112018|0300|053|NA|25091984|434|2|3|2|4|3|NA|141410|354970|1|2080923|NA|354970|NA|NA|NA|NA|NA|NA|NA|NA|NA|NA|NA|NA|NA|4|2|1|1|NA|NA|2|*R092|*O622|NA|NA|NA|O622|NA|28481|NA|06112018|NA|NA|NA|20190032|S|06112019|O622|07112018|1|S|S|3.2.00|3.2|1|13112019|R092/O622|12112018|NA|NA|12|0|1|372|268|NA|01082019|5|01082019|NA|1|M|NA|NA|NA|NA|NA|NA|945198
1|2|09122018|0050|835|351770|03011975|443|2|1|2|5|5|NA|231210|351770|1|2080753|NA|351620|NA|NA|NA|NA|NA|NA|NA|NA|NA|NA|NA|NA|NA|2|1|3|1|NA|NA|NA|*R571|*R58X|*O438|NA|NA|O438|NA|44008|NA|09122018|NA|NA|NA|20190005|N|NA|O438|31012019|2|S|S|3.2.00|3.2|NA|07022019|R571/R58/O438|07022019|NA|NA|08|0|1|060|102|NA|21032019|5|21032019|NA|1|M|NA|NA|NA|NA|NA|NA|946436
1|2|22112018|0130|835|351620|13071996|422|2|2|1|4|3|NA|999992|351620|1|2705982|NA|351620|NA|NA|NA|NA|NA|NA|NA|NA|NA|NA|NA|NA|NA|4|2|1|1|NA|NA|2|*A419|*O85X|NA|NA|NA|O85|NA|87126|NA|22112018|NA|NA|NA|20190006|N|NA|O85|07022019|1|S|S|3.2.00|3.2|NA|13022019|A419/O85|13022019|NA|NA|12|0|1|083|NA|NA|NA|NA|NA|NA|NA|NA|NA|NA|NA|NA|NA|NA|946489
1|2|18122018|0200|831|315700|02101977|441|2|1|5|3|2|NA|764005|351620|1|2705982|NA|351620|NA|NA|NA|NA|NA|NA|NA|NA|NA|NA|NA|NA|NA|4|2|1|1|NA|NA|1|*J81X|*O85X|*K650|NA|NA|O85|NA|92769|351620|18122018|NA|NA|NA|20190026|S|04032019|J81|18022019|3|S|S|3.2.00|3.2|2|14082019|J81/O85/K650|20022019|NA|NA|11|0|1|239|80|NA|08032019|5|08032019|NA|3|M|NA|NA|NA|NA|NA|NA|946538
1|2|08102018|0550|835|355500|04101984|434|2|1|2|3|2|7|999992|351900|1|2080672|NA|355500|NA|NA|NA|NA|NA|NA|NA|NA|NA|NA|NA|NA|NA|1|1|3|1|NA|NA|2|*I269|*O141|NA|NA|*E669|O141|NA|129990|NA|11102018|NA|NA|NA|20180047|S|12112018|O141|11102018|1|S|S|3.2.00|3.2|2|28112018|I269/O141*E669|15102018|NA|NA|03|0|1|051|35|NA|12112018|1|12112018|NA|1|M|NA|NA|NA|NA|NA|NA|947695
1|2|26112018|2355|835|355030|05071986|432|2|1|2|5|4|NA|999992|355250|1|2079860|NA|355250|NA|NA|NA|NA|NA|NA|NA|NA|NA|NA|NA|NA|NA|1|1|3|1|NA|NA|1|*R578|*D65X|*O053|NA|NA|O053|NA|101453|355250|27112018|NA|NA|NA|20190001|S|07122018|R99|30112018|3|S|S|3.2.00|3.2|8|09012019|R578/D65/O053|05122018|NA|NA|07|0|1|044|11|NA|12122018|2|07122018|NA|3|M|NA|NA|NA|NA|NA|NA|949174
1|2|31102018|1050|823|230240|08051994|424|2|1|5|3|2|NA|421105|353640|1|2755130|NA|354140|NA|NA|NA|NA|NA|NA|NA|NA|NA|NA|NA|NA|NA|4|2|1|1|NA|NA|1|*O751|*O749|NA|NA|NA|O749|NA|66037|354140|31102018|NA|NA|NA|20190038|S|06112018|O749|06112018|3|S|S|3.2.00|3.2|3|05092019|O751/O749|12112018|NA|NA|11|0|1|309|44|NA|12042019|5|14122018|NA|1|M|NA|NA|NA|NA|NA|NA|949948
1|2|17112018|1230|835|353870|20041999|419|2|1|5|4|2|8|999992|353870|1|2087057|NA|353870|NA|NA|NA|NA|NA|NA|NA|NA|NA|NA|NA|NA|NA|4|2|1|1|NA|NA|2|*O230*N10X*N200*A411|NA|NA|NA|NA|O230|NA|122021|NA|17112018|NA|NA|NA|20190010|S|13032019|O230|19112018|2|S|S|3.2.00|3.2|8|20032019|O230 N10 N200 A411 N179|28112018|NA|NA|04|0|1|123|116|NA|13032019|5|13032019|NA|2|M|NA|NA|NA|NA|NA|NA|951141
1|2|27102018|0051|835|354300|14071998|420|2|1|5|4|3|3|999992|353282|1|2027186|NA|352240|NA|NA|NA|NA|NA|NA|NA|NA|NA|NA|NA|NA|NA|4|2|1|1|NA|NA|2|*O083|*O450|*O084|NA|NA|O450|NA|93702|NA|27102018|NA|NA|NA|20190014|S|20032019|O450|05112018|2|S|S|3.2.00|3.2|8|14052019|O083/O450/O084|06112018|NA|NA|06|0|1|199|144|NA|01042019|5|20032019|NA|1|M|NA|NA|NA|NA|NA|NA|952358
1|2|15092018|0012|835|350950|13101989|428|2|1|2|4|3|3|999992|350950|1|2082152|NA|350950|NA|NA|NA|NA|NA|NA|NA|NA|NA|NA|NA|NA|NA|4|2|1|1|NA|NA|2|*A419|*O239*K750|NA|NA|*N179|O239|NA|151100|NA|15092018|NA|NA|NA|20180046|S|31102018|O908|18092018|1|S|S|3.2.00|3.2|1|07112018|A419/O239 K750*N179|19092018|NA|NA|06|0|1|053|47|NA|28082019|5|01112018|NA|2|M|NA|NA|NA|NA|NA|NA|952556
1|2|31082018|1620|841|410840|31011983|435|2|NA|1|4|3|2|421125|411950|2|7309708|NA|411950|NA|NA|NA|NA|NA|NA|NA|NA|NA|NA|NA|NA|NA|1|1|3|1|NA|NA|1|*R579|*O001|NA|NA|NA|O001|NA|13591|410690|31082018|NA|NA|NA|20190080|S|04092018|N830|04092018|3|S|S|3.2.00|NA|1|18112019|R579/O001|05092018|NA|NA|05|0|1|444|46|NA|17102018|6|16102018|NA|3|M|NA|NA|NA|NA|NA|NA|953337
1|2|19112018|0025|841|411330|26091993|425|2|1|5|4|2|8|NA|410620|3|NA|NA|410620|NA|NA|NA|NA|NA|NA|NA|NA|NA|NA|NA|NA|NA|1|1|3|2|NA|NA|2|*O95X|NA|NA|NA|NA|O95|NA|10122|NA|19112018|NA|NA|NA|20180012|N|NA|O95|19112018|5|S|S|3.2.00|3.2|NA|07122018|O95|22112018|NA|NA|04|0|1|018|16|NA|05122018|1|05122018|NA|2|M|NA|NA|NA|NA|NA|NA|954987
1|2|14112018|2115|835|353620|03011998|420|2|1|2|4|2|8|999992|410765|1|3000885|NA|410690|NA|NA|NA|NA|NA|NA|NA|NA|NA|NA|NA|NA|NA|4|2|1|1|NA|NA|2|*R578|*R571|*O150|NA|NA|O150|NA|19802|NA|14112018|NA|NA|NA|20180147|S|29112018|O150|29112018|5|S|S|3.2.00|NA|1|04122018|R578/R571/O150|04122018|NA|NA|04|0|1|020|36|NA|08022019|5|20122018|NA|1|M|NA|NA|NA|NA|NA|NA|956138
1|2|18122018|0050|841|410690|27031999|419|2|1|2|3|1|4|999992|410690|1|0016462|NA|410690|NA|NA|NA|NA|NA|NA|NA|NA|NA|NA|NA|NA|NA|1|1|3|1|NA|NA|1|*J81X|*O141|NA|NA|NA|O141|NA|20491|410690|18122018|NA|NA|NA|20190086|S|20122018|R99|20122018|3|S|S|3.2.00|NA|1|20122019|J81/O141|21122018|NA|NA|02|0|1|367|44|NA|04102019|1|31012019|NA|2|M|NA|NA|NA|NA|NA|NA|958406
1|2|19082018|1550|NA|NA|10111997|420|2|4|1|4|2|8|612005|210570|4|NA|NA|210570|NA|NA|NA|NA|NA|NA|NA|NA|NA|NA|NA|NA|NA|NA|NA|NA|NA|NA|NA|NA|*G936|*R402|*O151|NA|NA|O151|NA|2057|NA|19082018|NA|NA|NA|20180020|NA|NA|O151|27082018|1|S|S|3.2.00|3.2|NA|04092018|G936/R402/O151|04092018|NA|NA|04|0|1|016|57|NA|15102018|4|15102018|NA|2|M|NA|NA|NA|NA|NA|NA|960208
1|2|31082018|1040|NA|NA|04061983|435|2|4|5|NA|NA|NA|NA|210030|1|3388301|NA|210300|NA|NA|NA|NA|NA|NA|NA|NA|NA|NA|NA|NA|NA|4|2|1|1|NA|NA|2|*R571|*O721|*O829|*O335|NA|O335|NA|8983|NA|31082018|NA|NA|NA|20180033|S|03092018|O335|03092018|1|S|S|3.2.02|3.2|3|03092018|R571/O721/O829/O335|03092018|NA|NA|NA|0|1|003|11|NA|11092018|5|11092018|NA|1|M|NA|NA|NA|NA|NA|NA|960432
1|2|10082018|0530|821|210330|20092001|416|2|4|1|3|2|NA|999991|210330|1|7088302|NA|210360|NA|NA|NA|NA|NA|NA|NA|NA|NA|NA|NA|NA|NA|4|2|1|1|NA|NA|2|*A419|*K659|*O868|NA|NA|O868|NA|5864|NA|10082018|NA|NA|NA|20180022|N|NA|O868|16082018|5|S|S|3.2.02|3.2|NA|30082018|A419/K659/O868|30082018|NA|NA|11|0|1|020|38|NA|19092018|5|17092018|NA|1|M|NA|NA|NA|NA|NA|NA|960987
1|2|09082018|0320|821|210260|23091993|424|2|4|1|3|1|4|621005|210735|1|2465469|NA|211400|NA|NA|NA|NA|NA|NA|NA|NA|NA|NA|NA|NA|NA|9|9|9|1|NA|NA|2|NA|*I469|*O149|*O152|NA|O152|NA|1321|NA|09082018|NA|NA|NA|20180008|NA|NA|O152|23082018|5|S|S|3.2.02|3.2|NA|27082018|/I469/O149/O152|27082018|NA|NA|02|0|1|018|473|NA|25112019|5|25112019|NA|1|M|NA|NA|NA|NA|NA|NA|961131
1|2|28092018|0415|812|120020|06112004|413|2|4|1|1|0|NA|999991|130165|1|5336171|NA|120020|NA|NA|NA|NA|NA|NA|NA|NA|NA|NA|NA|NA|NA|4|2|1|1|NA|NA|2|*A419|*O009|NA|NA|NA|O009|NA|1053|NA|28092018|NA|NA|NA|20180020|NA|NA|O009|16102018|2|S|S|3.2.00|3.2|NA|30102018|A419/O009|30102018|NA|NA|00|0|1|032|39|NA|05112018|3|06112018|NA|1|M|NA|NA|NA|NA|NA|NA|961407
1|2|15062018|1200|812|120038|12071980|437|2|4|2|3|2|NA|999992|120040|1|2001586|NA|120040|NA|NA|NA|NA|NA|NA|NA|NA|NA|NA|NA|NA|NA|4|2|1|1|NA|NA|2|*R570|*D65X|*O459|NA|NA|O459|NA|2193|NA|15062018|NA|NA|NA|20180013|S|13092018|O459|18072018|5|S|S|3.2.00|3.2|8|28092018|R570/D65/O459|19072018|NA|NA|11|0|1|105|90|NA|13092018|5|13092018|NA|1|M|NA|NA|NA|NA|NA|NA|961516
1|2|21102018|1125|812|120030|12021998|420|2|4|5|4|3|3|999992|120030|1|2000636|NA|120030|NA|NA|NA|NA|NA|NA|NA|NA|NA|NA|NA|NA|NA|2|1|3|1|NA|NA|NA|*R571|*R092|*O721*A91X|NA|NA|O721|NA|794|NA|21102018|NA|NA|NA|20190010|S|09012019|A91|25102018|5|S|S|3.2.00|3.2|8|03062019|R571/R092/O721 A91|01112018|NA|NA|06|0|1|225|80|NA|20052019|4|09012019|NA|1|M|NA|NA|NA|NA|NA|NA|961732
1|2|10092018|1815|851|510500|04091981|437|2|4|1|3|2|NA|NA|510835|1|2752654|NA|510675|NA|NA|NA|NA|NA|NA|NA|NA|NA|NA|NA|NA|NA|1|1|3|NA|NA|NA|NA|*O994|NA|NA|NA|NA|O994|NA|5654|NA|10092018|NA|NA|NA|20200009|S|14022020|O994|14092018|NA|S|S|3.2.00|3.2|1|14022020|O994|14092018|NA|NA|11|0|1|522|21|NA|01102018|1|01102018|NA|1|M|NA|NA|NA|NA|NA|NA|962220
1|2|13092018|1235|811|110020|05031982|436|2|4|2|NA|NA|NA|999992|120040|1|2001578|NA|120040|NA|NA|NA|NA|NA|NA|NA|NA|NA|NA|NA|NA|NA|4|2|1|1|NA|NA|2|*R688|*R571|*O622|NA|*Y838*O821|O622|NA|1081|NA|13092018|NA|NA|NA|20190002|S|20112018|O759|28092018|2|S|S|3.2.00|3.2|8|01022019|R688/R571/O622*Y838 O821|28092018|NA|NA|NA|0|1|141|133|NA|24012019|5|24012019|NA|2|M|NA|NA|NA|NA|NA|NA|962266
1|2|09092018|0930|821|211170|13101998|419|2|4|1|4|3|2|999992|510704|1|2397676|NA|510704|NA|NA|NA|NA|NA|NA|NA|NA|NA|NA|NA|NA|NA|1|1|3|1|NA|NA|2|*A419|*A419|*O038|NA|NA|O038|NA|5701|NA|09092018|NA|NA|NA|20190008|S|28112018|A419|17092018|1|S|S|3.2.00|3.2|3|07032019|A419/A419/O038|17092018|NA|NA|05|0|1|179|80|NA|05122018|1|28112018|NA|3|M|NA|NA|NA|NA|NA|NA|962472
1|2|18092018|1910|851|510590|15092000|418|2|1|1|4|2|8|999992|510590|1|2495015|NA|510340|NA|NA|NA|NA|NA|NA|NA|NA|NA|NA|NA|NA|NA|4|2|1|1|NA|NA|1|*A419|*B99X|*O95X|NA|NA|O95|NA|7187|510340|19092018|NA|NA|NA|20190034|S|03102019|O95|28092018|4|S|S|3.2.00|3.2|5|21102019|A419/B99/O95|02102018|NA|NA|04|0|1|398|31|NA|12112018|4|19102018|NA|1|M|NA|NA|NA|NA|NA|NA|963116
1|2|21122018|0815|829|290560|10041995|423|2|4|5|4|3|3|999992|320500|1|7257406|NA|320500|NA|NA|NA|NA|NA|NA|NA|NA|NA|NA|NA|NA|NA|4|2|1|1|NA|NA|2|*A419|*J80X|*O980|NA|NA|O980|NA|11444|NA|21122018|NA|NA|NA|20190024|S|09012019|A159|03012019|1|S|S|3.2.00|3.2|1|17072019|A419/J80/O980|04012019|NA|NA|06|0|1|208|19|NA|09012019|5|09012019|NA|1|M|NA|NA|NA|NA|NA|NA|963732
1|2|27122018|2245|832|320450|01011986|432|2|1|2|9|9|NA|NA|320455|1|7257406|NA|320500|NA|NA|NA|NA|NA|NA|NA|NA|NA|NA|NA|NA|NA|2|1|3|1|NA|NA|2|*T811|*O670*Y836|*D65X|*O141|NA|O141|NA|11014|NA|27122018|NA|NA|NA|20190025|S|03052019|O141|21022019|1|S|S|3.2.00|3.2|8|09052019|T811/O670 Y836/D65/O141|21022019|NA|NA|09|0|1|133|127|NA|03052019|4|03052019|NA|1|M|NA|NA|NA|NA|NA|NA|963749
1|2|29102018|1205|NA|NA|04041977|441|2|1|5|4|3|3|351105|320500|1|7257406|NA|320500|NA|NA|NA|NA|NA|NA|NA|NA|NA|NA|NA|NA|NA|4|2|1|1|NA|NA|2|*R571|*O723|*O820|NA|NA|O723|NA|11845|NA|29102018|NA|NA|NA|20180038|S|28112018|O723|01112018|2|S|S|3.2.00|3.2|1|06122018|R571/O723/O820|05112018|NA|NA|06|0|1|038|30|NA|29112018|5|28112018|NA|1|M|NA|NA|NA|NA|NA|NA|963769
1|2|23112018|2330|832|320530|22031994|424|2|2|1|4|3|3|354705|320500|1|7257406|NA|320500|NA|NA|NA|NA|NA|NA|NA|NA|NA|NA|NA|NA|NA|4|2|1|1|NA|NA|2|*O268|*O266|*O141|NA|*B24X*O268*O266|O141|NA|10301|NA|24112018|NA|NA|NA|20190028|S|23012019|B201|30112018|5|S|S|3.2.00|3.2|1|23092019|O268/O266/O141*B24 O268 O266|06122018|NA|NA|06|0|1|304|108|NA|09092019|5|11032019|NA|3|M|NA|NA|NA|NA|NA|NA|963827
1|2|26112018|1250|832|320405|23061987|431|2|2|2|9|9|NA|412205|320520|1|2486199|NA|320500|NA|NA|NA|NA|NA|NA|NA|NA|NA|NA|NA|NA|NA|4|2|1|1|NA|NA|2|*R688|*A419|*O995|NA|*J80X*L089|O995|NA|8382|NA|26112018|NA|NA|NA|20190030|S|21052019|A419|30112018|2|S|S|3.2.00|3.2|1|07102019|R688/A419/O995*J80 L089|06122018|NA|NA|09|0|1|315|176|NA|27052019|5|21052019|NA|1|M|NA|NA|NA|NA|NA|NA|963938
1|2|11062018|0630|825|251530|09051985|433|2|4|2|3|1|4|NA|251530|1|2593262|NA|250750|NA|NA|NA|NA|NA|NA|NA|NA|NA|NA|NA|NA|NA|4|2|1|1|NA|NA|2|*I619|*O722|*O159|NA|*O109*O244|O159|NA|9614|NA|11062018|NA|NA|NA|20180034|S|12062018|O159|12062018|1|S|S|3.2.00|3.2|3|30072018|I619/O722/O159*O109 O244|29062018|NA|NA|02|0|1|049|64|NA|14082018|5|14082018|NA|1|M|NA|NA|NA|NA|NA|NA|964955
1|2|05072018|0030|826|260620|30041988|430|2|4|5|4|3|NA|NA|250750|1|2707527|NA|250750|NA|NA|NA|NA|NA|NA|NA|NA|NA|NA|NA|NA|NA|1|1|3|1|NA|NA|1|*O721|*O882|NA|NA|*E109*O829|O721|NA|4713|250750|05072018|NA|NA|NA|20190005|S|27072018|R99|06072018|3|S|S|3.2.00|3.2|3|21022019|O721/O882*E109 O829|09072018|NA|NA|12|0|1|231|68|NA|12092018|5|11092018|NA|2|M|NA|NA|NA|NA|NA|NA|965304
1|2|28122018|1640|824|240810|11091995|423|2|NA|1|NA|NA|NA|999992|240810|1|2653923|NA|240810|NA|NA|NA|NA|NA|NA|NA|NA|NA|NA|NA|NA|NA|4|2|1|1|NA|NA|2|*I619|*O994|NA|NA|NA|O994|NA|6922|NA|28122018|NA|NA|NA|20190018|S|04062019|O994|19022019|NA|S|S|3.2.00|3.2|8|28062019|I619/O994|22022019|NA|NA|NA|0|1|182|158|NA|14062019|5|04062019|NA|1|M|NA|NA|NA|NA|NA|NA|966217
1|2|16082018|2235|822|220790|20111998|419|2|4|1|4|3|NA|621005|220527|1|5828856|NA|221100|NA|NA|NA|NA|NA|NA|NA|NA|NA|NA|NA|NA|NA|3|1|3|1|NA|NA|2|*A419|*O234|*O065|NA|NA|O234|NA|2868|NA|17082018|NA|NA|NA|20190152|N|NA|O234|12092018|5|S|S|3.2.00|3.2|NA|03102019|A419/O234/O065|12092018|NA|NA|12|0|1|413|343|NA|05092019|2|25072019|NA|1|M|NA|NA|NA|NA|NA|NA|967683
1|2|24092018|0422|822|221100|30121984|433|2|4|5|4|3|NA|999992|221100|1|2727064|NA|221100|NA|NA|NA|NA|NA|NA|NA|NA|NA|NA|NA|NA|NA|2|1|3|1|NA|NA|2|*R092|*O151|NA|NA|NA|O151|NA|3174|NA|24092018|NA|NA|NA|20190021|S|09102018|O151|04102018|1|S|S|3.2.00|3.2|8|15022019|R092/O151|15102018|NA|NA|12|0|1|144|15|NA|06112018|4|09102018|NA|1|M|NA|NA|NA|NA|NA|NA|968173
1|2|27082018|0500|821|210060|02011985|433|2|5|5|3|1|4|612005|210060|3|NA|NA|210060|NA|NA|NA|NA|NA|NA|NA|NA|NA|NA|NA|NA|NA|4|2|1|1|NA|NA|2|*O998*I110|NA|NA|NA|NA|O998|NA|2101019|NA|06092018|NA|NA|NA|20180020|S|12092018|O998|12092018|1|S|S|3.2.02|3.2|2|20092018|O998 I110|20092018|NA|NA|02|0|1|024|106|NA|17122018|5|11122018|NA|2|M|NA|NA|NA|NA|NA|NA|968464
1|2|07092018|0456|821|211000|27021984|434|2|4|1|4|2|8|621005|210095|1|2452383|NA|210530|NA|NA|NA|NA|NA|NA|NA|NA|NA|NA|NA|NA|NA|4|2|1|1|NA|NA|2|*O141|NA|NA|NA|NA|O141|NA|5955|NA|07092018|NA|NA|NA|20180018|NA|NA|O141|12092018|1|S|S|3.2.02|3.2|NA|20092018|O141|20092018|NA|NA|04|0|1|013|101|NA|17122018|7|17122018|NA|1|M|NA|NA|NA|NA|NA|NA|968572
1|2|23112018|NA|NA|NA|27021992|426|2|4|5|4|3|NA|999992|211230|1|2309254|NA|211130|NA|NA|NA|NA|NA|NA|NA|NA|NA|NA|NA|NA|NA|9|9|9|1|NA|NA|2|*O85X|NA|NA|NA|*J969*R17X|O85|NA|3522|NA|23112018|NA|NA|NA|20190021|N|NA|O85|28112018|2|S|S|3.2.02|3.2|NA|03062019|O85*J969 R17|29112018|NA|NA|12|0|1|192|94|NA|25022019|5|25022019|NA|1|M|NA|NA|NA|NA|NA|NA|969007
1|2|23122018|1900|821|210930|26071982|436|2|2|5|9|9|NA|622020|210930|1|2309254|NA|211130|NA|NA|NA|NA|NA|NA|NA|NA|NA|NA|NA|NA|NA|2|1|3|1|NA|NA|2|*R570|*J81X|*O159|NA|NA|O159|NA|9611|NA|23122018|NA|NA|NA|20190002|NA|NA|O159|07012019|1|S|S|3.2.02|3.2|NA|09012019|R570/J81/O159|09012019|NA|NA|09|0|1|017|59|NA|07032019|4|20022019|NA|1|M|NA|NA|NA|NA|NA|NA|969131
1|2|26122018|1400|821|210020|26031991|427|2|2|2|4|3|3|999992|211120|1|2309254|NA|211130|NA|NA|NA|NA|NA|NA|NA|NA|NA|NA|NA|NA|NA|8|2|3|1|NA|NA|2|*I499|*J969|*O759*D570|NA|*D571|O759|NA|5273|NA|26122018|NA|NA|NA|20190002|NA|NA|D570|07012019|1|S|S|3.2.02|3.2|NA|09012019|I499/J969/O759 D570*D571|09012019|NA|NA|06|0|1|014|61|NA|25022019|5|25022019|NA|1|M|NA|NA|NA|NA|NA|NA|969132
1|2|16102018|NA|821|210830|14101995|423|2|4|1|4|3|NA|NA|210830|1|2726653|NA|211130|NA|NA|NA|NA|NA|NA|NA|NA|NA|NA|NA|NA|NA|9|9|9|1|NA|NA|2|*R688|*A419|*O039|NA|NA|O039|NA|5472|NA|16102018|NA|NA|NA|20180047|N|NA|O039|05112018|2|S|S|3.2.02|3.2|NA|09112018|R688/A419/O039|09112018|NA|NA|12|0|1|024|378|NA|29102019|9|29102019|NA|NA|M|NA|NA|NA|NA|NA|NA|969524
1|2|31082018|0800|821|210860|03041983|435|2|1|2|4|3|NA|234735|210860|1|2309254|NA|211130|NA|NA|NA|NA|NA|NA|NA|NA|NA|NA|NA|NA|NA|9|9|9|1|NA|NA|1|*J960|*O759*I269|NA|NA|NA|O759|NA|1081|211130|01092018|NA|NA|NA|20180039|S|31082018|I269|06092018|4|S|S|3.2.02|3.2|5|25092018|J960/O759 I269|25092018|NA|NA|12|0|1|025|NA|NA|NA|NA|NA|NA|NA|NA|NA|NA|NA|NA|NA|NA|969581
1|2|10072018|0730|NA|NA|01121980|437|2|1|1|1|0|NA|999993|260600|3|NA|NA|260600|NA|NA|NA|NA|NA|NA|NA|NA|NA|NA|NA|NA|NA|NA|NA|NA|NA|NA|NA|NA|*R268|*O152*G112|NA|NA|NA|O159|NA|7525|NA|10072018|NA|NA|NA|20180033|S|02082018|G112|03082018|2|S|S|3.2.00|3.2|3|09082018|R268/O152 G112|09082018|NA|NA|00|0|1|030|23|NA|13082018|9|02082018|NA|NA|M|NA|NA|NA|NA|NA|NA|970355
1|2|26052018|2017|827|270310|23111975|442|2|4|1|9|9|NA|621005|260830|5|NA|NA|260830|NA|NA|NA|NA|NA|NA|NA|NA|NA|NA|NA|NA|NA|1|1|3|1|NA|NA|2|*O150|*O141|NA|NA|NA|O150|NA|25550|NA|26052018|NA|NA|NA|20180017|N|NA|O150|05062018|1|S|S|3.2.00|3.2|NA|05072018|O150/O141|08062018|NA|NA|09|0|1|040|93|NA|30102019|1|27082018|NA|1|M|NA|NA|NA|NA|NA|NA|970450
1|2|12072018|1008|851|510790|18111994|423|2|1|1|4|3|NA|999992|510790|1|6085423|NA|510790|NA|NA|NA|NA|NA|NA|NA|NA|NA|NA|NA|NA|NA|4|2|1|1|NA|NA|2|*R092|*J81X|*J90X|*O141*I269|NA|O141|NA|9909|NA|12072018|NA|NA|NA|20190011|S|13072018|O995|13072018|1|S|S|3.2.00|3.2|8|17062019|R092/J81/J90/O141 I269|19072018|NA|NA|12|0|1|340|7|NA|09102018|5|19072018|NA|2|R|NA|NA|NA|NA|NA|NA|974705
1|2|20092018|1910|811|110004|19031989|429|2|4|5|3|2|NA|999992|510795|1|2767384|NA|510795|NA|NA|NA|NA|NA|NA|NA|NA|NA|NA|NA|NA|NA|4|2|1|1|NA|NA|2|*R092|*J80X|*O903|*O995*J960|*E668*O300|O995|NA|9250|NA|20092018|NA|NA|NA|20200010|S|17102018|I119|01102018|1|S|S|3.2.00|3.2|8|14022020|R092/J80/O903/O995 J960*E668 O300|01102018|NA|NA|11|0|1|512|27|NA|19102018|5|17102018|NA|3|M|NA|NA|NA|NA|NA|NA|975104
1|2|16122018|1335|851|510795|13071987|431|2|5|2|4|2|8|999992|510795|1|2472139|NA|510795|NA|NA|NA|NA|NA|NA|NA|NA|NA|NA|NA|NA|NA|4|2|1|1|NA|NA|2|NA|*O109|*I678|NA|NA|O109|NA|8292|NA|16122018|NA|NA|NA|20190047|S|15012019|I678|18122018|2|S|S|3.2.00|3.2|8|22082019|/O109/I678|18122018|NA|NA|04|0|1|249|51|NA|05022019|5|05022019|NA|1|M|NA|NA|NA|NA|NA|NA|975109
1|2|25122018|0910|821|210650|07111985|433|2|4|1|4|3|NA|631105|210650|1|2461005|NA|210650|NA|NA|NA|NA|NA|NA|NA|NA|NA|NA|NA|NA|NA|2|1|3|1|NA|NA|2|*R688|*I959|*O159|NA|NA|O159|NA|1217|NA|25122018|NA|NA|NA|20190001|NA|NA|O159|09012019|2|S|S|3.2.02|3.2|NA|09012019|R688/I959/O159|09012019|NA|NA|12|0|1|015|113|NA|17042019|4|17042019|NA|1|M|NA|NA|NA|NA|NA|NA|976292
1|2|24092018|1010|821|211220|26041996|422|2|4|1|4|2|8|999992|211220|2|6928331|NA|211220|NA|NA|NA|NA|NA|NA|NA|NA|NA|NA|NA|NA|NA|5|2|2|1|NA|NA|2|*O85X|*O860|NA|NA|NA|O85|NA|7854|NA|24092018|NA|NA|NA|20190031|S|25102018|O85|10102018|5|S|S|3.2.02|3.2|3|23092019|O85/O860|11102018|NA|NA|04|0|1|364|31|NA|16062019|6|25102018|NA|1|R|NA|NA|NA|NA|NA|NA|977011
1|2|18102018|0500|821|210300|31081989|429|2|4|2|3|1|4|999992|210300|5|NA|NA|210300|NA|NA|NA|NA|NA|NA|NA|NA|NA|NA|NA|NA|NA|3|1|3|1|NA|NA|1|*J81X|*O994|*O723|*O062|*E669|O994|NA|4663|211220|18102018|NA|NA|NA|20180044|N|NA|O994|23102018|4|S|S|3.2.02|3.2|NA|21112018|J81/O994/O723/O062*E669|23102018|NA|NA|02|0|1|034|13|NA|05082019|3|31102018|NA|2|M|NA|NA|NA|NA|NA|NA|977015
1|2|05112018|1815|821|210480|31081989|429|2|2|2|4|3|3|621005|210480|1|2531208|NA|210530|NA|NA|NA|NA|NA|NA|NA|NA|NA|NA|NA|NA|NA|4|2|1|1|NA|NA|2|*O751|*O721|*O829|*O159|NA|O159|NA|3770|NA|05112018|NA|NA|NA|20180022|NA|NA|O159|14112018|2|S|S|3.2.02|3.2|NA|07122018|O751/O721/O829/O159|07122018|NA|NA|06|0|1|032|203|NA|29052019|5|27052019|NA|1|M|NA|NA|NA|NA|NA|NA|977514
1|2|11082018|1700|821|210310|07041994|424|2|4|2|4|3|2|NA|210310|4|NA|NA|210310|NA|NA|NA|NA|NA|NA|NA|NA|NA|NA|NA|NA|NA|4|2|1|1|NA|NA|2|*R571|*O629|*O800|NA|NA|O629|NA|9677|NA|14082018|NA|NA|NA|20180017|N|NA|O629|16082018|1|S|S|3.2.02|3.2|NA|03102018|R571/O629/O800|16082018|NA|NA|05|0|1|053|47|NA|28092018|5|27092018|NA|2|M|NA|NA|NA|NA|NA|NA|977696
1|2|11092018|0702|821|210980|27061998|420|2|4|1|4|3|3|631105|210980|1|3018172|NA|210860|NA|NA|NA|NA|NA|NA|NA|NA|NA|NA|NA|NA|NA|NA|NA|NA|1|NA|NA|2|*R688|*R571|*O723|NA|NA|O723|NA|937|NA|14092018|NA|NA|NA|20180032|S|14092018|O723|14092018|2|S|S|3.2.02|3.2|3|18092018|R688/R571/O723|18092018|NA|NA|06|0|1|007|125|NA|15012019|5|14012019|NA|1|M|NA|NA|NA|NA|NA|NA|977786
1|2|18092018|1135|824|240325|01051992|426|2|1|2|4|3|NA|999992|240420|1|2653923|NA|240810|NA|NA|NA|NA|NA|NA|NA|NA|NA|NA|NA|NA|NA|5|2|2|1|NA|NA|1|*J81X|*I219|*O994*I255|NA|NA|O994|NA|3734|240810|19092018|NA|NA|NA|20190037|S|16072019|O994|16102018|4|S|S|3.2.00|3.2|8|22102019|J81/I219/O994 I255|19102018|NA|NA|12|0|1|399|301|NA|15082019|6|16072019|NA|3|M|NA|NA|NA|NA|NA|NA|978199
1|2|26092018|2102|824|240810|06092001|417|2|NA|1|2|1|NA|999991|240260|1|2408570|NA|240810|NA|NA|NA|NA|NA|NA|NA|NA|NA|NA|NA|NA|NA|NA|NA|NA|NA|NA|NA|NA|*O723|*O150|NA|NA|NA|O150|NA|7783|NA|26092018|NA|NA|NA|20190020|S|03072019|O150|05102018|1|S|S|3.2.00|3.2|8|15072019|O723/O150|05102018|NA|NA|10|0|1|292|280|NA|10072019|5|03072019|NA|3|E|NA|NA|NA|NA|NA|NA|978677
1|2|21092018|0525|832|320520|25091982|435|2|4|1|4|3|NA|422315|320520|1|6792782|NA|320520|NA|NA|NA|NA|NA|NA|NA|NA|NA|NA|NA|NA|NA|8|2|3|1|NA|NA|1|*R571|*K661|*O208|*O001|*N399|O208|NA|8027|320530|21092018|NA|NA|NA|20180019|N|NA|O208|19102018|4|S|S|3.2.00|3.2|NA|09112018|R571/K661/O208/O001*N399|09112018|NA|NA|12|0|1|049|103|NA|02012019|1|02012019|NA|1|M|NA|NA|NA|NA|NA|NA|979182
1|2|21102018|0220|NA|NA|22041982|436|2|1|2|3|2|NA|NA|320503|1|6823351|NA|320140|NA|NA|NA|NA|NA|NA|NA|NA|NA|NA|NA|NA|NA|1|1|3|1|NA|NA|1|*I269|*O223|*O220|NA|NA|O223|NA|6733|320530|21102018|NA|NA|NA|20190025|S|26042019|O223|13112018|4|S|S|3.2.00|3.2|8|09052019|I269/O223/O220|14112018|NA|NA|11|0|1|200|187|NA|02052019|1|26042019|NA|1|M|NA|NA|NA|NA|NA|NA|979551
1|2|10062018|2240|826|261110|16071978|439|2|4|5|4|3|NA|999992|261110|1|2430711|NA|261110|NA|NA|NA|NA|NA|NA|NA|NA|NA|NA|NA|NA|NA|2|1|3|1|NA|NA|2|*R578|*O438|*O441|NA|*O244*I10X*F172*E669*N390|O441|NA|20881|NA|10062018|NA|NA|NA|20190005|S|09102018|O441|13062018|1|S|S|3.2.00|3.2|8|31012019|R578/O438/O441*O244 I10 F172 E669 N390|20062018|NA|NA|12|0|1|235|121|NA|27022019|4|09102018|NA|2|M|NA|NA|NA|NA|NA|NA|982280
1|2|29122018|1230|822|220770|03101988|430|2|4|5|9|9|NA|621005|220770|4|NA|NA|220660|NA|NA|NA|NA|NA|NA|NA|NA|NA|NA|NA|NA|NA|1|1|3|9|NA|NA|2|*O95X|NA|NA|NA|NA|O95|NA|NA|NA|29122018|NA|NA|NA|20190039|N|NA|O95|15012019|NA|S|S|3.2.00|3.2|NA|26032019|O95|16012019|NA|NA|09|0|1|087|NA|NA|NA|NA|NA|NA|NA|NA|NA|NA|NA|NA|NA|NA|982781
1|2|06102018|0825|822|220390|01101975|443|2|4|1|5|5|NA|NA|220390|3|NA|NA|220390|NA|NA|NA|NA|NA|NA|NA|NA|NA|NA|NA|NA|NA|4|2|1|1|NA|NA|2|*O249*O229*I10X*R092|NA|NA|NA|NA|O249|NA|5520|NA|16102018|NA|NA|NA|20190034|S|15102018|I749|16102018|2|S|S|3.2.00|3.2|2|10052019|O249 O229 I10 R092|17102018|NA|NA|08|0|1|216|9|NA|25102018|5|15102018|NA|2|M|NA|NA|NA|NA|NA|NA|983021
1|2|20112018|1210|822|220275|05051984|434|2|4|2|4|3|NA|NA|220230|1|2365146|NA|220390|NA|NA|NA|NA|NA|NA|NA|NA|NA|NA|NA|NA|NA|2|1|3|1|NA|NA|2|*O862*R571*I722|NA|NA|NA|*Q639|O862|NA|4657|NA|20112018|NA|NA|NA|20190074|S|21022019|O862|30112018|1|S|S|3.2.00|3.2|2|02102019|O862 R571 I722*Q639|03122018|NA|NA|12|0|1|316|93|NA|15032019|1|21022019|NA|1|M|NA|NA|NA|NA|NA|NA|983071
1|2|23112018|2145|835|355680|29041983|435|2|1|2|5|5|NA|NA|220890|1|2365146|NA|220390|NA|NA|NA|NA|NA|NA|NA|NA|NA|NA|NA|NA|NA|2|1|3|1|NA|NA|2|*R571|*Y836|*O441|NA|NA|O441|NA|1927|NA|23112018|NA|NA|NA|20180079|N|NA|O441|30112018|1|S|S|3.2.00|3.2|NA|03122018|R571/Y836/O441|03122018|NA|NA|08|0|1|010|20|NA|22012019|4|13122018|NA|1|M|NA|NA|NA|NA|NA|NA|983106
1|2|22092018|1818|851|510760|11041992|426|2|4|2|4|3|2|999992|510760|1|2396866|NA|510760|NA|NA|NA|NA|NA|NA|NA|NA|NA|NA|NA|NA|NA|4|2|1|1|NA|NA|2|*D689|NA|*O722|NA|*O751|O722|NA|3598|NA|22092018|NA|NA|NA|20180078|S|24102018|O722|26092018|1|S|S|3.2.00|3.2|8|23112018|D689/ /O722*O751|28092018|NA|NA|05|0|1|062|32|NA|16112018|5|24102018|NA|1|M|NA|NA|NA|NA|NA|NA|984296
1|2|25102018|0840|851|510250|18061996|422|2|4|1|2|1|NA|999992|510250|1|2395037|NA|510250|NA|NA|NA|NA|NA|NA|NA|NA|NA|NA|NA|NA|NA|4|2|1|1|NA|NA|2|*R571|*D65X|*O868|*O639|*N179|O868|NA|3199|NA|25102018|NA|NA|NA|20190024|S|27122018|O868|03122018|1|S|S|3.2.00|3.2|8|17102019|R571/D65/O868/O639*N179|13122018|NA|NA|10|0|1|357|63|NA|25102019|5|27122018|NA|1|M|NA|NA|NA|NA|NA|NA|984413
1|2|13112018|2210|825|251080|24031982|436|2|1|1|5|4|NA|999992|510340|1|2655519|NA|510340|NA|NA|NA|NA|NA|NA|NA|NA|NA|NA|NA|NA|NA|4|2|1|1|NA|NA|2|*R092|*O994*I10X*I519|NA|NA|NA|O994|NA|5405|NA|13112018|NA|NA|NA|20190006|S|06022019|O994|27112018|2|S|S|3.2.00|3.2|3|08032019|R092/O994 I10 I519|03122018|NA|NA|07|0|1|115|85|NA|12022019|5|06022019|NA|1|E|NA|NA|NA|NA|NA|NA|988122
1|2|09112018|1720|829|290710|26021997|421|2|4|1|4|3|3|999992|510590|1|2659107|NA|510340|NA|NA|NA|NA|NA|NA|NA|NA|NA|NA|NA|NA|NA|1|1|3|1|NA|NA|2|*R571|*N179|*O990|NA|NA|O990|NA|9571|NA|09112018|NA|NA|NA|20190003|S|22012019|D570|27112018|1|S|S|3.2.00|3.2|3|18022019|R571/N179/O990|03122018|NA|NA|06|0|1|101|74|NA|29012019|1|22012019|NA|1|E|NA|NA|NA|NA|NA|NA|988210
1|2|30072018|1200|826|260990|20011990|428|2|4|5|4|2|8|NA|261110|3|NA|NA|261110|NA|NA|NA|NA|NA|NA|NA|NA|NA|NA|NA|NA|NA|1|1|3|NA|NA|NA|NA|*O95X|NA|NA|NA|NA|O95|NA|20881|NA|30072018|NA|NA|NA|20180046|S|13112018|O95|01082018|2|S|S|3.2.00|3.2|8|21112018|O95|10082018|NA|NA|04|0|1|114|105|NA|14062019|1|12112018|NA|1|M|NA|NA|NA|NA|NA|NA|989745
1|2|19072018|0300|826|260680|23061979|439|2|4|2|4|3|NA|521110|260760|1|0000434|NA|261160|NA|NA|NA|NA|NA|NA|NA|NA|NA|NA|NA|NA|NA|2|1|3|1|NA|NA|2|*R58X|*O266|*O141|NA|NA|O141|NA|20333|NA|19072018|NA|NA|NA|20190018|S|25072018|O141|20092018|2|S|S|3.2.00|3.2|3|03052019|R58/O266/O141|27092018|NA|NA|12|0|1|288|61|NA|28032019|1|18092018|NA|3|M|NA|NA|NA|NA|NA|NA|990844
1|2|22062018|1350|826|261160|22041985|433|2|1|1|3|2|NA|999992|260765|1|2352559|NA|260765|NA|NA|NA|NA|NA|NA|NA|NA|NA|NA|NA|NA|NA|1|1|3|1|NA|NA|1|*E86X|*O211|NA|NA|*F329*N200|O211|NA|17466|261160|23062018|NA|NA|NA|20190019|S|06072018|O210|07082018|4|S|S|3.2.00|3.2|2|09052019|E86/O211*F329 N200|09082018|NA|NA|11|0|1|321|4|NA|22072019|1|26062018|NA|1|M|NA|NA|NA|NA|NA|NA|991158
1|2|17072018|0943|826|260290|04011989|429|2|4|1|4|3|NA|521110|260290|1|2427427|NA|261160|NA|NA|NA|NA|NA|NA|NA|NA|NA|NA|NA|NA|NA|4|2|1|1|NA|NA|1|*A419|NA|*O85X|NA|NA|O85|NA|20802|261160|17072018|NA|NA|NA|20190040|S|18092019|O85|14082018|4|S|S|3.2.00|3.2|7|03102019|A419/ /O85|16082018|NA|NA|12|0|1|443|73|NA|29112019|1|28092018|NA|1|M|NA|NA|NA|NA|NA|NA|991456
1|2|09072018|0509|826|261380|12102000|417|2|1|1|2|1|NA|999993|261380|1|0000434|NA|261160|NA|NA|NA|NA|NA|NA|NA|NA|NA|NA|NA|NA|NA|1|1|3|1|NA|NA|1|*J960|*J189|*O998*C64X|NA|NA|O998|NA|17977|261160|09072018|NA|NA|NA|20190048|S|10072018|O998|03082018|4|S|S|3.2.00|3.2|8|28112019|J960/J189/O998 C64|09082018|NA|NA|10|0|1|507|4|NA|07112019|1|13072018|NA|2|M|NA|NA|NA|NA|NA|NA|991830
1|2|07112018|NA|821|211223|23082001|417|2|4|1|4|3|NA|999991|211223|1|7073224|NA|210043|NA|NA|NA|NA|NA|NA|NA|NA|NA|NA|NA|NA|NA|NA|NA|NA|1|NA|NA|2|*J960|*O13X*A419|NA|NA|NA|O13|NA|4626|NA|07112018|NA|NA|NA|20180024|N|NA|A419|15112018|2|S|S|3.2.02|3.2|NA|15112018|J960/O13 A419|15112018|NA|NA|12|0|1|008|NA|NA|NA|NA|NA|NA|NA|NA|NA|NA|NA|NA|NA|NA|992714
1|2|01122018|2235|821|210160|14042000|418|2|1|5|2|1|3|621005|210160|2|7744293|NA|210160|NA|NA|NA|NA|NA|NA|NA|NA|NA|NA|NA|NA|NA|9|9|9|1|NA|NA|2|*J159|*O861|NA|NA|NA|O861|NA|5245|NA|01122018|NA|NA|NA|20190010|S|13052019|F172|07052019|1|S|S|3.2.02|3.2|2|03062019|J159/O861|07052019|NA|NA|01|0|1|184|194|NA|26062019|6|13062019|NA|2|M|NA|NA|NA|NA|NA|NA|992966
1|2|21082018|1530|824|240810|14011985|433|2|4|9|4|3|NA|322205|250750|1|2400243|NA|250750|NA|NA|NA|NA|NA|NA|NA|NA|NA|NA|NA|NA|NA|4|2|1|1|NA|NA|2|*R092|*G931|*G936|*O85X|*N179|O85|NA|6839|NA|21082018|NA|NA|NA|20180047|N|NA|O85|23082018|1|S|S|3.2.00|3.2|NA|12112018|R092/G931/G936/O85*N179|24082018|NA|NA|12|0|1|083|77|NA|26122018|5|06112018|NA|2|M|NA|NA|NA|NA|NA|NA|993879
1|2|29092018|1935|824|240420|28051989|429|2|4|2|NA|NA|NA|NA|241150|1|2409208|NA|240810|NA|NA|NA|NA|NA|NA|NA|NA|NA|NA|NA|NA|NA|4|2|1|1|NA|NA|2|*J158|*R048|*O990*D619|NA|*O829|O990|NA|5909|NA|29092018|NA|NA|NA|20190031|S|17072019|O723|16102018|2|S|S|3.2.00|3.2|8|23092019|J158/R048/O990 D619*O829|19102018|NA|NA|NA|0|1|359|291|NA|23072019|5|17072019|NA|3|M|NA|NA|NA|NA|NA|NA|995306
1|2|02082018|NA|826|261060|08121973|444|2|4|1|2|1|NA|999994|261060|1|2427427|NA|261160|NA|NA|NA|NA|NA|NA|NA|NA|NA|NA|NA|NA|NA|4|2|1|1|NA|NA|1|*I619|*R571|*O159|NA|*O829*Y836|O159|NA|10621|261160|03082018|NA|NA|NA|20190024|S|20052019|O159|21082018|3|S|S|3.2.00|3.2|8|13062019|I619/R571/O159*O829 Y836|23082018|NA|NA|10|0|1|315|67|NA|07062019|4|08102018|NA|2|M|NA|NA|NA|NA|NA|NA|996360
1|2|16062018|0930|826|260410|23021993|425|2|4|1|4|3|NA|516205|261500|1|2631180|NA|261540|NA|NA|NA|NA|NA|NA|NA|NA|NA|NA|NA|NA|NA|1|1|3|1|NA|NA|1|*J960|*O995*J181|NA|NA|NA|O995|NA|16334|261160|16062018|NA|NA|NA|20190033|S|26112018|O995|04072018|4|S|S|3.2.00|3.2|8|15082019|J960/O995 J181|12072018|NA|NA|12|0|1|425|167|NA|19122018|1|30112018|NA|1|M|NA|NA|NA|NA|NA|NA|1000806
1|2|01102018|1305|852|521880|01011996|422|2|4|5|3|2|7|999992|521880|1|2340712|NA|521880|NA|NA|NA|NA|NA|NA|NA|NA|NA|NA|NA|NA|NA|4|2|1|1|NA|NA|2|*R570|*O903|*O149|NA|NA|O149|NA|17214|NA|01102018|NA|NA|NA|20190085|S|14102018|O903|10102018|5|S|S|3.2.00|3.2|8|12122019|R570/O903/O149|11102018|NA|NA|03|0|1|437|105|NA|14012019|5|14012019|NA|1|M|NA|NA|NA|NA|NA|NA|1002049
1|2|12122018|1140|823|231210|20121977|440|2|4|2|4|3|3|516210|521930|1|6665322|NA|521930|NA|NA|NA|NA|NA|NA|NA|NA|NA|NA|NA|NA|NA|1|1|3|1|NA|NA|2|*R571|*R100|*O998*I772|NA|NA|O998|NA|17198|NA|12122018|NA|NA|NA|20190069|S|23042019|O710|18122018|5|S|S|3.2.00|3.2|1|27092019|R571/R100/O998 I772|19122018|NA|NA|06|0|1|289|118|NA|15102019|1|09042019|NA|1|E|NA|NA|NA|NA|NA|NA|1002163
1|2|06102018|0310|841|411730|28071979|439|2|1|2|4|3|NA|999992|420910|2|6439993|NA|420910|NA|NA|NA|NA|NA|NA|NA|NA|NA|NA|NA|NA|NA|8|2|3|2|NA|NA|1|*I319|*I234|*O000*I219|*I10X|*E669|O000|NA|12213|420910|06102018|NA|NA|NA|20190032|S|22032019|I219|17102018|4|S|S|3.2.02|3.2|8|06052019|I319/I234/O000 I219/I10*E669|18102018|NA|NA|12|0|1|212|167|NA|24042019|1|22032019|NA|3|M|NA|NA|NA|NA|NA|NA|1002664
1|2|18102018|0520|841|410480|16041981|437|2|1|2|3|2|NA|999992|420910|1|2436477|NA|420910|NA|NA|NA|NA|NA|NA|NA|NA|NA|NA|NA|NA|NA|2|1|3|2|NA|NA|1|*O441|*O459|*O721*O723|*Y836|*B24X*O980*F192*F193*F603|O441|NA|12332|420910|18102018|NA|NA|NA|20200010|S|22032019|O998|07112018|4|S|S|3.2.02|3.2|8|18022020|O441/O459/O721 O723/Y836*B24 O980 F192 F193 F603|08112018|NA|NA|11|0|1|488|155|NA|24042019|1|22032019|NA|3|M|NA|NA|NA|NA|NA|NA|1002682
1|2|23092018|1453|843|431830|25031991|427|2|1|2|4|3|3|999992|420930|1|2504332|NA|420930|NA|NA|NA|NA|NA|NA|NA|NA|NA|NA|NA|NA|NA|4|2|1|1|NA|NA|2|*O459|*O141|*O721*Y836|NA|NA|O141|NA|19988|NA|23092018|NA|NA|NA|20200010|N|NA|O141|17102018|1|S|S|3.2.02|3.2|NA|18022020|O459/O141/O721 Y836|17102018|NA|NA|06|0|1|513|67|NA|06122018|5|29112018|NA|1|M|NA|NA|NA|NA|NA|NA|1003031
1|2|19062018|0722|826|261160|13071985|432|2|4|9|4|3|NA|999992|261160|1|0000434|NA|261160|NA|NA|NA|NA|NA|NA|NA|NA|NA|NA|NA|NA|NA|1|1|3|1|NA|NA|2|*A419|*J80X|*O995*J988|NA|*E669|O995|NA|26325|NA|19062018|NA|NA|NA|20180041|S|26062018|O995|09072018|2|S|S|3.2.00|3.2|8|04102018|A419/J80/O995 J988*E669|12072018|NA|NA|12|0|1|107|79|NA|10092018|1|06092018|NA|2|M|NA|NA|NA|NA|NA|NA|1004233
1|2|02072018|1503|826|260290|22041999|419|2|NA|1|3|2|5|999992|261160|1|0000434|NA|261160|NA|NA|NA|NA|NA|NA|NA|NA|NA|NA|NA|NA|NA|4|2|1|1|NA|NA|2|*J969|*A162|*B24X|NA|*B582|B200|NA|25067|NA|02072018|NA|NA|NA|20180034|N|NA|B200|07082018|2|S|S|3.2.00|3.2|NA|16082018|J969/A162/B24*B582|16082018|NA|NA|03|0|1|045|88|NA|04102018|5|28092018|NA|3|M|NA|NA|NA|NA|NA|NA|1004286
1|2|02102018|1305|824|240700|10061990|428|2|4|9|2|1|NA|622020|240700|1|2380528|NA|240700|NA|NA|NA|NA|NA|NA|NA|NA|NA|NA|NA|NA|NA|2|1|3|1|NA|NA|2|*R571|*D65X|*O723|NA|NA|O723|NA|9575|NA|02102018|NA|NA|NA|20190003|NA|NA|O723|29042019|1|S|S|3.2.00|3.2|NA|16072019|R571/D65/O723|16072019|NA|NA|10|0|1|287|NA|NA|NA|NA|NA|NA|NA|NA|NA|NA|NA|NA|NA|NA|1005311
2|2|08082018|1930|824|240940|14121992|425|2|4|5|2|1|NA|622005|241050|1|2409275|NA|240940|NA|NA|NA|NA|NA|NA|NA|NA|NA|NA|NA|NA|NA|4|2|1|1|NA|NA|1|*O882|*O754|*Y838|NA|NA|O754|NA|5976|240800|09082018|NA|NA|NA|20180007|NA|NA|NA|26092018|4|S|S|3.2.00|3.2|NA|28092018|O882/O754/Y838|28092018|NA|NA|10|0|1|051|NA|NA|NA|NA|NA|NA|NA|NA|NA|NA|NA|NA|NA|NA|1006412
1|2|22072018|1000|824|241200|09031976|442|2|4|2|4|3|NA|512105|240260|3|NA|NA|240810|NA|NA|NA|NA|NA|NA|NA|NA|NA|NA|NA|NA|NA|5|2|2|1|NA|NA|2|*O998*C56X|*K429*O348|*O244|NA|NA|O998|NA|6606|NA|22072018|NA|NA|NA|20180045|S|24092018|C56|24072018|5|S|S|3.2.00|3.2|8|11102018|O998 C56/K429 O348/O244|27072018|NA|NA|12|0|1|081|64|NA|24092018|6|24092018|NA|2|E|NA|NA|NA|NA|NA|NA|1007085
1|2|07112018|1057|828|280150|18071984|434|2|4|1|5|5|NA|231205|280150|1|2816210|NA|280030|NA|NA|NA|NA|NA|NA|NA|NA|NA|NA|NA|NA|NA|1|1|3|2|NA|NA|2|*O151|*O16X|NA|*E669|NA|O151|NA|4834|NA|07112018|NA|NA|NA|20190020|N|NA|O151|22112018|2|S|S|3.2.00|3.2|NA|26112019|O151/O16/ /E669|27112018|NA|NA|08|0|1|384|72|NA|01022019|5|18012019|NA|1|M|NA|NA|NA|NA|NA|NA|1009352
1|2|01122018|1054|828|280030|14031988|430|2|2|1|4|2|8|622020|280290|1|0002232|NA|280030|NA|NA|NA|NA|NA|NA|NA|NA|NA|NA|NA|NA|NA|4|2|1|1|NA|NA|2|*J969|*O141|*O159|NA|NA|O159|NA|2698|NA|01122018|NA|NA|NA|20190002|S|15012019|O159|04122018|2|S|S|3.2.00|3.2|1|25012019|J969/O141/O159|10122018|NA|NA|04|0|1|055|115|NA|02052019|5|26032019|NA|1|E|NA|NA|NA|NA|NA|NA|1009789
1|2|24112018|1800|829|292740|30031982|436|2|1|1|4|3|3|999992|280510|1|2816210|NA|280030|NA|NA|NA|NA|NA|NA|NA|NA|NA|NA|NA|NA|NA|4|2|1|1|NA|NA|2|*I619|*O159|NA|NA|NA|O159|NA|3041|NA|24112018|NA|NA|NA|20190014|S|02052019|O159|03122018|2|S|S|3.2.00|3.2|2|26082019|I619/O159|10122018|NA|NA|06|0|1|275|159|NA|07052019|5|02052019|NA|1|M|NA|NA|NA|NA|NA|NA|1009798
1|2|26082018|0052|826|261420|10111975|442|2|4|2|4|3|NA|231205|261420|1|0000183|NA|260290|NA|NA|NA|NA|NA|NA|NA|NA|NA|NA|NA|NA|NA|4|2|1|1|NA|NA|1|*J960|*O882|NA|NA|*O829*O244*I10X|O882|NA|17977|261160|26082018|NA|NA|NA|20190020|S|26032019|E889|10092018|4|S|S|3.2.00|3.2|8|15052019|J960/O882*O829 O244 I10|13092018|NA|NA|12|0|1|262|18|NA|17122019|5|13092018|NA|2|R|NA|NA|NA|NA|NA|NA|1010982
1|2|01092018|1741|826|261160|06021991|427|2|4|1|1|0|NA|999994|261160|1|0000655|NA|261160|NA|NA|NA|NA|NA|NA|NA|NA|NA|NA|NA|NA|NA|4|2|1|1|NA|NA|1|*A419|*J189|*O998*N390|NA|NA|O998|NA|15306|261160|02092018|NA|NA|NA|20190022|S|05052019|B207|12092018|4|S|S|3.2.00|3.2|8|30052019|A419/J189/O998 N390|20092018|NA|NA|00|0|1|271|4|NA|09112018|5|05092018|NA|3|M|NA|NA|NA|NA|NA|NA|1011120
1|2|03092018|2152|833|330455|26061983|435|2|4|2|4|3|NA|999992|260290|1|0000396|NA|261160|NA|NA|NA|NA|NA|NA|NA|NA|NA|NA|NA|NA|NA|4|2|1|1|NA|NA|1|*R571|*R048|NA|NA|*O998*N10X|O998|NA|20802|261160|04092018|NA|NA|NA|20190041|S|06052019|O998|17102018|4|S|S|3.2.00|3.2|8|10102019|R571/R048*O998 N10|25102018|NA|NA|12|0|1|402|NA|NA|NA|NA|NA|NA|NA|NA|NA|NA|NA|NA|NA|NA|1011163
1|2|04072018|0430|824|240800|04061982|436|2|1|1|3|2|NA|NA|240810|3|NA|NA|240810|NA|NA|NA|NA|NA|NA|NA|NA|NA|NA|NA|NA|NA|4|2|1|1|NA|NA|1|*O868|*O149|*O48X|NA|*F101|O149|NA|5123|240810|04072018|NA|NA|NA|20200003|S|14032019|O95|25072018|4|S|S|3.2.00|3.2|8|21012020|O868/O149/O48*F101|27072018|NA|NA|11|0|1|566|253|NA|14032019|5|14032019|NA|2|E|NA|NA|NA|NA|NA|NA|1013040
1|2|23062018|0436|824|240810|10061989|429|2|4|5|3|1|4|999992|241220|1|2409208|NA|240810|NA|NA|NA|NA|NA|NA|NA|NA|NA|NA|NA|NA|NA|4|2|1|1|NA|NA|NA|*O751|*O721|*O820|NA|NA|O721|NA|6731|NA|23062018|NA|NA|NA|20180047|S|04072018|O622|17072018|2|S|S|3.2.00|3.2|8|26102018|O751/O721/O820|23072018|NA|NA|02|0|1|125|61|NA|10092018|5|23082018|NA|3|E|NA|NA|NA|NA|NA|NA|1013521
1|2|14062018|0943|824|240260|29081995|422|2|NA|1|2|1|2|322205|240260|1|2408570|NA|240810|NA|NA|NA|NA|NA|NA|NA|NA|NA|NA|NA|NA|NA|4|2|1|1|NA|NA|2|*I619|*O151|NA|NA|NA|O151|NA|3288|NA|14062018|NA|NA|NA|20180045|S|27082018|O151|18062018|2|S|S|3.2.00|3.2|8|11102018|I619/O151|28062018|NA|NA|01|0|1|119|74|NA|27082018|5|27082018|NA|1|E|NA|NA|NA|NA|NA|NA|1013797
1|2|19082018|0855|841|410690|23111988|429|2|2|1|4|3|3|421125|420200|1|2522691|NA|420820|NA|NA|NA|NA|NA|NA|NA|NA|NA|NA|NA|NA|NA|1|1|3|1|NA|NA|2|*O996*K859*Y833*Y838|*O85X|*O364|*E669*O992*E059*O249|NA|O998|NA|4714|NA|19082018|NA|NA|NA|20200010|S|13092018|O996|14092018|5|S|S|3.2.02|3.2|4|18022020|O996 K859 Y833 Y838/O85/O364/E669 O992 E059 O249|17092018|NA|NA|06|0|1|548|47|NA|05102018|1|05102018|NA|1|M|NA|NA|NA|NA|NA|NA|1014281
1|2|20102018|1035|842|420240|03041980|438|2|1|2|4|3|3|832135|420240|1|2558254|NA|420240|NA|NA|NA|NA|NA|NA|NA|NA|NA|NA|NA|NA|NA|4|2|1|1|NA|NA|9|*O159|*O141|*O821|*O159|NA|O159|NA|19412|NA|20102018|NA|NA|NA|20190035|S|20102018|O159|22102018|5|S|S|3.2.02|3.2|3|05082019|O159/O141/O821/O159|29102018|NA|NA|06|0|1|289|97|NA|12022019|5|25012019|NA|2|M|NA|NA|NA|NA|NA|NA|1015150
1|2|19112018|NA|832|320520|03091984|434|2|4|2|4|3|NA|513435|320520|1|7257406|NA|320500|NA|NA|NA|NA|NA|NA|NA|NA|NA|NA|NA|NA|NA|4|2|1|1|NA|NA|2|*J81X|*O903|NA|NA|NA|O903|NA|6507|NA|20112018|NA|NA|NA|20190008|S|28012019|O903|06122018|4|S|S|3.2.00|3.2|8|05022019|J81/O903|07122018|NA|NA|12|0|1|078|70|NA|05022019|5|28012019|NA|1|E|NA|NA|NA|NA|NA|NA|1015279
1|2|11112018|0640|NA|NA|04061982|436|2|4|1|4|3|3|420105|320530|1|3167895|NA|320530|NA|NA|NA|NA|NA|NA|NA|NA|NA|NA|NA|NA|NA|4|2|1|1|NA|NA|1|NA|NA|NA|*O141|*K729*D65X*D62X|O141|NA|6733|320530|11112018|NA|NA|NA|20180036|S|28112018|O141|19112018|4|S|S|3.2.00|3.2|1|12122018|/ / /O141*K729 D65 D62|27112018|NA|NA|06|0|1|031|17|NA|04122018|5|28112018|NA|1|M|NA|NA|NA|NA|NA|NA|1015539
1|2|01122018|2251|832|320010|29101981|437|2|4|1|3|2|NA|513205|320460|1|7257406|NA|320500|NA|NA|NA|NA|NA|NA|NA|NA|NA|NA|NA|NA|NA|4|2|1|1|NA|NA|1|*O85X|*O731|*O429|NA|*O862|O731|NA|9434|320530|02122018|NA|NA|NA|20190017|S|28032019|O868|21012019|4|S|S|3.2.00|3.2|8|02042019|O85/O731/O429*O862|22012019|NA|NA|11|0|1|122|117|NA|28032019|5|28032019|NA|1|M|NA|NA|NA|NA|NA|NA|1015782
1|2|26082018|0720|826|260530|23061995|423|2|1|1|4|3|NA|621005|260530|1|2712040|NA|260990|NA|NA|NA|NA|NA|NA|NA|NA|NA|NA|NA|NA|NA|1|1|3|1|NA|NA|2|*J81X|*I10X|*O149|NA|NA|O149|NA|20464|NA|26082018|NA|NA|NA|20190032|S|29082018|O149|08102018|5|S|S|3.2.00|3.2|8|08082019|J81/I10/O149|11102018|NA|NA|12|0|1|347|60|NA|25102018|4|25102018|NA|1|M|NA|NA|NA|NA|NA|NA|1016373
1|2|14022018|0210|815|150140|01011992|426|2|4|1|3|2|NA|999992|150290|1|2337339|NA|150140|NA|NA|NA|NA|NA|NA|NA|NA|NA|NA|NA|NA|NA|1|1|3|2|NA|NA|1|*R571|*R58X|*O001|NA|NA|O001|NA|1404|150140|14022018|NA|NA|NA|20180015|NA|NA|O001|23032018|4|S|S|3.2.00|3.2|NA|28032018|R571/R58/O001|28032018|NA|NA|11|0|1|042|153|NA|17072018|1|17072018|NA|1|M|NA|NA|NA|NA|NA|NA|1017231
1|2|14032018|0840|815|150140|12041993|424|2|4|1|3|2|NA|999992|150080|1|9413073|NA|150080|NA|NA|NA|NA|NA|NA|NA|NA|NA|NA|NA|NA|NA|NA|NA|NA|1|NA|NA|1|*R58X|*R58X|*O001*N835|NA|NA|O001|NA|792|150140|15032018|NA|NA|NA|20180021|NA|NA|N835|24052018|4|S|S|3.2.02|3.2|NA|24052018|R58/R58/O001 N835|24052018|NA|NA|11|0|1|071|NA|NA|NA|NA|NA|NA|NA|NA|NA|NA|NA|NA|NA|NA|1017436
1|2|23032018|0930|815|150470|27041986|431|2|4|5|3|2|NA|999992|150442|1|2752700|NA|150140|NA|NA|NA|NA|NA|NA|NA|NA|NA|NA|NA|NA|NA|1|1|3|1|NA|NA|2|*I639|*R092|*R571|*O622|*O459*O829|O622|NA|5406|NA|23032018|NA|NA|NA|20190047|S|06072018|O622|28032018|2|S|S|3.2.00|3.2|8|22082019|I639/R092/R571/O622*O459 O829|28032018|NA|NA|11|0|1|517|105|NA|06072018|1|06072018|NA|2|M|NA|NA|NA|NA|NA|NA|1018037
1|2|29032018|0030|815|150230|19051981|436|2|1|1|2|1|NA|999992|150230|1|2752700|NA|150140|NA|NA|NA|NA|NA|NA|NA|NA|NA|NA|NA|NA|NA|4|2|1|1|NA|NA|2|*O864|*A419|*O021|NA|*N179*E141|O864|NA|6054|NA|29032018|NA|NA|NA|20200017|S|24052018|O864|10042018|2|S|S|3.2.00|3.2|3|17022020|O864/A419/O021*N179 E141|12042018|NA|NA|10|0|1|690|27|NA|01082018|3|25042018|NA|1|R|NA|NA|NA|NA|NA|NA|1018260
1|2|02042018|1930|815|150810|27041998|419|2|4|1|3|2|NA|999991|150210|1|2752700|NA|150140|NA|NA|NA|NA|NA|NA|NA|NA|NA|NA|NA|NA|NA|4|2|1|1|NA|NA|2|*A419|*Q809|*O152|*O141|NA|O152|NA|4360|NA|02042018|NA|NA|NA|20190047|S|20072018|O152|06042018|5|S|S|3.2.00|3.2|8|22082019|A419/Q809/O152/O141|12042018|NA|NA|11|0|1|507|109|NA|11072019|5|20072018|NA|1|M|NA|NA|NA|NA|NA|NA|1018451
1|2|16042018|2048|815|150140|30121987|430|2|4|5|2|1|NA|622020|150170|1|2752700|NA|150140|NA|NA|NA|NA|NA|NA|NA|NA|NA|NA|NA|NA|NA|4|2|1|1|NA|NA|2|*A419|*J189|*O993*G629|*O829|NA|O993|NA|4360|NA|16042018|NA|NA|NA|20200015|S|17022020|O993|04062018|5|S|S|3.2.00|3.2|3|17022020|A419/J189/O993 G629/O829|06062018|NA|NA|10|0|1|672|316|NA|26022019|5|26022019|NA|1|M|NA|NA|NA|NA|NA|NA|1019417
1|2|19062018|1410|815|150240|04111991|426|2|1|5|3|2|NA|999992|150240|1|2752700|NA|150140|NA|NA|NA|NA|NA|NA|NA|NA|NA|NA|NA|NA|NA|4|2|1|1|NA|NA|2|*A419|*N179|*J180|*O152|*O829|O152|NA|6319|NA|19062018|NA|NA|NA|20200015|S|17022020|O152|29062018|1|S|S|3.2.00|3.2|3|17022020|A419/N179/J180/O152*O829|05072018|NA|NA|11|0|1|608|43|NA|01082018|5|01082018|NA|1|M|NA|NA|NA|NA|NA|NA|1020859
1|2|24082018|0930|815|150140|05071984|434|2|4|5|3|2|5|752105|150140|1|2332620|NA|150140|NA|NA|NA|NA|NA|NA|NA|NA|NA|NA|NA|NA|NA|4|2|1|1|NA|NA|2|*R092|*O882|NA|NA|*O829|O882|NA|1181|NA|24082018|NA|NA|NA|20200017|S|18032019|O759|05092018|1|S|S|3.2.00|3.2|8|17022020|R092/O882*O829|06092018|NA|NA|03|0|1|542|206|NA|02052019|5|18032019|NA|2|M|NA|NA|NA|NA|NA|NA|1021349
1|2|04072018|1000|815|150140|03101984|433|2|4|1|5|5|NA|239415|150140|1|2334321|NA|150140|NA|NA|NA|NA|NA|NA|NA|NA|NA|NA|NA|NA|NA|4|2|1|1|NA|NA|2|*A419*R570|*N179|*O994*I619|*O829|NA|O994|NA|6419|NA|04072018|NA|NA|NA|20200005|S|17022020|O994|11072018|2|S|S|3.2.00|3.2|3|17022020|A419 R570/N179/O994 I619/O829|12072018|NA|NA|08|0|1|593|70|NA|10102018|5|12092018|NA|1|E|NA|NA|NA|NA|NA|NA|1021790
1|2|10082018|0500|815|150140|12111998|419|2|4|1|3|2|NA|999991|150230|5|NA|NA|150442|NA|NA|NA|NA|NA|NA|NA|NA|NA|NA|NA|NA|NA|NA|NA|NA|2|NA|NA|1|*R571|*O622|*O720|NA|NA|O622|NA|2498|150140|10082018|NA|NA|NA|20180025|N|NA|O622|29082018|4|S|S|3.2.00|3.2|NA|03092018|R571/O622/O720|03092018|NA|NA|11|0|1|024|124|NA|12122018|1|12122018|NA|2|R|NA|NA|NA|NA|NA|NA|1022743
1|2|07082018|1130|815|150309|24011984|434|2|2|1|4|3|NA|515105|150795|1|7563701|NA|150550|NA|NA|NA|NA|NA|NA|NA|NA|NA|NA|NA|NA|NA|4|2|1|1|NA|NA|2|*R579|*J960|*I269|*O223|*I978|O223|NA|4810|NA|07082018|NA|NA|NA|20200008|S|05112018|I802|14082018|5|S|S|3.2.00|3.2|2|17022020|R579/J960/I269/O223*I978|17082018|NA|NA|12|0|1|559|90|NA|14022020|5|05112018|NA|1|E|NA|NA|NA|NA|NA|NA|1023087
1|2|18072018|1215|817|171610|22121996|421|2|4|5|4|3|NA|999992|150658|1|6106005|NA|150670|NA|NA|NA|NA|NA|NA|NA|NA|NA|NA|NA|NA|NA|3|1|3|1|NA|NA|2|*R092|*N939|*O021|NA|NA|O021|NA|3870|NA|18072018|NA|NA|NA|20190025|S|17072019|O021|26072018|1|S|S|3.2.00|3.2|3|26072019|R092/N939/O021|26072018|NA|NA|12|0|1|373|364|NA|18072019|2|17072019|NA|1|M|NA|NA|NA|NA|NA|NA|1024311
1|2|29102018|2000|815|150840|10011989|429|2|4|2|5|5|NA|NA|150840|1|2621592|NA|150840|NA|NA|NA|NA|NA|NA|NA|NA|NA|NA|NA|NA|NA|4|2|1|1|NA|NA|2|*O882|*I631|*I959|*R061|NA|O882|NA|10811|NA|29102018|NA|NA|NA|20190047|S|11112019|O882|30102018|NA|S|S|3.2.00|3.2|8|19122019|O882/I631/I959/R061|01112018|NA|NA|08|0|1|416|378|NA|11122019|4|11112019|NA|1|M|NA|NA|NA|NA|NA|NA|1024468
1|2|01072018|1246|815|150330|28111990|427|2|4|1|4|3|NA|999992|150330|1|2752700|NA|150140|NA|NA|NA|NA|NA|NA|NA|NA|NA|NA|NA|NA|NA|4|2|1|1|NA|NA|2|*A419|*O85X|*O998*N390|NA|*I517|O85|NA|7679|NA|01072018|NA|NA|NA|20200017|S|17022020|O85|05072018|5|S|S|3.2.00|3.2|3|17022020|A419/O85/O998 N390*I517|12072018|NA|NA|12|0|1|596|73|NA|13092018|6|12092018|NA|1|M|NA|NA|NA|NA|NA|NA|1024672
1|2|12072018|0100|815|150140|08091989|428|2|1|5|4|3|NA|521110|150140|1|2340992|NA|150140|NA|NA|NA|NA|NA|NA|NA|NA|NA|NA|NA|NA|NA|8|2|3|1|NA|NA|2|*A419|*O860|*O829|*O654|NA|O860|NA|6243|NA|12072018|NA|NA|NA|20190031|S|25102018|O998|19072018|5|S|S|3.2.00|3.2|8|21052019|A419/O860/O829/O654|26072018|NA|NA|12|0|1|313|105|NA|15052019|5|25102018|NA|2|M|NA|NA|NA|NA|NA|NA|1024716
1|2|18082018|0745|815|150180|12101998|419|2|4|1|9|9|NA|NA|150180|1|6710158|NA|150180|NA|NA|NA|NA|NA|NA|NA|NA|NA|NA|NA|NA|NA|4|2|1|1|NA|NA|2|*A419|*O995*J189|NA|NA|*E46X|O995|NA|12764|NA|18082018|NA|NA|NA|20180052|S|04122018|O995|23082018|1|S|S|3.2.02|3.2|3|17122018|A419/O995 J189*E46|30082018|NA|NA|09|0|1|121|19|NA|10122018|5|06092018|NA|1|M|NA|NA|NA|NA|NA|NA|1025486
1|2|12072018|0450|815|150810|11042002|416|2|4|2|3|2|NA|999991|150178|1|2621614|NA|150810|NA|NA|NA|NA|NA|NA|NA|NA|NA|NA|NA|NA|NA|4|2|1|1|NA|NA|2|*O751|*O904|*O109|*O152|*O990*O601|O152|NA|3907|NA|12072018|NA|NA|NA|20180035|S|17072018|O998|17072018|1|S|S|3.2.00|3.2|3|18072018|O751/O904/O109/O152*O990 O601|18072018|NA|NA|11|0|1|006|207|NA|05022019|5|04022019|NA|1|M|NA|NA|NA|NA|NA|NA|1026131
1|2|03082018|1345|815|150309|30011995|423|2|4|1|2|1|NA|NA|150178|1|2621614|NA|150810|NA|NA|NA|NA|NA|NA|NA|NA|NA|NA|NA|NA|NA|4|2|1|1|NA|NA|2|*O152|*I10X|NA|NA|NA|O152|NA|12527|NA|21082018|NA|NA|NA|20180045|S|21082018|O152|19082018|2|S|S|3.2.00|3.2|3|27092018|O152/I10|22082018|NA|NA|10|0|1|055|189|NA|11022019|5|08022019|NA|1|M|NA|NA|NA|NA|NA|NA|1026295
1|2|06082018|2130|821|210860|05052001|417|2|4|5|3|2|7|999992|150420|1|5703425|NA|150420|NA|NA|NA|NA|NA|NA|NA|NA|NA|NA|NA|NA|NA|NA|NA|NA|1|NA|NA|2|*O152|*O13X|NA|NA|NA|O152|NA|4331|NA|07082018|NA|NA|NA|20180039|S|07082018|O152|13082018|5|S|S|3.2.02|3.2|8|12092018|O152/O13|20082018|NA|NA|03|0|1|037|1|NA|06092018|5|07082018|NA|1|M|NA|NA|NA|NA|NA|NA|1026513
1|2|13082018|0840|817|170300|11041983|435|2|4|5|1|0|NA|622310|150420|1|5599504|NA|150420|NA|NA|NA|NA|NA|NA|NA|NA|NA|NA|NA|NA|NA|1|1|3|1|NA|NA|2|*O16X*I639|NA|NA|NA|NA|O16|NA|10469|NA|13082018|NA|NA|NA|20200008|S|30112018|I639|20082018|2|S|S|3.2.02|3.2|8|18022020|O16 I639|03092018|NA|NA|00|0|1|554|112|NA|23012019|1|03122018|NA|1|M|NA|NA|NA|NA|NA|NA|1026548
1|2|13092018|0345|815|150420|04121993|424|2|4|5|9|9|NA|999992|150420|1|5599504|NA|150420|NA|NA|NA|NA|NA|NA|NA|NA|NA|NA|NA|NA|NA|NA|NA|NA|1|NA|NA|2|*O751|*O85X|NA|NA|NA|O85|NA|NA|NA|13092018|NA|NA|NA|20190005|S|15092018|O85|14092018|1|S|S|3.2.02|3.2|8|23012019|O751/O85|21092018|NA|NA|09|0|1|132|67|NA|19122018|5|19112018|NA|1|M|NA|NA|NA|NA|NA|NA|1026902
1|2|10092018|1550|815|150140|03031999|419|2|4|1|3|2|NA|999991|150080|1|2752700|NA|150140|NA|NA|NA|NA|NA|NA|NA|NA|NA|NA|NA|NA|NA|1|1|3|1|NA|NA|2|*A419|*O980*A150|NA|NA|*R64X|O980|NA|6799|NA|10092018|NA|NA|NA|20190046|S|24072019|O995|14092018|2|S|S|3.2.00|3.2|3|26072019|A419/O980 A150*R64|19092018|NA|NA|11|0|1|319|395|NA|10102019|3|10102019|NA|2|M|NA|NA|NA|NA|NA|NA|1027971
1|2|09082018|1455|821|210380|06041992|426|2|4|5|5|4|NA|239415|150240|1|2752700|NA|150140|NA|NA|NA|NA|NA|NA|NA|NA|NA|NA|NA|NA|NA|1|1|3|1|NA|NA|2|*R092|NA|*O141|*O13X|*O244|O13|NA|5477|NA|09082018|NA|NA|NA|20180036|NA|NA|O13|20082018|2|S|S|3.2.00|3.2|NA|23082018|R092/ /O141/O13*O244|23082018|NA|NA|07|0|1|014|141|NA|28122018|4|28122018|NA|1|M|NA|NA|NA|NA|NA|NA|1029056
1|2|12082018|1040|815|150655|14051995|423|2|4|1|4|3|NA|NA|150140|1|2752700|NA|150140|NA|NA|NA|NA|NA|NA|NA|NA|NA|NA|NA|NA|NA|1|1|3|1|NA|NA|2|*A419|*O995*J189|NA|NA|*N179|O995|NA|11515|NA|12082018|NA|NA|NA|20190030|S|13112018|O995|20082018|2|S|S|3.2.00|3.2|8|21052019|A419/O995 J189*N179|23082018|NA|NA|12|0|1|282|93|NA|03052019|1|13112018|NA|3|M|NA|NA|NA|NA|NA|NA|1029235
1|2|05082018|0200|815|150442|24121998|419|2|4|5|4|3|NA|999991|150080|1|2332671|NA|150140|NA|NA|NA|NA|NA|NA|NA|NA|NA|NA|NA|NA|NA|4|2|1|1|NA|NA|2|*J969|*J81X|*I10X|*O152|*O821|O152|NA|5406|NA|05082018|NA|NA|NA|20200017|S|17022020|O152|13082018|2|S|S|3.2.00|3.2|3|17022020|J969/J81/I10/O152*O821|16082018|NA|NA|12|0|1|561|215|NA|19082019|5|08032019|NA|1|M|NA|NA|NA|NA|NA|NA|1029258
1|2|22082018|0450|815|150650|03051986|432|2|4|2|4|3|NA|612005|150650|1|2752700|NA|150140|NA|NA|NA|NA|NA|NA|NA|NA|NA|NA|NA|NA|NA|4|2|1|1|NA|NA|2|*D65X|*T811|*O622|NA|*Y836|O622|NA|6995|NA|22082018|NA|NA|NA|20200017|S|27092018|O622|23082018|5|S|S|3.2.00|3.2|3|17022020|D65/T811/O622*Y836|03092018|NA|NA|12|0|1|544|232|NA|11042019|5|11042019|NA|3|M|NA|NA|NA|NA|NA|NA|1029404
1|2|17082018|1015|815|150230|15111982|435|2|4|1|4|3|NA|999992|150230|1|2333031|NA|150140|NA|NA|NA|NA|NA|NA|NA|NA|NA|NA|NA|NA|NA|1|1|3|1|NA|NA|2|*R570|*O994*I050|NA|NA|*O321|O994|NA|10428|NA|17082018|NA|NA|NA|20180037|NA|NA|O994|29082018|1|S|S|3.2.00|3.2|NA|03092018|R570/O994 I050*O321|03092018|NA|NA|12|0|1|017|124|NA|19122018|5|19122018|NA|1|R|NA|NA|NA|NA|NA|NA|1029515
1|2|28082018|1710|815|150140|07041994|424|2|1|5|2|1|NA|999992|150130|1|2752700|NA|150140|NA|NA|NA|NA|NA|NA|NA|NA|NA|NA|NA|NA|NA|1|1|3|1|NA|NA|2|*A419|*J189|*O980*A150|NA|NA|O980|NA|7465|NA|28082018|NA|NA|NA|20190015|S|20092018|O980|30082018|5|S|S|3.2.00|3.2|8|28022019|A419/J189/O980 A150|06092018|NA|NA|10|0|1|184|23|NA|14022019|1|20092018|NA|3|M|NA|NA|NA|NA|NA|NA|1029645
1|2|11092018|1110|815|150390|10051998|420|2|4|5|3|1|4|622005|150390|1|2316757|NA|150390|NA|NA|NA|NA|NA|NA|NA|NA|NA|NA|NA|NA|NA|NA|NA|NA|NA|NA|NA|NA|*R571|*O083|*O001|NA|NA|O001|NA|7119|NA|11092018|NA|NA|NA|20180034|NA|NA|O001|19092018|1|S|S|3.2.00|3.2|NA|21092018|R571/O083/O001|21092018|NA|NA|02|0|1|010|150|NA|08022019|1|08022019|NA|1|M|NA|NA|NA|NA|NA|NA|1029984
1|2|23082018|1630|815|150680|26021994|424|2|4|1|3|1|4|999992|150680|1|2329905|NA|150680|NA|NA|NA|NA|NA|NA|NA|NA|NA|NA|NA|NA|NA|2|1|3|1|NA|NA|2|*R571|NA|*O150|*O13X|NA|O150|NA|13421|NA|23082018|NA|NA|NA|20190050|S|24082018|O150|28082018|1|S|S|3.2.02|3.2|8|17072019|R571/ /O150/O13|31082018|NA|NA|02|0|1|328|1|NA|24092018|5|24082018|NA|1|M|NA|NA|NA|NA|NA|NA|1030003
1|2|06092018|1130|NA|NA|06121982|435|2|4|1|2|1|NA|999992|150145|1|2329905|NA|150680|NA|NA|NA|NA|NA|NA|NA|NA|NA|NA|NA|NA|NA|2|1|3|1|NA|NA|2|*R571|*O459|*O829|NA|NA|O459|NA|7462|NA|06092018|NA|NA|NA|20180066|NA|NA|O459|10092018|2|S|S|3.2.02|3.2|NA|13092018|R571/O459/O829|13092018|NA|NA|10|0|1|007|370|NA|08112019|4|11092019|NA|1|M|NA|NA|NA|NA|NA|NA|1030217
1|2|11092018|0345|815|150680|12022000|418|2|1|1|3|2|NA|999992|150680|1|2329905|NA|150680|NA|NA|NA|NA|NA|NA|NA|NA|NA|NA|NA|NA|NA|8|2|3|1|NA|NA|2|*A419|*E878|*O904|*O908|NA|O908|NA|9910|NA|11092018|NA|NA|NA|20180087|S|19092018|A46|11092018|1|S|S|3.2.02|3.2|8|28112018|A419/E878/O904/O908|13092018|NA|NA|11|0|1|078|8|NA|24092018|5|19092018|NA|1|M|NA|NA|NA|NA|NA|NA|1030230
1|2|11092018|0240|815|150619|11021990|428|2|4|NA|4|3|3|999992|150815|1|2329905|NA|150680|NA|NA|NA|NA|NA|NA|NA|NA|NA|NA|NA|NA|NA|4|2|1|1|NA|NA|2|*A419|*J180|*Y836|*O150|*N179*E889|O150|NA|2703|NA|11092018|NA|NA|NA|20190078|NA|NA|O150|13092018|5|S|S|3.2.02|3.2|NA|16102019|A419/J180/Y836/O150*N179 E889|13092018|NA|NA|06|0|1|400|444|NA|29112019|5|29112019|NA|1|M|NA|NA|NA|NA|NA|NA|1030245
1|2|20092018|1100|815|150680|23081990|428|2|4|5|4|3|NA|999992|150680|1|2329905|NA|150680|NA|NA|NA|NA|NA|NA|NA|NA|NA|NA|NA|NA|NA|4|2|1|1|NA|NA|2|*R578|*R568|NA|*O883|*O829|O883|NA|13421|NA|20092018|NA|NA|NA|20180087|S|25092018|O883|24092018|5|S|S|3.2.02|3.2|8|28112018|R578/R568/ /O883*O829|03102018|NA|NA|12|0|1|069|25|NA|22102018|5|15102018|NA|1|M|NA|NA|NA|NA|NA|NA|1030295
1|2|05102018|1215|815|150140|23011988|430|2|1|3|4|3|NA|354705|150140|1|2752700|NA|150140|NA|NA|NA|NA|NA|NA|NA|NA|NA|NA|NA|NA|NA|4|2|1|1|NA|NA|2|*T811|*T814|*O622|*O459|*O829*Y836*G978|O459|NA|6799|NA|05102018|NA|NA|NA|20200017|S|09012019|J189|11102018|2|S|S|3.2.00|3.2|8|17022020|T811/T814/O622/O459*O829 Y836 G978|18102018|NA|NA|12|0|1|500|96|NA|18022019|5|09012019|NA|2|M|NA|NA|NA|NA|NA|NA|1030537
1|2|14102018|1230|815|150276|19052002|416|2|5|1|2|1|NA|999992|150555|1|5498465|NA|150613|NA|NA|NA|NA|NA|NA|NA|NA|NA|NA|NA|NA|NA|4|2|1|1|NA|NA|2|*A419|*K650|*K632|*O85X|*O829|O85|NA|6222|NA|14102018|NA|NA|NA|20190022|N|NA|O85|22102018|NA|S|S|3.2.02|3.2|NA|23042019|A419/K650/K632/O85*O829|25102018|NA|NA|10|0|1|191|107|NA|30012019|5|29012019|NA|1|E|NA|NA|NA|NA|NA|NA|1030776
1|2|27102018|1705|815|150140|15031987|431|2|1|1|4|2|8|512105|150210|1|2418665|NA|150210|NA|NA|NA|NA|NA|NA|NA|NA|NA|NA|NA|NA|NA|2|1|3|1|NA|NA|2|*R092|*I619|*O159|NA|NA|O159|NA|1162|NA|27102018|NA|NA|NA|20190043|S|19112018|O159|31102018|1|S|S|3.2.00|3.2|2|14102019|R092/I619/O159|01112018|NA|NA|04|0|1|352|23|NA|08022020|4|19112018|NA|1|R|NA|NA|NA|NA|NA|NA|1031323
1|2|28092018|1843|815|150010|29071980|438|2|4|2|4|3|NA|999992|150140|1|2752700|NA|150140|NA|NA|NA|NA|NA|NA|NA|NA|NA|NA|NA|NA|NA|4|2|1|1|NA|NA|2|*R571|*D65X|*O622|*O149|*O809|O149|NA|6799|NA|28092018|NA|NA|NA|20200015|S|07012019|O622|10102018|2|S|S|3.2.00|3.2|8|17022020|R571/D65/O622/O149*O809|18102018|NA|NA|12|0|1|507|101|NA|02052019|5|07012019|NA|2|M|NA|NA|NA|NA|NA|NA|1032192
1|2|02102018|0000|815|150770|28071996|422|2|4|2|3|2|NA|999992|150770|1|2752700|NA|150140|NA|NA|NA|NA|NA|NA|NA|NA|NA|NA|NA|NA|NA|4|2|1|1|NA|NA|2|*A419|*O85X|NA|NA|NA|O85|NA|7679|NA|02102018|NA|NA|NA|20200015|S|25012019|A419|10102018|NA|S|S|3.2.00|3.2|3|17022020|A419/O85|18102018|NA|NA|11|0|1|503|178|NA|29032019|5|29032019|NA|1|M|NA|NA|NA|NA|NA|NA|1032198
1|2|04102018|0600|815|150140|04071984|434|2|4|1|4|3|NA|999992|150140|1|7283458|NA|150080|NA|NA|NA|NA|NA|NA|NA|NA|NA|NA|NA|NA|NA|1|1|3|1|NA|NA|2|*J81X|*R570|NA|NA|*O95X*C509|O95|NA|14514|NA|04102018|NA|NA|NA|20190042|NA|NA|O95|10102018|1|S|S|3.2.02|3.2|NA|24102019|J81/R570*O95 C509|10102018|NA|NA|12|0|1|385|32|NA|06112019|1|05112018|NA|2|M|NA|NA|NA|NA|NA|NA|1032523
1|2|11122018|0650|815|150548|22051992|426|2|4|1|4|3|NA|999992|150548|1|2616211|NA|150548|NA|NA|NA|NA|NA|NA|NA|NA|NA|NA|NA|NA|NA|4|2|1|1|NA|NA|2|*O882|*O909|*O759*O140|*O909|NA|O140|NA|8870|NA|11122018|NA|NA|NA|20190016|S|27122018|O759|14122018|1|S|S|3.2.00|3.2|8|30052019|O882/O909/O759 O140/O909|19122018|NA|NA|12|0|1|170|16|NA|21052019|4|27122018|NA|2|M|NA|NA|NA|NA|NA|NA|1032818
1|2|05032018|2140|823|230765|13031996|421|2|4|1|4|3|NA|999992|230765|1|2481286|NA|230440|NA|NA|NA|NA|NA|NA|NA|NA|NA|NA|NA|NA|NA|4|2|1|1|NA|NA|2|*R688|*G936|*J969|*O994*I619|*O159|O994|NA|6776|NA|05032018|NA|NA|NA|20200004|S|07032018|I619|06032018|2|S|S|3.2.00|NA|2|05022020|R688/G936/J969/O994 I619*O159|08032018|NA|NA|12|0|1|702|2|NA|09042018|5|07032018|NA|1|M|NA|NA|NA|NA|NA|NA|1033288
1|2|17022018|1819|823|230440|09071998|419|2|4|1|3|2|NA|999992|230100|1|2785900|NA|230440|NA|NA|NA|NA|NA|NA|NA|NA|NA|NA|NA|NA|NA|3|1|3|1|NA|NA|2|*R570|*O039*I519|NA|NA|NA|O039|NA|NA|NA|17022018|NA|NA|NA|20180018|NA|NA|I519|04052018|2|S|S|3.2.00|NA|NA|07052018|R570/O039 I519|07052018|NA|NA|11|0|1|079|55|NA|14052018|9|13042018|NA|NA|M|NA|NA|NA|NA|NA|NA|1033827
1|2|19052018|1100|823|230640|15032004|414|2|1|1|3|2|NA|999991|231350|3|NA|NA|231350|NA|NA|NA|NA|NA|NA|NA|NA|NA|NA|NA|NA|NA|5|2|2|1|NA|NA|1|*A419|*O890|NA|NA|NA|O890|NA|4418|230440|19052018|NA|NA|NA|20190036|S|27062019|O890|28052018|4|S|S|3.2.00|NA|2|17102019|A419/O890|08062018|NA|NA|11|0|1|516|404|NA|27062019|6|27062019|NA|1|M|NA|NA|NA|NA|NA|NA|1035597
1|2|17072018|0315|823|231200|06061981|437|2|4|1|4|3|NA|622020|231200|1|3021114|NA|231290|NA|NA|NA|NA|NA|NA|NA|NA|NA|NA|NA|NA|NA|4|2|1|2|NA|NA|NA|*J969|*J81X|*O998*N19X|*O152|*O159|O998|NA|10754|NA|17072018|NA|NA|NA|20190013|S|31082018|N19|25072018|1|S|S|3.2.00|3.2|8|01082019|J969/J81/O998 N19/O152*O159|08082018|NA|NA|12|0|1|380|64|NA|02102018|5|19092018|NA|1|M|NA|NA|NA|NA|NA|NA|1036220
1|2|26012018|1650|823|230440|01011982|436|2|4|5|2|1|NA|999992|230550|1|2564211|NA|230190|NA|NA|NA|NA|NA|NA|NA|NA|NA|NA|NA|NA|NA|4|2|1|1|NA|NA|2|*A419|*J690|*R568|*O159|*J960*N179|O159|NA|10499|NA|26012018|NA|NA|NA|20180015|S|23022018|O159|02022018|2|S|S|3.2.00|3.2|8|27042018|A419/J690/R568/O159*J960 N179|05022018|NA|NA|10|0|1|091|28|NA|08052019|5|23022018|NA|1|M|NA|NA|NA|NA|NA|NA|1037365
1|2|17012018|0130|823|230730|22041983|434|2|4|1|4|3|NA|NA|230730|1|2564211|NA|230190|NA|NA|NA|NA|NA|NA|NA|NA|NA|NA|NA|NA|NA|4|2|1|1|NA|NA|2|*R578|*G932|*O994|NA|*J960*A419|O994|NA|10499|NA|17012018|NA|NA|NA|20180010|S|08022018|O994|26012018|2|S|S|3.2.00|3.2|3|02042018|R578/G932/O994*J960 A419|02022018|NA|NA|12|0|1|075|128|NA|25052018|5|25052018|NA|1|M|NA|NA|NA|NA|NA|NA|1037475
1|2|11062018|2020|823|230420|11021974|444|2|2|1|2|1|3|621005|230730|1|6779522|NA|230730|NA|NA|NA|NA|NA|NA|NA|NA|NA|NA|NA|NA|NA|5|2|2|1|NA|NA|1|*I269|*O882|*O067|NA|*N390*K752|O067|NA|11890|230190|12062018|NA|NA|NA|20190041|S|09102019|O067|15062018|4|S|S|3.2.00|3.2|8|15102019|I269/O882/O067*N390 K752|22062018|NA|NA|01|0|1|491|120|NA|19112019|6|09102018|NA|1|M|NA|NA|NA|NA|NA|NA|1038344
1|2|10102018|1823|823|230810|18051994|424|2|4|1|3|2|NA|NA|230810|1|2415488|NA|230420|NA|NA|NA|NA|NA|NA|NA|NA|NA|NA|NA|NA|NA|4|2|1|1|NA|NA|2|*O993|*G936|*G931|NA|NA|O993|NA|19534|NA|10102018|NA|NA|NA|20200002|S|10102018|G931|26102018|1|S|S|3.2.00|3.2|3|30012020|O993/G936/G931|06112018|NA|NA|11|0|1|477|20|NA|16072019|5|30102018|NA|1|M|NA|NA|NA|NA|NA|NA|1039009
1|2|20082018|0425|823|230440|31011989|429|2|4|2|5|5|NA|354145|230440|1|2561492|NA|230440|NA|NA|NA|NA|NA|NA|NA|NA|NA|NA|NA|NA|NA|5|2|2|1|NA|NA|2|*G939*O96X|*J22X|*K650|*O998*M329|NA|O998|NA|19194|NA|20082018|NA|NA|NA|20190039|S|20102019|M321|03092018|1|S|S|3.2.00|NA|8|06112019|G939 O96/J22/K650/O998 M329|24092018|NA|NA|08|0|1|443|114|NA|27112019|6|12122018|NA|1|M|NA|NA|NA|NA|NA|NA|1040245
1|2|27092018|2350|823|230440|07031991|427|2|1|2|4|3|NA|999992|230765|1|2481286|NA|230440|NA|NA|NA|NA|NA|NA|NA|NA|NA|NA|NA|NA|NA|4|2|1|1|NA|NA|2|*O670|*O723|*O159|NA|NA|O159|NA|7273|NA|27092018|NA|NA|NA|20180047|S|03102018|O159|28092018|5|S|S|3.2.00|NA|2|08112018|O670/O723/O159|18102018|NA|NA|12|0|1|042|6|NA|07112019|5|03102018|NA|1|M|NA|NA|NA|NA|NA|NA|1040250
1|2|03082018|0625|823|230440|08061993|425|2|4|1|4|3|NA|513205|230290|1|2499363|NA|230440|NA|NA|NA|NA|NA|NA|NA|NA|NA|NA|NA|NA|NA|4|2|1|1|NA|NA|2|*R571|*D599|*O150*N179|NA|NA|O150|NA|17780|NA|03082018|NA|NA|NA|20180049|S|03102018|O150|03082018|1|S|S|3.2.00|NA|8|29112018|R571/D599/O150 N179|07082018|NA|NA|12|0|1|118|61|NA|08102018|5|03102018|NA|1|M|NA|NA|NA|NA|NA|NA|1040369
1|2|15052018|1400|823|230440|12101993|424|2|4|1|4|3|NA|524305|230440|1|2497654|NA|230440|NA|NA|NA|NA|NA|NA|NA|NA|NA|NA|NA|NA|NA|4|2|1|1|NA|NA|1|*T811*T814|*Y832|*G932|*O998*C58X|*C719|O998|NA|14257|230440|15052018|NA|NA|NA|20190039|S|24052018|C719|25052018|4|S|S|3.2.00|NA|8|06112019|T811 T814/Y832/G932/O998 C58*C719|08062018|NA|NA|12|0|1|540|274|NA|13022019|5|13022019|NA|3|M|NA|NA|NA|NA|NA|NA|1040542
1|2|05052018|0245|823|230440|24121996|421|2|4|1|3|2|NA|NA|230370|1|2499363|NA|230440|NA|NA|NA|NA|NA|NA|NA|NA|NA|NA|NA|NA|NA|4|2|1|1|NA|NA|1|*R571*O723|*O152*O16X|NA|NA|NA|O152|NA|4418|230440|05052018|NA|NA|NA|20180031|S|02082018|O152|18062018|4|S|S|3.2.00|NA|8|07082018|R571 O723/O152 O16|27062018|NA|NA|11|0|1|094|10|NA|17092018|5|15052018|NA|1|M|NA|NA|NA|NA|NA|NA|1040794
1|2|06052018|1941|823|230440|11121986|431|2|1|1|4|3|NA|NA|231020|1|2427125|NA|231240|NA|NA|NA|NA|NA|NA|NA|NA|NA|NA|NA|NA|NA|1|1|3|1|NA|NA|1|*R571|*K661|*O001|NA|NA|O001|NA|8740|230440|07052018|NA|NA|NA|20190042|S|08082018|O001|23052018|4|S|S|3.2.00|NA|8|10122019|R571/K661/O001|08062018|NA|NA|12|0|1|583|109|NA|14092018|1|23082018|NA|1|M|NA|NA|NA|NA|NA|NA|1040819
1|2|30042018|1800|823|230370|29081983|434|2|4|1|2|1|NA|999992|230370|3|NA|NA|230370|NA|NA|NA|NA|NA|NA|NA|NA|NA|NA|NA|NA|NA|1|1|3|1|NA|NA|1|*O994|*O149|NA|NA|NA|O994|NA|15146|230440|01052018|NA|NA|NA|20180021|S|03052018|O994|17052018|4|S|S|3.2.00|NA|8|08062018|O994/O149|25052018|NA|NA|10|0|1|039|3|NA|17092018|1|03052018|NA|1|M|NA|NA|NA|NA|NA|NA|1040836
1|2|01052018|0806|823|230770|18051982|435|2|4|1|4|3|NA|521105|230770|1|2499363|NA|230440|NA|NA|NA|NA|NA|NA|NA|NA|NA|NA|NA|NA|NA|4|2|1|1|NA|NA|1|*R571|*O721|*O459|*O441|NA|O459|NA|5316|230440|01052018|NA|NA|NA|20180021|S|21052018|O459|18052018|4|S|S|3.2.00|NA|8|08062018|R571/O721/O459/O441|25052018|NA|NA|12|0|1|038|20|NA|27052018|5|21052018|NA|1|M|NA|NA|NA|NA|NA|NA|1040840
1|2|20042018|1007|823|230550|22011991|427|2|4|4|3|2|NA|999992|230428|1|2497654|NA|230440|NA|NA|NA|NA|NA|NA|NA|NA|NA|NA|NA|NA|NA|4|2|1|1|NA|NA|2|*R578|*O85X|*A419*K650|*O233|*O266*N390|O233|NA|11178|NA|20042018|NA|NA|NA|20190028|S|23072019|K650|27042018|1|S|S|3.2.00|NA|1|16082019|R578/O85/A419 K650/O233*O266 N390|07052018|NA|NA|11|0|1|483|35|NA|20072018|5|25052018|NA|1|M|NA|NA|NA|NA|NA|NA|1040993
1|2|09022018|1156|823|230030|10031996|421|2|1|1|3|2|NA|622005|230030|1|2481286|NA|230440|NA|NA|NA|NA|NA|NA|NA|NA|NA|NA|NA|NA|NA|2|1|3|1|NA|NA|1|*J960|*O888|NA|NA|*M329|O888|NA|4418|230440|10022018|NA|NA|NA|20180016|S|13042018|O888|22022018|4|S|S|3.2.00|NA|8|26042018|J960/O888*M329|08032018|NA|NA|11|0|1|076|63|NA|19042018|4|13042018|NA|1|M|NA|NA|NA|NA|NA|NA|1042054
1|2|02062018|2110|823|230820|18111984|433|2|2|2|4|3|NA|NA|231290|1|3021114|NA|231290|NA|NA|NA|NA|NA|NA|NA|NA|NA|NA|NA|NA|NA|4|2|1|1|NA|NA|2|*G932|NA|*O994*I678|NA|NA|O994|NA|4506|NA|02062018|NA|NA|NA|20200002|S|21062018|I678|20062018|1|S|S|3.2.00|3.2|8|10022020|G932/ /O994 I678|27062018|NA|NA|12|0|1|618|19|NA|23082018|5|21062018|NA|1|M|NA|NA|NA|NA|NA|NA|1044141
1|2|19052018|1110|823|230580|11112001|416|2|4|1|3|2|NA|999991|230580|1|3021114|NA|231290|NA|NA|NA|NA|NA|NA|NA|NA|NA|NA|NA|NA|NA|4|2|1|1|NA|NA|2|*R571|*D65X|*O712|NA|NA|O712|NA|13011|NA|19052018|NA|NA|NA|20190009|S|26052018|O712|22052018|1|S|S|3.2.00|3.2|8|03062019|R571/D65/O712|28052018|NA|NA|11|0|1|380|37|NA|29062018|5|25062018|NA|1|M|NA|NA|NA|NA|NA|NA|1044357
1|2|11062018|1906|823|230590|04051985|433|2|4|2|4|3|NA|999992|230590|1|3021114|NA|231290|NA|NA|NA|NA|NA|NA|NA|NA|NA|NA|NA|NA|NA|2|1|3|1|NA|NA|2|*R571|*O759|*O159|NA|NA|O159|NA|19230|NA|11062018|NA|NA|NA|20190019|S|01102019|O159|02072018|1|S|S|3.2.00|3.2|2|12112019|R571/O759/O159|04072018|NA|NA|12|0|1|519|112|NA|02102018|4|01102018|NA|1|M|NA|NA|NA|NA|NA|NA|1044626
1|2|22062018|1125|823|231290|03041997|421|2|4|1|4|3|NA|NA|231290|1|3021114|NA|231290|NA|NA|NA|NA|NA|NA|NA|NA|NA|NA|NA|NA|NA|5|2|2|1|NA|NA|2|*J984|*G934|*O759*I64X|NA|*O994|O759|NA|19230|NA|22062018|NA|NA|NA|20200002|S|17052019|I64|29062018|1|S|S|3.2.00|3.2|8|10022020|J984/G934/O759 I64*O994|04072018|NA|NA|12|0|1|598|49|NA|16102019|6|10082018|NA|1|M|NA|NA|NA|NA|NA|NA|1044753
1|2|17022018|0030|823|230030|16051984|433|2|1|5|5|5|NA|231210|230426|1|2675560|NA|230550|NA|NA|NA|NA|NA|NA|NA|NA|NA|NA|NA|NA|NA|2|1|3|1|NA|NA|2|*D689|*R571|*O439|NA|NA|O439|NA|17358|NA|17022018|NA|NA|NA|20190002|S|05042018|O439|22022018|1|S|S|3.2.00|3.2|8|22012019|D689/R571/O439|26022018|NA|NA|08|0|1|339|47|NA|08052019|4|05042018|NA|1|M|NA|NA|NA|NA|NA|NA|1047187
1|2|06052018|0925|823|230440|30081992|425|2|4|5|4|3|NA|516205|230880|1|6848710|NA|231290|NA|NA|NA|NA|NA|NA|NA|NA|NA|NA|NA|NA|NA|5|2|2|1|NA|NA|2|*J189|*O992*E055|*E059|NA|NA|O992|NA|13862|NA|06052018|NA|NA|NA|20190013|S|12092018|O992|10052018|5|S|S|3.2.00|3.2|8|01082019|J189/O992 E055/E059|21052018|NA|NA|12|0|1|452|129|NA|26092018|5|12092018|NA|1|M|NA|NA|NA|NA|NA|NA|1048529
1|2|11072018|0045|823|231270|14101973|444|2|1|2|5|5|NA|233105|231270|1|2328399|NA|231130|NA|NA|NA|NA|NA|NA|NA|NA|NA|NA|NA|NA|NA|4|2|1|1|NA|NA|2|*O751|*O723|NA|NA|*O829*Y838|O723|NA|8740|230440|11072018|NA|NA|NA|20190022|S|18122018|O723|19072018|4|S|S|3.2.00|NA|8|05062019|O751/O723*O829 Y838|25072018|NA|NA|08|0|1|329|160|NA|31052019|5|18122018|NA|2|R|NA|NA|NA|NA|NA|NA|1049252
1|2|09072018|0615|823|230440|09111995|422|2|1|2|4|3|NA|999991|230440|1|2561271|NA|230440|NA|NA|NA|NA|NA|NA|NA|NA|NA|NA|NA|NA|NA|5|2|2|1|NA|NA|2|*R578*D65X*A418|*N179|*O998*A150|NA|*J459|O998|NA|13685|NA|09072018|NA|NA|NA|20190039|S|29102019|A162|25072018|2|S|S|3.2.00|NA|1|06112019|R578 D65 A418/N179/O998 A150*J459|03082018|NA|NA|12|0|1|485|219|NA|27112019|6|13022019|NA|3|M|NA|NA|NA|NA|NA|NA|1050033
1|2|20022018|1541|823|230470|12021998|420|2|4|5|3|2|NA|999992|230470|1|6848710|NA|231290|NA|NA|NA|NA|NA|NA|NA|NA|NA|NA|NA|NA|NA|4|2|1|1|NA|NA|2|*A419|*O995|NA|NA|NA|O995|NA|13604|NA|20022018|NA|NA|NA|20190006|S|15032019|O995|26022018|1|S|S|3.2.00|3.2|8|05042019|A419/O995|13032018|NA|NA|11|0|1|409|388|NA|08052019|5|15032019|NA|1|M|NA|NA|NA|NA|NA|NA|1050080
1|2|18032018|0640|823|231050|04121976|441|2|1|2|4|3|NA|622005|231050|1|7061021|NA|231140|NA|NA|NA|NA|NA|NA|NA|NA|NA|NA|NA|NA|NA|3|1|3|1|NA|NA|2|*R571|*O058|NA|*A392|*N178|O058|NA|8742|NA|18032018|NA|NA|NA|20190020|S|18032018|O058|11042018|1|S|S|3.2.00|3.2|3|22052019|R571/O058/ /A392*N178|12042018|NA|NA|12|0|1|430|71|NA|22112019|3|28052018|NA|1|R|NA|NA|NA|NA|NA|NA|1051353
1|2|14072018|0140|823|230020|11091978|439|2|4|5|2|1|NA|999992|230260|3|NA|NA|230260|NA|NA|NA|NA|NA|NA|NA|NA|NA|NA|NA|NA|NA|1|1|3|1|NA|NA|2|*O994|*O150|NA|NA|NA|O994|NA|4547|NA|25072018|NA|NA|NA|20190025|S|25072018|I46|25082018|NA|S|S|3.2.00|3.2|3|20122019|O994/O150|14112019|NA|NA|10|0|1|524|37|NA|06092018|1|20082018|NA|1|M|NA|NA|NA|NA|NA|NA|1051552
1|2|27012018|0415|822|220515|07111986|431|2|4|1|2|1|NA|622020|221040|1|3021114|NA|231290|NA|NA|NA|NA|NA|NA|NA|NA|NA|NA|NA|NA|NA|4|2|1|1|NA|NA|2|*R571|*O721|NA|NA|NA|O721|NA|18580|NA|27012018|NA|NA|NA|20190001|NA|NA|O721|02022018|1|S|S|3.2.00|3.2|NA|15012019|R571/O721|15022018|NA|NA|10|0|1|353|137|NA|21062018|5|13062018|NA|1|M|NA|NA|NA|NA|NA|NA|1051736
1|2|09042018|2100|823|230075|07091977|440|2|1|1|2|1|NA|999992|230075|5|NA|NA|230075|NA|NA|NA|NA|NA|NA|NA|NA|NA|NA|NA|NA|NA|4|2|1|1|NA|NA|1|*R570|*O903|NA|NA|NA|O903|NA|5316|230440|10042018|NA|NA|NA|20180016|NA|NA|O903|19042018|4|S|S|3.2.00|NA|NA|26042018|R570/O903|26042018|NA|NA|10|0|1|017|10|NA|07062018|5|19042018|NA|1|M|NA|NA|NA|NA|NA|NA|1052488
1|2|02042018|1454|823|230210|02101986|431|2|4|2|3|2|NA|773405|230765|1|2415631|NA|230440|NA|NA|NA|NA|NA|NA|NA|NA|NA|NA|NA|NA|NA|4|2|1|1|NA|NA|2|*A419|*O995*J189|NA|NA|*N179*K758|O995|NA|16222|NA|02042018|NA|NA|NA|20200004|S|05042018|J189|30042018|2|S|S|3.2.00|NA|3|05022020|A419/O995 J189*N179 K758|07052018|NA|NA|11|0|1|674|42|NA|22052018|5|14052018|NA|1|M|NA|NA|NA|NA|NA|NA|1053042
1|2|09052018|0056|823|231355|15101997|420|2|4|2|4|3|NA|521110|231380|1|2481286|NA|230440|NA|NA|NA|NA|NA|NA|NA|NA|NA|NA|NA|NA|NA|4|2|1|1|NA|NA|2|*O758|*O266|*O460|NA|NA|O460|NA|7123|NA|09052018|NA|NA|NA|20190019|S|06062018|O460|10052018|1|S|S|3.2.00|NA|2|16052019|O758/O266/O460|25052018|NA|NA|12|0|1|372|28|NA|09052019|5|06062018|NA|1|M|NA|NA|NA|NA|NA|NA|1053237
1|2|11052018|0002|823|230440|01091997|420|2|4|1|3|2|6|999991|230440|1|2481286|NA|230440|NA|NA|NA|NA|NA|NA|NA|NA|NA|NA|NA|NA|NA|4|2|1|1|NA|NA|2|*R688|*A419|*O995|*O985|NA|O995|NA|7766|NA|11052018|NA|NA|NA|20180043|S|17072018|O995|14052018|2|S|S|3.2.00|NA|2|18102018|R688/A419/O995/O985|25052018|NA|NA|03|0|1|160|4|NA|13022019|5|15052018|NA|1|M|NA|NA|NA|NA|NA|NA|1053248
1|2|28042018|0400|822|221100|11061982|435|2|1|2|5|5|NA|241005|230440|1|3012778|NA|230440|NA|NA|NA|NA|NA|NA|NA|NA|NA|NA|NA|NA|NA|4|2|1|1|NA|NA|2|*I64X|*O882|NA|NA|NA|O882|NA|7365|NA|28042018|NA|NA|NA|20190007|S|13022019|I269|22052018|2|S|S|3.2.00|NA|8|18022019|I64/O882|08062018|NA|NA|08|0|1|296|291|NA|13022019|5|13022019|NA|2|M|NA|NA|NA|NA|NA|NA|1053298
1|2|04072018|1625|831|316670|27071979|438|2|1|NA|5|5|NA|252105|291560|1|2301296|NA|293135|NA|NA|NA|NA|NA|NA|NA|NA|NA|NA|NA|NA|NA|4|2|1|1|NA|NA|2|*O266|*O268|*O988|*O721|NA|O266|NA|20933|NA|04072018|NA|NA|NA|20180025|NA|NA|O266|06072018|2|S|S|3.2.00|3.2|NA|06072018|O266/O268/O988/O721|06072018|NA|NA|08|0|1|002|2|NA|09072018|5|06072018|NA|2|M|NA|NA|NA|NA|NA|NA|1054194
1|2|10072018|1815|829|293330|21051986|432|2|1|9|9|9|NA|516110|292530|1|2802090|NA|292530|NA|NA|NA|NA|NA|NA|NA|NA|NA|NA|NA|NA|NA|4|2|1|1|NA|NA|2|*O751|*O721|*O721|*O419|NA|O419|NA|19247|NA|10072018|NA|NA|NA|20190034|S|03102019|O419|13072018|1|S|S|3.2.02|3.2|8|25102019|O751/O721/O721/O419|18072018|NA|NA|09|0|1|472|450|NA|08102019|5|03102019|NA|1|M|NA|NA|NA|NA|NA|NA|1054993
1|2|08072018|1150|829|293315|05081981|436|2|4|9|4|3|NA|621005|292170|1|2801906|NA|292170|NA|NA|NA|NA|NA|NA|NA|NA|NA|NA|NA|NA|NA|4|2|1|1|NA|NA|2|*O101|*O998|*O109|NA|*E669|O998|NA|7328|NA|08072018|NA|NA|NA|20190040|S|22082018|I219|24082018|1|S|S|3.2.00|3.2|8|18122019|O101/O998/O109*E669|24082018|NA|NA|12|0|1|528|45|NA|30082018|5|22082018|NA|3|M|NA|NA|NA|NA|NA|NA|1055960
1|2|07082018|1000|829|290570|07111985|432|2|4|1|9|9|NA|516305|293130|5|NA|NA|293130|NA|NA|NA|NA|NA|NA|NA|NA|NA|NA|NA|NA|NA|4|2|1|1|NA|NA|2|*O721|NA|NA|NA|NA|O721|NA|17380|NA|07082018|NA|NA|NA|20180006|NA|NA|O721|01112018|NA|S|S|3.2.00|3.2|NA|06112018|O721|06112018|NA|NA|09|0|1|091|275|NA|11112019|4|09052019|NA|1|R|NA|NA|NA|NA|NA|NA|1056156
1|2|29052018|1506|829|291900|16091986|431|2|4|1|4|3|3|515225|293340|1|4026896|NA|291460|NA|NA|NA|NA|NA|NA|NA|NA|NA|NA|NA|NA|NA|1|1|3|1|NA|NA|2|*G936|*O95X*G001|NA|NA|NA|O95|NA|19488|NA|30052018|NA|NA|NA|20180017|NA|NA|O95|15062018|2|S|S|3.2.00|3.2|NA|09072018|G936/O95 G001|03072018|NA|NA|06|0|1|041|NA|NA|NA|NA|NA|NA|NA|NA|NA|NA|NA|NA|NA|NA|1056511
1|2|19062018|2010|829|291850|05021981|437|2|4|1|3|1|4|622020|291460|1|4026896|NA|291460|NA|NA|NA|NA|NA|NA|NA|NA|NA|NA|NA|NA|NA|4|2|1|1|NA|NA|2|*A419|*O85X|NA|NA|NA|O85|NA|29570|NA|19062018|NA|NA|NA|20180023|S|06082018|O85|12072018|1|S|S|3.2.00|3.2|8|20082018|A419/O85|13072018|NA|NA|02|0|1|062|37|NA|13082018|5|26072018|NA|1|M|NA|NA|NA|NA|NA|NA|1056735
1|2|16052018|1309|829|292880|02031998|420|2|1|9|9|9|NA|998999|291380|1|0003859|NA|292740|NA|NA|NA|NA|NA|NA|NA|NA|NA|NA|NA|NA|NA|4|2|1|1|NA|NA|2|*G932|*O993*G049|NA|NA|*N179|O993|NA|20628|NA|16052018|NA|NA|NA|20190113|S|27082018|O993|12062018|2|S|S|3.2.02|3.2|8|13092019|G932/O993 G049*N179|15062018|NA|NA|09|0|1|485|103|NA|04092018|5|27082018|NA|1|M|NA|NA|NA|NA|NA|NA|1057611
1|2|28062018|0017|NA|NA|09051986|432|2|4|NA|NA|NA|NA|NA|292740|1|9443665|NA|292740|NA|NA|NA|NA|NA|NA|NA|NA|NA|NA|NA|NA|NA|1|1|3|1|NA|NA|2|*R571|*R048|*O991*D65X|NA|NA|O991|NA|27342|NA|28062018|NA|NA|NA|20190113|S|05122018|O991|19072018|1|S|S|3.2.02|3.2|8|13092019|R571/R048/O991 D65|20072018|NA|NA|NA|0|1|442|160|NA|13122018|1|05122018|NA|3|M|NA|NA|NA|NA|NA|NA|1058513
1|2|03072018|1344|829|290860|11091983|434|2|4|5|4|3|NA|999992|290860|1|2802023|NA|291920|NA|NA|NA|NA|NA|NA|NA|NA|NA|NA|NA|NA|NA|4|2|1|1|NA|NA|2|*R579|*A419|*O065|*T819|NA|O065|NA|13278|NA|03072018|NA|NA|NA|20180019|NA|NA|O065|18072018|NA|S|S|3.2.00|3.2|NA|24072018|R579/A419/O065/T819|24072018|NA|NA|12|0|1|021|224|NA|12022019|7|12022019|NA|1|M|NA|NA|NA|NA|NA|NA|1059064
1|2|04072018|1730|829|293070|14081996|421|2|4|1|4|3|NA|999992|290650|1|2532387|NA|293070|NA|NA|NA|NA|NA|NA|NA|NA|NA|NA|NA|NA|NA|NA|NA|NA|NA|NA|NA|NA|*O751|*O459|NA|*A419|NA|O459|NA|9928|NA|04072018|NA|NA|NA|20180011|NA|NA|O459|19072018|1|S|S|3.2.00|3.2|NA|26072018|O751/O459/ /A419|26072018|NA|NA|12|0|1|022|NA|NA|NA|NA|NA|NA|NA|NA|NA|NA|NA|NA|NA|NA|1059175
1|2|29062018|1030|829|292720|02052001|417|2|2|1|9|9|NA|999992|292720|1|2470098|NA|291470|NA|NA|NA|NA|NA|NA|NA|NA|NA|NA|NA|NA|NA|4|2|1|1|NA|NA|2|*R092*O909|NA|NA|NA|NA|O909|NA|15648|NA|29062018|NA|NA|NA|20180030|N|NA|O909|03072018|1|S|S|3.2.00|3.2|NA|12072018|R092 O909|12072018|NA|NA|09|0|1|013|377|NA|11072019|6|11072019|NA|1|M|NA|NA|NA|NA|NA|NA|1059502
1|2|07062018|2122|829|292740|02011980|438|2|4|1|3|2|5|354705|292740|1|3956369|NA|292740|NA|NA|NA|NA|NA|NA|NA|NA|NA|NA|NA|NA|NA|1|1|3|1|NA|NA|1|*R092|*R568|*O95X|NA|NA|O95|NA|7440|292740|08062018|NA|NA|NA|20200014|S|06112019|R99|16072018|3|S|S|3.2.02|3.2|6|30012020|R092/R568/O95|17072018|NA|NA|03|0|1|602|NA|NA|NA|NA|NA|NA|NA|NA|NA|NA|NA|NA|NA|NA|1060165
1|2|01062018|2037|829|292740|01121993|424|2|4|1|2|1|NA|999992|292740|1|3956369|NA|292740|NA|NA|NA|NA|NA|NA|NA|NA|NA|NA|NA|NA|NA|4|2|1|1|NA|NA|2|*A419|*O995*J988*U049|NA|NA|*J960*N179|O995|NA|28999|NA|01062018|NA|NA|NA|20190113|S|03042019|O995|15062018|1|S|S|3.2.02|3.2|3|13092019|A419/O995 J988 U049*J960 N179|15062018|NA|NA|10|0|1|469|227|NA|14012019|5|14012019|NA|3|M|NA|NA|NA|NA|NA|NA|1060360
1|2|31032018|0320|831|314610|25051971|446|2|1|1|2|1|NA|999992|315780|1|0027049|NA|310620|NA|NA|NA|NA|NA|NA|NA|NA|NA|NA|NA|NA|NA|8|2|3|1|NA|NA|2|*O903*I509|NA|NA|NA|NA|O903|NA|45801|NA|31032018|NA|NA|NA|20180048|N|NA|I509|03052018|2|S|S|3.2.00|3.2|NA|29112018|O903 I509|16052018|NA|NA|10|0|1|243|34|NA|04062018|9|04052018|NA|NA|M|NA|NA|NA|NA|NA|NA|1061656
1|2|08072018|1533|835|355030|05091990|427|2|4|2|4|3|NA|521130|311450|1|0026972|NA|310620|NA|NA|NA|NA|NA|NA|NA|NA|NA|NA|NA|NA|NA|4|2|1|1|NA|NA|2|*R571|*O459|NA|NA|NA|O459|NA|37771|NA|08072018|NA|NA|NA|20180037|S|23082018|O459|31072018|1|S|S|3.2.00|3.2|1|14092018|R571/O459|10082018|NA|NA|12|0|1|068|32|NA|25092018|5|09082018|NA|3|M|NA|NA|NA|NA|NA|NA|1062324
1|2|26072018|1945|831|313880|04051981|437|2|1|2|4|3|NA|421125|313720|1|3702693|NA|310620|NA|NA|NA|NA|NA|NA|NA|NA|NA|NA|NA|NA|NA|NA|NA|NA|1|NA|NA|2|*O080|*O030|NA|NA|NA|O030|NA|15556|NA|26072018|NA|NA|NA|20190041|S|05102018|O065|13082018|1|S|S|3.2.00|3.2|1|19092019|O080/O030|30082018|NA|NA|12|0|1|420|71|NA|19092019|5|05102018|NA|3|M|NA|NA|NA|NA|NA|NA|1063172
1|2|17052018|0500|831|310620|20021985|433|2|4|1|3|2|NA|999993|310620|1|0027022|NA|310620|NA|NA|NA|NA|NA|NA|NA|NA|NA|NA|NA|NA|NA|4|2|1|1|NA|NA|2|*R570|*J81X|*O994*I059|NA|*O829|O994|NA|40640|NA|17052018|NA|NA|NA|20190036|S|09112018|I059|20062018|2|S|S|3.2.00|3.2|1|28082019|R570/J81/O994 I059*O829|28062018|NA|NA|11|0|1|468|91|NA|01082019|5|16082018|NA|3|M|NA|NA|NA|NA|NA|NA|1063287
1|2|27072018|1950|831|316400|24011978|440|2|4|5|4|3|NA|512110|310620|2|0023272|NA|310620|NA|NA|NA|NA|NA|NA|NA|NA|NA|NA|NA|NA|NA|4|2|1|1|NA|NA|2|*I269|*O992*E669|NA|NA|*I10X|O992|NA|61665|NA|27072018|NA|NA|NA|20200002|S|08082019|I10|29082018|1|S|S|3.2.00|3.2|1|15012020|I269/O992 E669*I10|30082018|NA|NA|12|0|1|537|39|NA|04092018|6|04092018|NA|2|R|NA|NA|NA|NA|NA|NA|1063411
1|2|07052018|1005|831|311860|16111976|441|2|4|2|3|2|NA|999992|310620|1|0027049|NA|310620|NA|NA|NA|NA|NA|NA|NA|NA|NA|NA|NA|NA|NA|4|2|1|1|NA|NA|1|*J80X|*J189|*O995|NA|*O731*O85X|O995|NA|59202|NA|07052018|NA|NA|NA|20200002|S|05042019|J80|16052018|2|S|S|3.2.00|3.2|1|15012020|J80/J189/O995*O731 O85|17052018|NA|NA|11|0|1|618|101|NA|01082019|5|16082018|NA|3|M|NA|NA|NA|NA|NA|NA|1063880
1|2|30042018|1000|831|310620|07011992|426|2|4|1|4|3|NA|999992|310620|1|2192896|NA|310620|NA|NA|NA|NA|NA|NA|NA|NA|NA|NA|NA|NA|NA|4|2|1|1|NA|NA|2|*O998*C509*C780*C794|NA|NA|NA|NA|O998|NA|47567|NA|30042018|NA|NA|NA|20200010|S|09112018|O159|16052018|2|S|S|3.2.00|3.2|1|13022020|O998 C509 C780 C794|17052018|NA|NA|12|0|1|654|23|NA|06122019|5|23052018|NA|3|M|NA|NA|NA|NA|NA|NA|1064048
1|2|23052018|1707|831|310620|29121989|428|2|1|1|4|3|NA|252210|310620|1|0027049|NA|310620|NA|NA|NA|NA|NA|NA|NA|NA|NA|NA|NA|NA|NA|4|2|1|1|NA|NA|2|*A419|*O860|*O622*O721|*O141|*M329*K754|O141|NA|31896|NA|23052018|NA|NA|NA|20190036|S|08052019|A419|20062018|2|S|S|3.2.00|3.2|1|28082019|A419/O860/O622 O721/O141*M329 K754|28062018|NA|NA|12|0|1|462|104|NA|09082019|5|04092018|NA|3|M|NA|NA|NA|NA|NA|NA|1064751
1|2|04062018|1400|831|311860|01091986|431|2|1|2|5|5|NA|231205|310670|1|0027030|NA|310620|NA|NA|NA|NA|NA|NA|NA|NA|NA|NA|NA|NA|NA|4|2|1|1|NA|NA|2|*E872|*O751|*O679|*O759|NA|O679|NA|58931|NA|04062018|NA|NA|NA|20190051|N|NA|O679|11062018|2|S|S|3.2.00|3.2|NA|31102019|E872/O751/O679/O759|28062018|NA|NA|08|0|1|514|58|NA|05112018|5|01082018|NA|3|R|NA|NA|NA|NA|NA|NA|1065644
1|2|25072018|1420|831|316010|24101981|436|2|4|NA|3|2|NA|NA|310620|1|0027049|NA|310620|NA|NA|NA|NA|NA|NA|NA|NA|NA|NA|NA|NA|NA|1|1|3|1|NA|NA|2|*O994*I260|NA|NA|NA|NA|O994|NA|58725|NA|25072018|NA|NA|NA|20200001|S|15022019|I269|17082018|2|S|S|3.2.00|3.2|1|15012020|O994 I260|30082018|NA|NA|11|0|1|539|205|NA|21022019|1|15022019|NA|2|M|NA|NA|NA|NA|NA|NA|1066272
1|2|09072018|0415|831|310730|29111994|423|2|4|2|5|4|NA|411010|310620|1|0027022|NA|310620|NA|NA|NA|NA|NA|NA|NA|NA|NA|NA|NA|NA|NA|4|2|1|1|NA|NA|2|*R571|*K768|*O141|NA|*D65X|O141|NA|47683|NA|09072018|NA|NA|NA|20190024|S|09112018|O149|27072018|2|S|S|3.2.00|3.2|1|30052019|R571/K768/O141*D65|10082018|NA|NA|07|0|1|325|79|NA|01082019|5|26092018|NA|3|M|NA|NA|NA|NA|NA|NA|1066505
1|2|30092018|0700|831|311000|28061996|422|2|1|1|NA|NA|NA|848310|311000|1|2126451|NA|310670|NA|NA|NA|NA|NA|NA|NA|NA|NA|NA|NA|NA|NA|4|2|1|1|NA|NA|2|*A419|NA|*J22X|*O85X|NA|O85|NA|41109|NA|30092018|NA|NA|NA|20180017|N|NA|O85|16102018|2|S|S|3.2.02|3.2|NA|30102018|A419/ /J22/O85|30102018|NA|NA|NA|0|1|030|123|NA|31012019|5|31012019|NA|2|M|NA|NA|NA|NA|NA|NA|1067450
1|2|16052018|1410|831|313670|18121984|433|2|4|2|5|5|NA|232115|313670|1|2208156|NA|313670|NA|NA|NA|NA|NA|NA|NA|NA|NA|NA|NA|NA|NA|1|1|3|1|NA|NA|1|*O469|NA|NA|NA|NA|O469|NA|45560|313670|17052018|NA|NA|NA|20180018|S|03092018|O469|05062018|3|S|S|3.2.02|3.2|1|27092018|O469|11062018|NA|NA|08|0|1|134|110|NA|06092018|1|03092018|NA|1|R|NA|NA|NA|NA|NA|NA|1068854
1|2|20062018|0800|831|313670|30011988|430|2|1|1|5|5|NA|354705|313670|3|NA|NA|313670|NA|NA|NA|NA|NA|NA|NA|NA|NA|NA|NA|NA|NA|1|1|3|2|NA|NA|1|*R99X|*O95X|NA|NA|*F329*F319*F419|O95|NA|32657|313670|20062018|NA|NA|NA|20190005|S|01102018|O95|22062018|3|S|S|3.2.02|3.2|1|12032019|R99/O95*F329 F319 F419|28062018|NA|NA|08|0|1|265|103|NA|03102018|1|01102018|NA|2|R|NA|NA|NA|NA|NA|NA|1069168
1|2|10062018|1218|831|316095|15071979|438|2|2|2|4|3|NA|512105|316095|1|2118513|NA|311340|NA|NA|NA|NA|NA|NA|NA|NA|NA|NA|NA|NA|NA|NA|NA|NA|NA|NA|NA|NA|*O720|NA|NA|NA|NA|O720|NA|57721|NA|10062018|NA|NA|NA|20190017|N|NA|O720|27062018|5|S|S|3.2.02|3.2|NA|26092019|O720|29062018|NA|NA|12|0|1|473|113|NA|09102018|5|01102018|NA|1|M|NA|NA|NA|NA|NA|NA|1070976
1|2|25092018|0936|833|330455|29111982|435|2|2|1|4|3|NA|991405|330455|1|2295407|NA|330455|NA|NA|NA|NA|NA|NA|NA|NA|NA|NA|NA|NA|NA|4|2|1|NA|NA|NA|NA|*R578|*A419|*I119|*O16X|*J459|O16|NA|52477602|NA|25092018|NA|NA|NA|20190001|S|17122018|O16|02102018|NA|S|S|3.2.00|3.2|1|14012019|R578/A419/I119/O16*J459|03102018|NA|NA|12|0|1|111|83|NA|02012019|5|17122018|NA|1|M|NA|NA|NA|NA|NA|NA|1072798
1|2|02112018|NA|833|330455|02021997|421|2|4|1|3|2|NA|999992|330455|1|2298120|NA|330455|NA|NA|NA|NA|NA|NA|NA|NA|NA|NA|NA|NA|NA|4|2|1|1|NA|NA|1|*T814|*Y839|*O066|NA|NA|O066|NA|52624713|330455|03112018|NA|NA|NA|20190008|S|19122018|Y839|12112018|3|S|S|3.2.00|3.2|1|22012019|T814/Y839/O066|13112018|NA|NA|11|0|1|081|47|NA|15012019|5|19122018|NA|2|M|NA|NA|NA|NA|NA|NA|1073063
1|2|08112018|1110|827|270670|12031991|427|2|1|2|2|1|NA|513205|330455|1|2270609|NA|330455|NA|NA|NA|NA|NA|NA|NA|NA|NA|NA|NA|NA|NA|4|2|1|1|NA|NA|2|*D65X|*O459|*O141|NA|NA|O141|NA|52598510|NA|08112018|NA|NA|NA|20190015|S|27112018|O141|22112018|2|S|S|3.2.00|3.2|1|23012019|D65/O459/O141|23112018|NA|NA|10|0|1|076|15|NA|15012019|5|23112018|NA|1|M|NA|NA|NA|NA|NA|NA|1074404
1|2|12102018|1308|833|330455|25081990|428|2|2|5|3|2|NA|999992|330455|1|2298120|NA|330455|NA|NA|NA|NA|NA|NA|NA|NA|NA|NA|NA|NA|NA|4|2|1|NA|NA|NA|NA|*R570|*I501|*O16X|*O994*I429|NA|O994|NA|1121723|NA|12102018|NA|NA|NA|20190114|S|28012019|O994|22102018|1|S|S|3.2.00|3.2|1|25062019|R570/I501/O16/O994 I429|22102018|NA|NA|11|0|1|256|108|NA|29012019|5|28012019|NA|3|M|NA|NA|NA|NA|NA|NA|1075200
1|2|13102018|1100|833|330000|29071999|419|2|2|1|3|2|NA|999992|330455|1|6995462|NA|330455|NA|NA|NA|NA|NA|NA|NA|NA|NA|NA|NA|NA|NA|4|2|1|1|NA|NA|NA|*A419|*J958*Y848|*O989*A488|NA|NA|O989|NA|52101984|NA|14102018|NA|NA|NA|20190021|S|28012019|O069|19102018|2|S|S|3.2.00|3.2|1|30012019|A419/J958 Y848/O989 A488|22102018|NA|NA|11|0|1|109|107|NA|29012019|5|28012019|NA|2|M|NA|NA|NA|NA|NA|NA|1075295
1|2|25112018|1005|833|330455|03101989|429|2|4|1|3|2|NA|999992|330455|1|6995462|NA|330455|NA|NA|NA|NA|NA|NA|NA|NA|NA|NA|NA|NA|NA|4|2|1|1|NA|NA|2|*O903*R570|*I509|NA|NA|NA|O903|NA|52994529|NA|25112018|NA|NA|NA|20190049|S|25022019|O903|29112018|2|S|S|3.2.00|3.2|1|18032019|O903 R570/I509|04122018|NA|NA|11|0|1|113|92|NA|27022019|5|25022019|NA|2|M|NA|NA|NA|NA|NA|NA|1075468
1|2|05102018|0000|833|330455|18071985|433|2|1|1|3|2|NA|998999|330455|4|NA|NA|330455|NA|NA|NA|NA|NA|NA|NA|NA|NA|NA|NA|NA|NA|1|1|3|2|NA|NA|1|NA|NA|*J81X|*O994*I509|*F142*F122*F172*I10X|O994|NA|541622|330455|05102018|NA|NA|NA|20190003|S|17122018|J81|17102018|3|S|S|3.2.00|3.2|1|18012019|/ /J81/O994 I509*F142 F122 F172 I10|18102018|NA|NA|11|0|1|105|3|NA|19122018|1|08102018|NA|2|M|NA|NA|NA|NA|NA|NA|1076868
1|2|07102018|0850|833|330330|22091999|419|2|2|1|3|2|NA|999991|330490|1|7474059|NA|330455|NA|NA|NA|NA|NA|NA|NA|NA|NA|NA|NA|NA|NA|4|2|1|1|NA|NA|2|*R688|*O141|*B004|NA|*K918*N998*Y836|O141|NA|52454592|NA|07102018|NA|NA|NA|20190001|S|12122018|O159|15102018|1|S|S|3.2.00|3.2|1|14012019|R688/O141/B004*K918 N998 Y836|16102018|NA|NA|11|0|1|099|43|NA|19112018|5|19112018|NA|1|M|NA|NA|NA|NA|NA|NA|1080901
1|2|17112018|1750|833|330455|06091979|439|2|1|1|5|5|NA|241005|330455|1|2814188|NA|330455|NA|NA|NA|NA|NA|NA|NA|NA|NA|NA|NA|NA|NA|3|1|3|1|NA|NA|2|*A419|*O021|NA|NA|NA|O021|NA|52246111|NA|17112018|NA|NA|NA|20190040|S|20022019|O068|22112018|1|S|S|3.2.00|3.2|1|26022019|A419/O021|23112018|NA|NA|08|0|1|101|95|NA|25022019|3|20022019|NA|2|M|NA|NA|NA|NA|NA|NA|1081038
1|2|21062018|1215|833|330455|10051986|432|2|1|2|3|2|5|999992|330100|1|2287285|NA|330100|NA|NA|NA|NA|NA|NA|NA|NA|NA|NA|NA|NA|NA|3|1|3|1|NA|NA|2|*O149|NA|NA|NA|NA|O149|NA|52991180|NA|21062018|NA|NA|NA|20190071|S|20082018|O149|25072018|1|S|S|3.2.02|3.2|3|27062019|O149|26072018|NA|NA|03|0|1|371|97|NA|26092018|2|26092018|NA|1|M|NA|NA|NA|NA|NA|NA|1082948
1|2|25062018|0330|833|330455|06031995|423|2|4|1|9|9|NA|NA|330100|1|2298317|NA|330100|NA|NA|NA|NA|NA|NA|NA|NA|NA|NA|NA|NA|NA|5|2|2|1|NA|NA|2|*R688*O998|*R092|NA|NA|*E039*O992|O998|NA|52758123|NA|25062018|NA|NA|NA|20190071|S|20052019|E039|23072018|1|S|S|3.2.02|3.2|3|27062019|R688 O998/R092*E039 O992|26072018|NA|NA|09|0|1|367|99|NA|01022019|5|02102018|NA|1|M|NA|NA|NA|NA|NA|NA|1083079
1|2|02082018|0921|833|330455|29021996|422|2|1|1|4|3|NA|NA|330227|1|6518893|NA|330510|NA|NA|NA|NA|NA|NA|NA|NA|NA|NA|NA|NA|NA|4|2|1|1|NA|NA|2|*R570|*O903|NA|NA|*J189|O903|NA|52811319|NA|02082018|NA|NA|NA|20190062|N|NA|O903|22082018|5|S|S|3.2.02|3.2|NA|26062019|R570/O903*J189|23082018|NA|NA|12|0|1|328|19|NA|04092018|5|21082018|NA|1|M|NA|NA|NA|NA|NA|NA|1084829
1|2|23072018|0220|NA|NA|02091982|435|2|4|2|5|5|NA|252210|330350|1|7591136|NA|330350|NA|NA|NA|NA|NA|NA|NA|NA|NA|NA|NA|NA|NA|4|2|1|1|NA|NA|2|*O85X|NA|NA|NA|NA|O85|NA|52101707|NA|23072018|NA|NA|NA|20190023|S|03062019|A419|20082018|2|S|S|3.2.00|3.2|8|07062019|O85|22082018|NA|NA|08|0|1|319|84|NA|15102018|5|15102018|NA|1|M|NA|NA|NA|NA|NA|NA|1085361
1|2|19112018|1132|833|330340|28081999|419|2|1|1|3|2|NA|NA|330110|1|2267713|NA|330110|NA|NA|NA|NA|NA|NA|NA|NA|NA|NA|NA|NA|NA|1|1|3|1|NA|NA|1|*R58X|*O009|NA|NA|NA|O009|NA|52537537|330340|20112018|NA|NA|NA|20190010|N|NA|O009|30012019|3|S|S|3.2.02|3.2|NA|31012019|R58/O009|31012019|NA|NA|11|0|1|073|98|NA|25022019|1|25022019|NA|1|M|NA|NA|NA|NA|NA|NA|1087522
1|2|25082018|0033|833|330140|16031980|438|2|1|2|5|5|NA|239415|330452|1|2275287|NA|330452|NA|NA|NA|NA|NA|NA|NA|NA|NA|NA|NA|NA|NA|1|1|3|2|NA|NA|NA|*O95X*R99X|NA|NA|NA|NA|O95|NA|52250210|NA|25082018|NA|NA|NA|20200007|S|31102018|R99|10102018|5|S|S|3.2.00|3.2|2|03022020|O95 R99|27062019|NA|NA|08|0|1|527|68|NA|01112018|1|01112018|NA|1|M|NA|NA|NA|NA|NA|NA|1087770
1|2|01072018|1710|833|330455|14061986|432|2|4|1|4|3|NA|999992|330190|1|2296241|NA|330430|NA|NA|NA|NA|NA|NA|NA|NA|NA|NA|NA|NA|NA|2|1|3|1|NA|NA|2|*R578|*D65X|*O141|NA|NA|O141|NA|52852520|NA|01072018|NA|NA|NA|20190072|N|NA|O141|28082018|NA|S|S|3.2.02|3.2|NA|27062019|R578/D65/O141|29082018|NA|NA|12|0|1|361|302|NA|02052019|4|29042019|NA|1|M|NA|NA|NA|NA|NA|NA|1088696
1|2|16082018|2322|833|330100|23101989|428|2|1|2|5|5|NA|413230|330240|1|3978044|NA|330240|NA|NA|NA|NA|NA|NA|NA|NA|NA|NA|NA|NA|NA|1|1|3|1|NA|NA|2|*R570|*A419|*O411|NA|*D65X|O411|NA|52693561|NA|16082018|NA|NA|NA|20190012|S|19032019|O411|24092018|1|S|S|3.2.00|3.2|1|21032019|R570/A419/O411*D65|26092018|NA|NA|08|0|1|217|215|NA|19032019|1|19032019|NA|1|M|NA|NA|NA|NA|NA|NA|1089650
1|2|17072018|0530|833|330455|25082001|416|2|4|1|3|2|NA|999991|330100|1|2298317|NA|330100|NA|NA|NA|NA|NA|NA|NA|NA|NA|NA|NA|NA|NA|4|2|1|1|NA|NA|2|*O995*J969|*O990*D649|*O268*N179|NA|*R568|O998|NA|52386718|NA|17072018|NA|NA|NA|20190071|S|08082018|O998|24072018|1|S|S|3.2.02|3.2|3|27062019|O995 J969/O990 D649/O268 N179*R568|26072018|NA|NA|11|0|1|345|24|NA|10082018|5|10082018|NA|1|M|NA|NA|NA|NA|NA|NA|1091440
1|2|03092018|0752|833|330380|28081986|432|2|2|1|3|2|NA|513315|330380|1|2280868|NA|330010|NA|NA|NA|NA|NA|NA|NA|NA|NA|NA|NA|NA|NA|4|2|1|1|NA|NA|2|*A419|*O991*D65X|NA|NA|*Y848|O991|NA|8931445|NA|03092018|NA|NA|NA|20190104|N|NA|O991|09112018|5|S|S|3.2.02|3.2|NA|01102019|A419/O991 D65*Y848|13112018|NA|NA|11|0|1|393|NA|NA|NA|NA|NA|NA|NA|NA|NA|NA|NA|NA|NA|NA|1093410
1|2|01092018|1050|833|330350|16101977|440|2|4|1|2|1|1|999992|330414|1|7591136|NA|330350|NA|NA|NA|NA|NA|NA|NA|NA|NA|NA|NA|NA|NA|1|1|3|1|NA|NA|2|*O159|NA|NA|NA|NA|O159|NA|52181540|NA|01092018|NA|NA|NA|20190026|S|25062019|O159|12092018|5|S|S|3.2.00|3.2|3|28062019|O159|20092018|NA|NA|01|0|1|300|341|NA|09012020|1|08082019|NA|3|M|NA|NA|NA|NA|NA|NA|1095835
1|2|09092018|0841|NA|NA|29011986|432|2|4|2|4|3|NA|999992|330350|1|2798662|NA|330350|NA|NA|NA|NA|NA|NA|NA|NA|NA|NA|NA|NA|NA|4|2|1|1|NA|NA|2|*O069|*A419|NA|NA|NA|O069|NA|52011247|NA|09092018|NA|NA|NA|20200004|S|27012020|A419|25092018|5|S|S|3.2.00|3.2|3|05022020|O069/A419|11102018|NA|NA|12|0|1|514|305|NA|16102019|5|11072019|NA|2|M|NA|NA|NA|NA|NA|NA|1096302
1|2|01102018|1950|NA|NA|20092000|418|2|4|1|3|2|NA|999992|330414|1|2798662|NA|330350|NA|NA|NA|NA|NA|NA|NA|NA|NA|NA|NA|NA|NA|4|2|1|NA|NA|NA|NA|*O85X|*N835|NA|NA|NA|O85|NA|52010425|NA|02102018|NA|NA|NA|20190026|S|25062019|N835|23102018|2|S|S|3.2.00|3.2|3|28062019|O85/N835|25102018|NA|NA|11|0|1|270|191|NA|09012020|5|10042019|NA|2|M|NA|NA|NA|NA|NA|NA|1096407
1|2|19092018|1609|NA|NA|13021995|423|2|1|1|NA|NA|NA|NA|330045|1|6518893|NA|330510|NA|NA|NA|NA|NA|NA|NA|NA|NA|NA|NA|NA|NA|NA|NA|NA|NA|NA|NA|NA|*D62X|*O721|*O720|NA|NA|O720|NA|NA|NA|20092018|NA|NA|NA|20190073|N|NA|O720|03122018|2|S|S|3.2.02|3.2|NA|27062019|D62/O721/O720|04122018|NA|NA|NA|0|1|281|21|NA|28022019|5|10102018|NA|1|M|NA|NA|NA|NA|NA|NA|1098082
1|2|04112018|0136|833|330455|09071994|424|2|4|1|2|1|NA|999991|330045|1|0000547|NA|330510|NA|NA|NA|NA|NA|NA|NA|NA|NA|NA|NA|NA|NA|4|2|1|1|NA|NA|2|*R568|*K729|*O980*A162|NA|NA|O980|NA|52756075|NA|04112018|NA|NA|NA|20190018|S|25042019|A162|20032019|1|S|S|3.2.00|3.2|3|27052019|R568/K729/O980 A162|22022019|NA|NA|10|0|1|204|173|NA|26042019|5|26042019|NA|1|M|NA|NA|NA|NA|NA|NA|1098331
1|2|27112018|0300|833|330455|06011993|425|2|4|2|4|3|NA|322205|330250|1|2290227|NA|330170|NA|NA|NA|NA|NA|NA|NA|NA|NA|NA|NA|NA|NA|4|2|1|1|NA|NA|2|*I609|*O141|*O364|*O13X|NA|O13|NA|52979333|NA|27112018|NA|NA|NA|20190026|S|03042019|O159|07122018|2|S|S|3.2.02|3.2|1|19062019|I609/O141/O364/O13|04012019|NA|NA|12|0|1|204|127|NA|11062019|5|03042019|NA|2|M|NA|NA|NA|NA|NA|NA|1100490
1|2|04102018|1445|833|330170|28021982|436|2|2|2|4|3|NA|411010|330045|1|3065634|NA|330330|NA|NA|NA|NA|NA|NA|NA|NA|NA|NA|NA|NA|NA|4|2|1|1|NA|NA|2|*O994*I609|NA|NA|NA|*I10X|O994|NA|52890456|NA|04102018|NA|NA|NA|20190040|S|10052019|I609|30012019|2|S|S|3.2.02|3.2|3|14052019|O994 I609*I10|31012019|NA|NA|12|0|1|222|180|NA|28052019|5|02042019|NA|2|M|NA|NA|NA|NA|NA|NA|1102328
1|2|29102018|1537|833|330330|17071991|427|2|1|1|5|5|NA|223505|330490|1|6734014|NA|330330|NA|NA|NA|NA|NA|NA|NA|NA|NA|NA|NA|NA|NA|1|1|3|1|NA|NA|2|*G938|*O998*C710|NA|NA|NA|O998|NA|1051393|NA|29102018|NA|NA|NA|20190014|S|05122018|O998|31102018|5|S|S|3.2.02|3.2|3|08042019|G938/O998 C710|05112018|NA|NA|08|0|1|161|37|NA|12122018|1|05122018|NA|1|M|NA|NA|NA|NA|NA|NA|1102942
1|2|31102018|1130|833|330455|28071982|436|2|4|2|4|3|NA|999992|330100|1|2298317|NA|330100|NA|NA|NA|NA|NA|NA|NA|NA|NA|NA|NA|NA|NA|4|2|1|1|NA|NA|2|*R571|*O908|*O721|NA|NA|O908|NA|52104573|NA|31102018|NA|NA|NA|20190073|S|18122018|O908|26112018|5|S|S|3.2.02|3.2|3|27062019|R571/O908/O721|26112018|NA|NA|12|0|1|239|191|NA|10052019|5|10052019|NA|2|M|NA|NA|NA|NA|NA|NA|1103738
1|2|21122018|0600|833|330100|22081985|433|2|4|2|4|3|NA|999992|330100|1|2298317|NA|330100|NA|NA|NA|NA|NA|NA|NA|NA|NA|NA|NA|NA|NA|1|1|3|1|NA|NA|2|*R571|*O990*D571|NA|NA|NA|O990|NA|52899323|NA|21122018|NA|NA|NA|20190040|S|05022019|O998|08012019|2|S|S|3.2.02|3.2|3|14052019|R571/O990 D571|22012019|NA|NA|12|0|1|144|54|NA|10052019|1|13022019|NA|1|M|NA|NA|NA|NA|NA|NA|1104044
1|2|18112018|1900|843|431490|14091988|430|2|1|1|4|3|NA|354120|330023|4|NA|NA|330023|NA|NA|NA|NA|NA|NA|NA|NA|NA|NA|NA|NA|NA|9|9|9|2|NA|NA|1|*R58X|*O001|NA|NA|NA|O001|NA|52436320|330020|19112018|NA|NA|NA|20190022|N|NA|O001|25012019|3|S|S|3.2.02|3.2|NA|12032019|R58/O001|31012019|NA|NA|12|0|1|114|NA|NA|NA|NA|NA|NA|NA|NA|NA|NA|NA|NA|NA|NA|1104766
1|2|01122018|0800|833|330455|21111997|421|2|2|1|3|2|NA|999992|330420|1|2288893|NA|330420|NA|NA|NA|NA|NA|NA|NA|NA|NA|NA|NA|NA|NA|4|2|1|1|NA|NA|2|*A419|*J189|*O990|*O990|NA|O990|NA|509191|NA|01122018|NA|NA|NA|20190073|S|17122018|O990|18122018|1|S|S|3.2.02|3.2|3|27062019|A419/J189/O990/O990|09012019|NA|NA|11|0|1|208|16|NA|27062019|6|17122018|NA|1|M|NA|NA|NA|NA|NA|NA|1105038
1|2|12112018|1715|833|330000|07061977|441|2|1|1|4|3|NA|512105|330455|1|7251491|NA|330455|NA|NA|NA|NA|NA|NA|NA|NA|NA|NA|NA|NA|NA|4|2|1|1|NA|NA|1|*D65X|*O881|NA|NA|NA|O881|NA|52688045|330455|13112018|NA|NA|NA|20190043|S|28022019|R99|22112018|3|S|S|3.2.00|3.2|1|07032019|D65/O881|23112018|NA|NA|12|0|1|115|56|NA|06032019|5|07012019|NA|2|M|NA|NA|NA|NA|NA|NA|1107260
1|2|13122018|1300|800|NA|24111981|437|2|1|2|3|2|NA|141410|330455|1|2270714|NA|330455|NA|NA|NA|NA|NA|NA|NA|NA|NA|NA|NA|NA|NA|2|1|3|1|NA|NA|2|NA|*R570|*I500|*O994*I420|*E106*I10X|O994|NA|52933449|NA|13122018|NA|NA|NA|20190049|S|20022019|I420|07012019|1|S|S|3.2.00|3.2|1|18032019|/R570/I500/O994 I420*E106 I10|18012019|NA|NA|11|0|1|095|0|NA|22022019|4|13122018|NA|2|M|NA|NA|NA|NA|NA|NA|1107680
1|2|29112018|0515|825|250040|01081985|433|2|4|5|3|2|NA|999992|330455|1|2298120|NA|330455|NA|NA|NA|NA|NA|NA|NA|NA|NA|NA|NA|NA|NA|4|2|1|1|NA|NA|2|*D65X|*K729|*O141|NA|*K830|O141|NA|52756075|NA|29112018|NA|NA|NA|20190041|S|25022019|O141|07122018|5|S|S|3.2.00|3.2|1|27022019|D65/K729/O141*K830|02012019|NA|NA|11|0|1|090|88|NA|26022019|5|25022019|NA|3|M|NA|NA|NA|NA|NA|NA|1108842
1|2|23112018|1810|833|330455|01021984|434|2|1|2|5|5|NA|231210|330350|1|3042219|NA|330455|NA|NA|NA|NA|NA|NA|NA|NA|NA|NA|NA|NA|NA|1|1|3|1|NA|NA|2|*O881|NA|NA|NA|NA|O881|NA|52793752|NA|23112018|NA|NA|NA|20190016|S|22012019|O881|26112018|2|S|S|3.2.00|3.2|1|23012019|O881|26112018|NA|NA|08|0|1|061|195|NA|09012020|1|06062019|NA|1|M|NA|NA|NA|NA|NA|NA|1109967
1|2|20112018|2105|833|330170|09021999|419|2|4|1|2|1|NA|999992|330170|2|6716849|NA|330455|NA|NA|NA|NA|NA|NA|NA|NA|NA|NA|NA|NA|NA|4|2|1|1|NA|NA|2|*O882|NA|NA|NA|NA|O882|NA|1012037|NA|20112018|NA|NA|NA|20190037|S|19022019|O994|12122018|1|S|S|3.2.00|3.2|1|21022019|O882|03012019|NA|NA|10|0|1|093|134|NA|11062019|5|03042019|NA|2|M|NA|NA|NA|NA|NA|NA|1109976
1|2|27112018|0650|833|330455|30081981|437|2|4|2|5|5|NA|252105|330455|1|3009947|NA|330455|NA|NA|NA|NA|NA|NA|NA|NA|NA|NA|NA|NA|NA|4|2|1|1|NA|NA|2|*J960|*R048|*J984|*O998*C859|*I802*N179|O998|NA|52633356|NA|27112018|NA|NA|NA|20190041|S|25022019|O95|04122018|5|S|S|3.2.00|3.2|1|27022019|J960/R048/J984/O998 C859*I802 N179|05122018|NA|NA|08|0|1|092|90|NA|26022019|5|25022019|NA|3|M|NA|NA|NA|NA|NA|NA|1110102
1|2|13122018|0650|833|330455|18092000|418|2|4|1|4|3|1|999992|330455|1|2269988|NA|330455|NA|NA|NA|NA|NA|NA|NA|NA|NA|NA|NA|NA|NA|4|2|1|1|NA|NA|2|*A419|*G049|*B008|*B24X|*E669|B207|NA|52750409|NA|13122018|NA|NA|NA|20190069|S|27032019|B207|19122018|NA|S|S|3.2.00|3.2|1|17042019|A419/G049/B008/B24*E669|09012019|NA|NA|05|0|1|125|27|NA|29032019|5|09012019|NA|2|M|NA|NA|NA|NA|NA|NA|1112516
1|2|27122018|1014|815|150000|03102002|416|2|4|1|4|3|NA|999991|330455|1|2270269|NA|330455|NA|NA|NA|NA|NA|NA|NA|NA|NA|NA|NA|NA|NA|1|1|3|1|NA|NA|1|*J960|*N179|*A419|*O234|*D649|O234|NA|541622|330455|28122018|NA|NA|NA|20190057|S|21032019|I749|02012019|3|S|S|3.2.00|3.2|1|27032019|J960/N179/A419/O234*D649|18012019|NA|NA|12|0|1|090|84|NA|28032019|1|21032019|NA|2|M|NA|NA|NA|NA|NA|NA|1112887
1|2|24122018|1330|833|330580|05081997|421|2|2|5|4|3|1|999992|330580|1|2297795|NA|330580|NA|NA|NA|NA|NA|NA|NA|NA|NA|NA|NA|NA|NA|4|2|1|1|NA|NA|2|*R570|*O903|NA|NA|NA|O903|NA|52596304|NA|24122018|NA|NA|NA|20190016|S|30012019|O903|10012019|5|S|S|3.2.02|3.2|3|20022019|R570/O903|22012019|NA|NA|05|0|1|058|37|NA|18022019|5|30012019|NA|1|M|NA|NA|NA|NA|NA|NA|1115193
1|2|16122018|0400|833|330270|29082002|416|2|1|1|NA|NA|NA|999991|330270|1|2266733|NA|330270|NA|NA|NA|NA|NA|NA|NA|NA|NA|NA|NA|NA|NA|1|1|3|NA|NA|NA|NA|*O234*N390*I500|NA|NA|NA|NA|O234|NA|52425810|NA|16122018|NA|NA|NA|20190027|S|NA|N390|20122018|2|S|S|3.2.00|3.2|3|19062019|O234 N390 I500|09012019|NA|NA|NA|0|1|185|64|NA|14032019|1|18022019|NA|1|M|NA|NA|NA|NA|NA|NA|1116673
1|2|20122018|1540|NA|NA|29061987|431|2|2|1|2|1|NA|999992|330270|1|2266733|NA|330270|NA|NA|NA|NA|NA|NA|NA|NA|NA|NA|NA|NA|NA|1|1|3|9|NA|NA|1|NA|*O711*O459|NA|NA|NA|O711|NA|52869740|330330|21122018|NA|NA|NA|20190002|NA|NA|O711|26122018|3|S|S|3.2.00|3.2|NA|22012019|/O711 O459|14012019|NA|NA|10|0|1|033|131|NA|06052019|1|30042019|NA|1|M|NA|NA|NA|NA|NA|NA|1117420
1|2|18122018|0220|833|330455|29051986|432|2|4|2|3|2|NA|999992|330350|1|7591136|NA|330350|NA|NA|NA|NA|NA|NA|NA|NA|NA|NA|NA|NA|NA|2|1|3|1|NA|NA|2|*R571|*O721|NA|NA|*Y836|O721|NA|52101707|NA|18122018|NA|NA|NA|20190027|S|03072019|O721|08012019|2|S|S|3.2.00|3.2|3|08072019|R571/O721*Y836|22012019|NA|NA|11|0|1|202|161|NA|09012020|4|28052019|NA|2|M|NA|NA|NA|NA|NA|NA|1117495
1|2|13102018|1000|826|261160|07091997|421|2|1|1|9|9|NA|999992|431640|1|2248239|NA|431640|NA|NA|NA|NA|NA|NA|NA|NA|NA|NA|NA|NA|NA|4|2|1|1|NA|NA|2|*J969|*N179|*A419|*O411|NA|O411|NA|6994|NA|13102018|NA|NA|NA|20200003|N|NA|O411|26102018|1|S|S|3.2.00|3.2|NA|16012020|J969/N179/A419/O411|01112018|NA|NA|09|0|1|460|84|NA|20052019|5|05012019|NA|1|M|NA|NA|NA|NA|NA|NA|1120587
1|2|02102018|1430|843|431710|07011986|432|2|1|1|3|1|4|999992|431710|1|2248220|NA|431710|NA|NA|NA|NA|NA|NA|NA|NA|NA|NA|NA|NA|NA|4|2|1|1|NA|NA|2|*A419|*B200|*C929|NA|NA|B200|NA|19072|NA|02102018|NA|NA|NA|20200001|S|18112018|B200|29102018|2|S|S|3.2.00|3.2|1|08012020|A419/B200/C929|01112018|NA|NA|02|0|1|463|73|NA|17122018|5|14122018|NA|1|M|NA|NA|NA|NA|NA|NA|1120870
1|2|04072018|0325|843|431680|28111983|434|2|1|2|4|2|8|516210|431680|1|2254964|NA|431680|NA|NA|NA|NA|NA|NA|NA|NA|NA|NA|NA|NA|NA|1|1|3|1|NA|NA|2|*O994|*J81X|*I351|NA|NA|O994|NA|38507|NA|04072018|NA|NA|NA|20180019|N|NA|O994|18072018|1|S|S|3.2.00|3.2|NA|20072018|O994/J81/I351|20072018|NA|NA|04|0|1|016|26|NA|18102018|4|30072018|NA|2|M|NA|NA|NA|NA|NA|NA|1122251
1|2|28082018|0656|843|431440|21111979|438|2|4|1|3|2|NA|NA|431440|1|2252694|NA|431440|NA|NA|NA|NA|NA|NA|NA|NA|NA|NA|NA|NA|NA|2|1|3|1|NA|NA|2|*D65X|*O679|*O821|*O149|NA|O149|NA|34580|NA|28082018|NA|NA|NA|20190008|S|18012019|O149|05092018|NA|S|S|3.2.00|3.2|2|18022019|D65/O679/O821/O149|10092018|NA|NA|11|0|1|174|143|NA|18012019|4|18012019|NA|1|M|NA|NA|NA|NA|NA|NA|1129023
1|2|04092018|0305|843|431490|26031982|436|2|2|2|5|5|NA|214905|430210|1|2223597|NA|430510|NA|NA|NA|NA|NA|NA|NA|NA|NA|NA|NA|NA|NA|4|2|1|1|NA|NA|2|NA|*R571|*D65X|*O720|NA|O720|NA|30762|NA|04092018|NA|NA|NA|20180045|S|NA|O720|11092018|1|S|S|3.2.00|3.2|8|24102018|/R571/D65/O720|12092018|NA|NA|08|0|1|050|100|NA|13122018|5|13122018|NA|1|M|NA|NA|NA|NA|NA|NA|1130907
1|2|09082018|1205|843|431490|17081996|421|2|1|1|4|3|NA|998999|431490|1|2237601|NA|431490|NA|NA|NA|NA|NA|NA|NA|NA|NA|NA|NA|NA|NA|4|2|1|1|NA|NA|1|NA|NA|*O996*K351|NA|NA|O996|NA|24383|NA|09082018|NA|NA|NA|20190014|S|13082018|O996|15082018|5|S|S|3.2.00|3.2|4|13052019|/ /O996 K351|22082018|NA|NA|12|0|1|277|88|NA|29042019|5|05112018|NA|2|M|NA|NA|NA|NA|NA|NA|1134006
1|2|07112018|1420|843|431490|13031989|429|2|4|1|4|3|NA|515110|431490|1|2237199|NA|431490|NA|NA|NA|NA|NA|NA|NA|NA|NA|NA|NA|NA|NA|4|2|1|1|NA|NA|2|*J80X|*O980|NA|NA|*J939|O980|NA|23286|NA|07112018|NA|NA|NA|20200001|S|NA|O980|01042019|5|S|S|3.2.00|3.2|4|17012020|J80/O980*J939|12042019|NA|NA|12|0|1|436|180|NA|06052019|3|06052019|NA|1|M|NA|NA|NA|NA|NA|NA|1135231
1|2|20122018|1455|843|432110|07051992|426|2|1|1|4|3|NA|622020|432035|1|2237571|NA|431490|NA|NA|NA|NA|NA|NA|NA|NA|NA|NA|NA|NA|NA|4|2|1|1|NA|NA|2|*R570|NA|*O998|NA|NA|O998|NA|18222|NA|20122018|NA|NA|NA|20190005|NA|NA|O998|10012019|5|S|S|3.2.00|3.2|NA|01022019|R570/ /O998|11012019|NA|NA|12|0|1|043|NA|NA|NA|NA|NA|NA|NA|NA|NA|NA|NA|NA|NA|NA|1139618
1|2|11102018|0518|831|313940|27051984|434|2|1|1|4|3|NA|354705|310620|1|0027022|NA|310620|NA|NA|NA|NA|NA|NA|NA|NA|NA|NA|NA|NA|NA|4|2|1|1|NA|NA|2|*O988*C509*C787*C780|NA|NA|NA|NA|O988|NA|54568|NA|11102018|NA|NA|NA|20200010|S|05042019|C509|30102018|2|S|S|3.2.00|3.2|1|13022020|O988 C509 C787 C780|14112018|NA|NA|12|0|1|490|169|NA|06122019|5|29032019|NA|3|M|NA|NA|NA|NA|NA|NA|1143779
1|2|27122018|1105|831|310540|15011989|429|2|NA|NA|NA|NA|NA|NA|310540|5|NA|NA|310620|NA|NA|NA|NA|NA|NA|NA|NA|NA|NA|NA|NA|NA|4|2|1|1|NA|NA|2|*R571|*O721|NA|NA|NA|O721|NA|43672|NA|27122018|NA|NA|NA|20200002|S|06012020|O723|17012019|2|S|S|3.2.00|3.2|1|15012020|R571/O721|30012019|NA|NA|NA|0|1|384|182|NA|18092019|5|27062019|NA|1|M|NA|NA|NA|NA|NA|NA|1144227
1|2|14112018|1110|831|310620|27111988|429|2|4|1|4|2|8|999992|310620|1|0027863|NA|310620|NA|NA|NA|NA|NA|NA|NA|NA|NA|NA|NA|NA|NA|1|1|3|1|NA|NA|1|*I269|*O150|NA|NA|*Y836|O150|NA|25653|310620|14112018|NA|NA|NA|20200006|S|26072019|Y349|12122018|3|S|S|3.2.00|3.2|8|30012020|I269/O150*Y836|27122018|NA|NA|04|0|1|442|99|NA|01082019|1|21022019|NA|3|M|NA|NA|NA|NA|NA|NA|1145454
1|2|24122018|1335|831|314330|19121996|422|2|4|1|3|2|NA|999992|314330|1|2149990|NA|314330|NA|NA|NA|NA|NA|NA|NA|NA|NA|NA|NA|NA|NA|3|1|3|1|NA|NA|1|*R571|*O076|NA|NA|NA|O076|NA|44077|NA|24122018|NA|NA|NA|20190060|S|NA|O710|01022019|1|S|S|3.2.02|3.2|1|15102019|R571/O076|14022019|NA|NA|11|0|1|295|53|NA|07032019|2|15022019|NA|1|M|NA|NA|NA|NA|NA|NA|1148161
1|2|08102018|1028|831|311370|12011982|436|2|4|2|4|3|NA|141410|311370|1|2208172|NA|316860|NA|NA|NA|NA|NA|NA|NA|NA|NA|NA|NA|NA|NA|4|2|1|1|NA|NA|2|*I629|*O141|NA|NA|NA|O141|NA|73629|NA|08102018|NA|NA|NA|20190039|S|NA|I629|16102018|1|S|S|3.2.00|3.2|1|14082019|I629/O141|18102018|NA|NA|12|0|1|310|123|NA|17022019|5|08022019|NA|2|M|NA|NA|NA|NA|NA|NA|1149738
1|2|24102018|0045|831|315810|11101978|440|2|4|1|2|1|NA|141410|315810|1|2208172|NA|316860|NA|NA|NA|NA|NA|NA|NA|NA|NA|NA|NA|NA|NA|4|2|1|1|NA|NA|2|*R578|*D689|*O141|NA|*O159|O159|NA|6372|NA|24102018|NA|NA|NA|20180046|NA|NA|O159|25102018|1|S|S|3.2.00|3.2|NA|31102018|R578/D689/O141*O159|31102018|NA|NA|10|0|1|007|99|NA|31012019|5|31012019|NA|1|M|NA|NA|NA|NA|NA|NA|1149841
1|2|08112018|2200|831|310620|14041983|435|2|4|1|4|2|8|999992|314250|1|2148293|NA|312090|NA|NA|NA|NA|NA|NA|NA|NA|NA|NA|NA|NA|NA|4|2|1|1|NA|NA|9|*O722|NA|NA|NA|*O722|O722|NA|66449|NA|08112018|NA|NA|NA|20190038|S|12072019|R58|21112018|5|S|S|3.2.02|3.2|1|30072019|O722*O722|12122018|NA|NA|04|0|1|264|299|NA|03092019|5|03092019|NA|3|M|NA|NA|NA|NA|NA|NA|1151070
1|2|11102018|1038|831|310270|17101988|429|2|4|5|4|2|8|999992|311730|1|2206595|NA|317010|NA|NA|NA|NA|NA|NA|NA|NA|NA|NA|NA|NA|NA|NA|NA|NA|1|NA|NA|2|*O751|*O822|NA|*O459|NA|O459|NA|44181|NA|11102018|NA|NA|NA|20180020|NA|NA|O459|19102018|2|S|S|3.2.02|3.2|NA|31102018|O751/O822/ /O459|31102018|NA|NA|04|0|1|020|125|NA|13022019|4|13022019|NA|1|M|NA|NA|NA|NA|NA|NA|1151639
1|2|15092018|1320|835|352010|16071991|427|2|2|1|3|1|4|999992|317010|1|2195585|NA|317010|NA|NA|NA|NA|NA|NA|NA|NA|NA|NA|NA|NA|NA|4|2|1|1|NA|NA|2|*A419|*O988*J988|NA|NA|NA|O988|NA|61502|NA|15092018|NA|NA|NA|20190019|S|21122018|R99|03102018|1|S|S|3.2.02|3.2|8|17102019|A419/O988 J988|18102018|NA|NA|02|0|1|397|97|NA|21122018|5|21122018|NA|2|M|NA|NA|NA|NA|NA|NA|1152120
1|2|04102018|1740|831|311340|31031981|437|2|1|1|3|2|NA|999992|311340|1|2118513|NA|311340|NA|NA|NA|NA|NA|NA|NA|NA|NA|NA|NA|NA|NA|4|2|1|NA|NA|NA|NA|*R571|*O711|NA|NA|NA|O711|NA|67445|NA|04102018|NA|NA|NA|20190016|S|04112018|R571|26102018|NA|S|S|3.2.02|3.2|8|30082019|R571/O711|31102018|NA|NA|11|0|1|330|31|NA|12112018|5|04112018|NA|2|M|NA|NA|NA|NA|NA|NA|1153027
1|2|05112018|1145|831|312870|11031981|437|2|1|4|4|3|3|322205|312870|1|2796449|NA|312870|NA|NA|NA|NA|NA|NA|NA|NA|NA|NA|NA|NA|NA|4|2|1|1|NA|NA|2|*O95X|NA|NA|NA|NA|O95|NA|14144|NA|05112018|NA|NA|NA|20190023|S|14022019|R99|20112018|2|S|S|3.2.02|3.2|1|29082019|O95|29112018|NA|NA|06|0|1|297|101|NA|14022019|5|14022019|NA|1|M|NA|NA|NA|NA|NA|NA|1153720
1|2|10102018|0955|831|317200|01081999|419|2|2|1|4|3|3|524105|317200|1|2760843|NA|317200|NA|NA|NA|NA|NA|NA|NA|NA|NA|NA|NA|NA|NA|4|2|1|1|NA|NA|1|*O85X|*R571|NA|NA|NA|O85|NA|57248|NA|10102018|NA|NA|NA|20180020|N|NA|O85|NA|1|S|S|3.2.02|3.2|NA|31102018|O85/R571|31102018|NA|NA|06|0|1|021|47|NA|01042019|5|26112018|NA|1|M|NA|NA|NA|NA|NA|NA|1154972
1|2|17112018|0130|831|313670|02061989|429|2|1|2|5|5|NA|223610|313670|1|3019063|NA|313670|NA|NA|NA|NA|NA|NA|NA|NA|NA|NA|NA|NA|NA|4|2|1|1|NA|NA|2|*A419|*O904|*O85X*O429|NA|NA|O85|NA|39828|NA|17112018|NA|NA|NA|20200001|S|14032019|J189|23112018|5|S|S|3.2.02|3.2|1|31012020|A419/O904/O85 O429|29112018|NA|NA|08|0|1|440|117|NA|18032019|5|14032019|NA|3|R|NA|NA|NA|NA|NA|NA|1157169
1|2|18122018|0416|831|317200|14071995|423|2|2|NA|NA|NA|NA|NA|317200|1|2111624|NA|313670|NA|NA|NA|NA|NA|NA|NA|NA|NA|NA|NA|NA|NA|1|1|3|1|NA|NA|2|*I269|*O269*D571|NA|NA|NA|O269|NA|35775|NA|18122018|NA|NA|NA|20190005|S|13022019|D571|09012019|2|S|S|3.2.02|3.2|8|12032019|I269/O269 D571|14012019|NA|NA|NA|0|1|084|57|NA|13022019|1|13022019|NA|1|M|NA|NA|NA|NA|NA|NA|1157663
1|2|10122018|1213|831|311590|12021992|426|2|1|2|4|3|3|999992|313670|1|2153882|NA|313670|NA|NA|NA|NA|NA|NA|NA|NA|NA|NA|NA|NA|NA|4|2|1|1|NA|NA|2|*O882|NA|NA|NA|*I279*I420|O882|NA|27453|NA|10122018|NA|NA|NA|20190008|S|01042019|O882|27122018|NA|S|S|3.2.02|3.2|1|29042019|O882*I279 I420|14012019|NA|NA|06|0|1|140|112|NA|04042019|5|01042019|NA|2|R|NA|NA|NA|NA|NA|NA|1157794
1|2|16092018|1040|831|312770|10021989|429|2|4|2|4|3|NA|999992|312770|1|2222043|NA|312770|NA|NA|NA|NA|NA|NA|NA|NA|NA|NA|NA|NA|NA|4|2|1|1|NA|NA|2|*R571|*Y836|*O450|NA|*O13X|O450|NA|28215|NA|16092018|NA|NA|NA|20200004|S|07112019|O159|25092018|2|S|S|3.2.02|3.2|8|31012020|R571/Y836/O450*O13|04102018|NA|NA|12|0|1|502|19|NA|26102019|5|05102018|NA|2|M|NA|NA|NA|NA|NA|NA|1159184
1|2|31072018|1609|831|314810|17031987|431|2|1|2|5|5|NA|231210|314810|1|2209195|NA|314810|NA|NA|NA|NA|NA|NA|NA|NA|NA|NA|NA|NA|NA|2|1|3|1|NA|NA|2|*O722|NA|NA|NA|NA|O722|NA|25480|NA|31072018|NA|NA|NA|20190018|S|30102018|O730|01082018|2|S|S|3.2.02|3.2|1|16092019|O722|13082018|NA|NA|08|0|1|412|76|NA|31102018|5|15102018|NA|1|M|NA|NA|NA|NA|NA|NA|1161182
1|2|09092018|1810|831|314810|05042002|416|2|3|1|4|2|8|999991|314810|1|2209195|NA|314810|NA|NA|NA|NA|NA|NA|NA|NA|NA|NA|NA|NA|NA|4|2|1|1|NA|NA|2|*O459|NA|NA|NA|NA|O459|NA|25683|NA|09092018|NA|NA|NA|20190015|S|12122018|K550|10092018|NA|S|S|3.2.02|3.2|1|30072019|O459|27092018|NA|NA|04|0|1|324|94|NA|13122018|5|12122018|NA|1|M|NA|NA|NA|NA|NA|NA|1161277
1|2|30082018|0108|831|314730|26061981|437|2|1|2|9|9|NA|999992|314730|1|2127989|NA|315250|NA|NA|NA|NA|NA|NA|NA|NA|NA|NA|NA|NA|NA|4|2|1|1|NA|NA|2|*R571|*O723|*O721|*O622|*O149|O622|NA|51710|NA|30082018|NA|NA|NA|20180018|NA|NA|O622|18092018|2|S|S|3.2.02|3.2|NA|28092018|R571/O723/O721/O622*O149|28092018|NA|NA|09|0|1|029|60|NA|29102018|4|29102018|NA|1|M|NA|NA|NA|NA|NA|NA|1162113
1|2|23062018|1020|835|355030|21101984|433|2|2|2|4|3|3|999992|311990|1|2127989|NA|315250|NA|NA|NA|NA|NA|NA|NA|NA|NA|NA|NA|NA|NA|4|2|1|1|NA|NA|2|*O994*I64X|NA|NA|NA|NA|O994|NA|64171|NA|23062018|NA|NA|NA|20190021|S|10082018|I64|04072018|1|S|S|3.2.02|3.2|1|14112019|O994 I64|19072018|NA|NA|06|0|1|509|48|NA|02072019|3|10082018|NA|1|M|NA|NA|NA|NA|NA|NA|1162768
1|2|28082018|2310|835|351500|19041993|425|2|2|1|4|2|8|NA|311060|1|2128012|NA|311060|NA|NA|NA|NA|NA|NA|NA|NA|NA|NA|NA|NA|NA|1|1|3|NA|NA|NA|NA|*J81X|*O141|NA|NA|NA|O141|NA|53724|NA|28082018|NA|NA|NA|20190015|S|03092018|O141|12092018|2|S|S|3.2.00|3.2|1|17102019|J81/O141|31102018|NA|NA|04|0|1|415|6|NA|01102019|1|03092018|NA|1|M|NA|NA|NA|NA|NA|NA|1163964
1|2|01102018|0900|831|316940|19071982|436|2|1|2|5|5|NA|223505|316940|1|2139200|NA|316940|NA|NA|NA|NA|NA|NA|NA|NA|NA|NA|NA|NA|NA|1|1|3|NA|NA|NA|NA|*O994*I609|NA|NA|NA|*O994|O994|NA|60923|NA|01102018|NA|NA|NA|20190008|S|01112018|I609|18102018|5|S|S|3.2.02|3.2|3|17042019|O994 I609*O994|30102018|NA|NA|08|0|1|198|31|NA|06122018|1|01112018|NA|1|M|NA|NA|NA|NA|NA|NA|1164363
1|2|05122018|0850|831|314460|16091998|420|2|2|1|4|3|3|512105|317070|1|2761041|NA|317070|NA|NA|NA|NA|NA|NA|NA|NA|NA|NA|NA|NA|NA|2|1|3|1|NA|NA|2|*G931|*O749|NA|NA|*O749|O749|NA|49056|NA|05122018|NA|NA|NA|20200002|S|19122018|O759|14012019|5|S|S|3.2.00|3.2|8|12022020|G931/O749*O749|16012019|NA|NA|06|0|1|434|14|NA|27022019|5|19122018|NA|1|R|NA|NA|NA|NA|NA|NA|1164768
1|2|28092018|2030|831|316200|27081996|422|2|1|1|4|3|3|763010|311900|1|2761041|NA|317070|NA|NA|NA|NA|NA|NA|NA|NA|NA|NA|NA|NA|NA|NA|NA|NA|1|NA|NA|2|*J959|*I509|*O903|NA|*O903|O903|NA|63654|NA|28092018|NA|NA|NA|20190020|NA|NA|O903|24102019|5|S|S|3.2.00|3.2|NA|23122019|J959/I509/O903*O903|30102019|NA|NA|06|0|1|451|54|NA|21112018|5|21112018|NA|1|M|NA|NA|NA|NA|NA|NA|1165288
1|2|18082018|0932|826|261160|13091998|419|2|4|5|4|3|NA|999992|261160|1|0000434|NA|261160|NA|NA|NA|NA|NA|NA|NA|NA|NA|NA|NA|NA|NA|4|2|1|1|NA|NA|2|*R571|*O721|NA|NA|*O13X|O721|NA|26488|NA|18082018|NA|NA|NA|20180051|S|23082018|O721|29082018|1|S|S|3.2.00|3.2|8|13122018|R571/O721*O13|06092018|NA|NA|12|0|1|117|3|NA|18092019|5|21082018|NA|2|M|NA|NA|NA|NA|NA|NA|1167668
1|2|28082018|0025|826|260540|15101988|429|2|1|1|3|1|4|622020|260540|1|0000434|NA|261160|NA|NA|NA|NA|NA|NA|NA|NA|NA|NA|NA|NA|NA|4|2|1|1|NA|NA|2|*A419|*K650*N151|*O230|NA|NA|O230|NA|9729|NA|28082018|NA|NA|NA|20190014|S|04092018|O149|02102018|2|S|S|3.2.00|3.2|8|04042019|A419/K650 N151/O230|09102018|NA|NA|02|0|1|219|2|NA|26032019|5|30082018|NA|3|R|NA|NA|NA|NA|NA|NA|1167713
1|2|06092018|0705|826|260790|02011989|429|2|4|1|2|1|NA|999992|261160|1|0000434|NA|261160|NA|NA|NA|NA|NA|NA|NA|NA|NA|NA|NA|NA|NA|1|1|3|1|NA|NA|2|*A419|*J189|*B24X|NA|*E43X*B169*B171*A539|B227|NA|12882|NA|06092018|NA|NA|NA|20180053|S|05122018|B227|24092018|1|S|S|3.2.00|3.2|8|27122018|A419/J189/B24*E43 B169 B171 A539|27092018|NA|NA|10|0|1|112|90|NA|17122018|1|05122018|NA|2|M|NA|NA|NA|NA|NA|NA|1167763
1|2|04092018|2238|826|260790|07092004|413|2|4|1|3|2|NA|999994|260005|1|2427427|NA|261160|NA|NA|NA|NA|NA|NA|NA|NA|NA|NA|NA|NA|NA|4|2|1|1|NA|NA|1|*O998*N390|NA|NA|NA|NA|O998|NA|8273|261160|06092018|NA|NA|NA|20200007|S|18092019|N390|10102018|3|S|S|3.2.00|3.2|7|13022020|O998 N390|17102018|NA|NA|11|0|1|527|120|NA|18092019|1|02012019|NA|1|R|NA|NA|NA|NA|NA|NA|1168296
1|2|18102018|1815|826|261160|15111988|429|2|4|2|2|1|NA|999992|261370|1|2427427|NA|261160|NA|NA|NA|NA|NA|NA|NA|NA|NA|NA|NA|NA|NA|1|1|3|1|NA|NA|1|*R571|*K720|*O266|NA|NA|O266|NA|19699|261160|19102018|NA|NA|NA|20190024|S|06112018|K469|23112018|4|S|S|3.2.00|3.2|8|13062019|R571/K720/O266|28112018|NA|NA|10|0|1|238|19|NA|11122018|1|06112018|NA|1|M|NA|NA|NA|NA|NA|NA|1170291
1|2|20102018|NA|826|261080|26021979|439|2|4|1|2|1|NA|512120|261160|2|0000701|NA|261160|NA|NA|NA|NA|NA|NA|NA|NA|NA|NA|NA|NA|NA|1|1|3|1|NA|NA|1|*J81X|*I219|*O100|NA|*I10X|O100|NA|26479|261160|21102018|NA|NA|NA|20180053|S|30112018|O150|07112018|3|S|S|3.2.00|3.2|8|27122018|J81/I219/O100*I10|14112018|NA|NA|10|0|1|068|41|NA|17122018|1|30112018|NA|2|M|NA|NA|NA|NA|NA|NA|1171674
1|2|22112018|0107|826|260420|24081990|428|2|1|1|3|2|NA|999992|260420|1|2427427|NA|261160|NA|NA|NA|NA|NA|NA|NA|NA|NA|NA|NA|NA|NA|4|2|1|1|NA|NA|2|*A419|*J189|*B451|*B24X|NA|B207|NA|26259|NA|22112018|NA|NA|NA|20190016|S|28112018|B207|06122018|1|S|S|3.2.00|3.2|8|17042019|A419/J189/B451/B24|13122018|NA|NA|11|0|1|146|21|NA|11022019|5|13122018|NA|1|M|NA|NA|NA|NA|NA|NA|1172056
1|2|03102018|1650|826|260940|15111976|441|2|1|1|4|3|NA|521110|260940|1|0000434|NA|261160|NA|NA|NA|NA|NA|NA|NA|NA|NA|NA|NA|NA|NA|4|2|1|1|NA|NA|2|*R571|*K768|*O149|NA|NA|O149|NA|25221|NA|03102018|NA|NA|NA|20190024|S|24052019|O149|23102018|5|S|S|3.2.00|3.2|7|13062019|R571/K768/O149|25102018|NA|NA|12|0|1|253|86|NA|04062019|5|28122018|NA|1|M|NA|NA|NA|NA|NA|NA|1172220
1|2|15112018|1950|826|260790|12121992|425|2|4|1|4|3|NA|521110|260790|1|0000655|NA|261160|NA|NA|NA|NA|NA|NA|NA|NA|NA|NA|NA|NA|NA|4|2|1|1|NA|NA|2|*A419|*A178|*B24X|NA|NA|B200|NA|6917|NA|15112018|NA|NA|NA|20190048|S|21112019|B200|12122018|2|S|S|3.2.00|3.2|7|28112019|A419/A178/B24|18122018|NA|NA|12|0|1|378|16|NA|06082019|5|01122018|NA|2|M|NA|NA|NA|NA|NA|NA|1173260
1|2|13112018|0740|826|260170|09021989|429|2|1|1|4|3|NA|231205|260680|1|0000434|NA|261160|NA|NA|NA|NA|NA|NA|NA|NA|NA|NA|NA|NA|NA|4|2|1|1|NA|NA|2|*R570|*O994*I059|NA|NA|*Y831|O994|NA|21266|NA|13112018|NA|NA|NA|20190029|S|20112018|I059|13122018|5|S|S|3.2.00|3.2|8|18072019|R570/O994 I059*Y831|18122018|NA|NA|12|0|1|247|1|NA|07082019|5|14112018|NA|1|M|NA|NA|NA|NA|NA|NA|1175406
1|2|03122018|0300|826|260790|23121981|436|2|1|2|3|2|NA|512115|260790|1|0000434|NA|261160|NA|NA|NA|NA|NA|NA|NA|NA|NA|NA|NA|NA|NA|1|1|3|1|NA|NA|2|*A419|*J159|*J81X|*O994*I501|*I10X*E669*F172|O994|NA|18439|NA|03122018|NA|NA|NA|20190039|S|11122018|O141|19122018|5|S|S|3.2.00|3.2|8|26092019|A419/J159/J81/O994 I501*I10 E669 F172|27122018|NA|NA|11|0|1|297|63|NA|16122019|1|04022019|NA|3|M|NA|NA|NA|NA|NA|NA|1175490
1|2|13122018|1241|826|260600|31122000|417|2|4|9|4|3|NA|999992|261300|1|0000434|NA|261160|NA|NA|NA|NA|NA|NA|NA|NA|NA|NA|NA|NA|NA|4|2|1|1|NA|NA|2|*G939|*I619|*O159|NA|NA|O159|NA|12882|NA|13122018|NA|NA|NA|20190052|S|18122018|O150|14012019|1|S|S|3.2.00|3.2|8|26122019|G939/I619/O159|16012019|NA|NA|12|0|1|378|4|NA|21052019|5|17122018|NA|1|M|NA|NA|NA|NA|NA|NA|1175548
1|2|21082018|2230|826|260640|20041981|437|2|4|1|3|1|4|999992|260640|3|NA|NA|260640|NA|NA|NA|NA|NA|NA|NA|NA|NA|NA|NA|NA|NA|1|1|3|2|NA|NA|1|*R571|*D65X|*O141|NA|*E66X*K760|O141|NA|15064|260410|21082018|NA|NA|NA|20200003|S|14092018|O150|24092018|4|S|S|3.2.00|3.2|8|23012020|R571/D65/O141*E66 K760|27092018|NA|NA|02|0|1|520|59|NA|27122019|1|19102018|NA|1|M|NA|NA|NA|NA|NA|NA|1176153
1|2|26102018|1335|826|260120|24091998|420|2|4|1|1|0|NA|621005|260120|5|NA|NA|260170|NA|NA|NA|NA|NA|NA|NA|NA|NA|NA|NA|NA|NA|1|1|3|1|NA|NA|1|*J81X|*I219|*I420|*O992*E050|*J189|O992|NA|21652|260410|26102018|NA|NA|NA|20190049|S|01042019|I420|27122018|4|S|S|3.2.00|3.2|8|07112019|J81/I219/I420/O992 E050*J189|03012019|NA|NA|00|0|1|377|1|NA|26042019|1|27102018|NA|2|R|NA|NA|NA|NA|NA|NA|1177447
1|2|05122018|1108|826|260700|05061979|439|2|4|1|1|0|NA|621005|260915|1|2551764|NA|260120|NA|NA|NA|NA|NA|NA|NA|NA|NA|NA|NA|NA|NA|4|2|1|1|NA|NA|1|*R571|*N939|*D689|*O721|NA|O721|NA|15064|260410|05122018|NA|NA|NA|20190010|S|05122018|O721|19122018|4|S|S|3.2.00|3.2|5|01032019|R571/N939/D689/O721|27122018|NA|NA|00|0|1|086|77|NA|25042019|4|20022019|NA|1|M|NA|NA|NA|NA|NA|NA|1178386
1|2|29082018|1120|NA|NA|01111979|438|2|2|NA|NA|NA|NA|NA|290600|1|2430711|NA|261110|NA|NA|NA|NA|NA|NA|NA|NA|NA|NA|NA|NA|NA|4|2|1|1|NA|NA|2|*O149|*I710|*M321|*O829|NA|O149|NA|13753|NA|29082018|NA|NA|NA|20180036|S|30082018|I710|31082018|2|S|S|3.2.00|3.2|3|12092018|O149/I710/M321/O829|05092018|NA|NA|NA|0|1|014|NA|NA|NA|NA|NA|NA|NA|NA|NA|NA|NA|NA|NA|NA|1179923
1|2|27092018|0630|NA|NA|24101980|437|2|2|NA|NA|NA|NA|NA|261110|1|2430711|NA|261110|NA|NA|NA|NA|NA|NA|NA|NA|NA|NA|NA|NA|NA|4|2|1|1|NA|NA|2|*R571|*O721|*O438|*O441|*O342*O429*O601|O441|NA|13753|NA|27092018|NA|NA|NA|20190028|S|13112018|O438|28092018|2|S|S|3.2.00|3.2|8|04072019|R571/O721/O438/O441*O342 O429 O601|04102018|NA|NA|NA|0|1|280|1|NA|18072019|5|28092018|NA|2|M|NA|NA|NA|NA|NA|NA|1180139
1|2|28092018|1631|826|261110|02021990|428|2|4|5|4|3|NA|621005|261110|1|2430711|NA|261110|NA|NA|NA|NA|NA|NA|NA|NA|NA|NA|NA|NA|NA|4|2|1|1|NA|NA|NA|*K550|*O990|NA|NA|*O266*E872*R011|O990|NA|22648|NA|28092018|NA|NA|NA|20190010|S|17012019|O990|02102018|2|S|S|3.2.00|3.2|8|27022019|K550/O990*O266 E872 R011|10102018|NA|NA|12|0|1|152|111|NA|27022019|5|17012019|NA|3|M|NA|NA|NA|NA|NA|NA|1180141
1|2|04122018|2000|826|261070|16031989|429|2|1|1|4|3|NA|411010|261070|2|3180387|NA|261070|NA|NA|NA|NA|NA|NA|NA|NA|NA|NA|NA|NA|NA|4|2|1|1|NA|NA|1|*R571|*D689|*O622|*O829|NA|O622|NA|11106|261160|05122018|NA|NA|NA|20190040|S|24092019|O622|18122018|3|S|S|3.2.00|3.2|7|03102019|R571/D689/O622/O829|18122018|NA|NA|12|0|1|303|217|NA|13022020|5|09072019|NA|3|M|NA|NA|NA|NA|NA|NA|1181205
1|2|29122018|1050|826|261160|14092001|417|2|4|1|4|3|NA|999991|260960|1|0000434|NA|261160|NA|NA|NA|NA|NA|NA|NA|NA|NA|NA|NA|NA|NA|2|1|3|1|NA|NA|1|*R571|*O721|NA|NA|*O721|O721|NA|7206|261160|29122018|NA|NA|NA|20190048|S|15022019|Y349|14012019|3|S|S|3.2.00|3.2|8|28112019|R571/O721*O721|16012019|NA|NA|12|0|1|334|51|NA|18092019|5|18022019|NA|2|M|NA|NA|NA|NA|NA|NA|1181607
1|2|07122018|NA|826|260120|08101982|436|2|4|1|4|3|NA|999992|260860|1|2702983|NA|260600|NA|NA|NA|NA|NA|NA|NA|NA|NA|NA|NA|NA|NA|1|1|3|1|NA|NA|1|*J969|*J159|*O995*J440|NA|NA|O995|NA|16443|261160|07122018|NA|NA|NA|20190041|S|12032019|J159|18012019|4|S|S|3.2.00|3.2|8|10102019|J969/J159/O995 J440|23012019|NA|NA|12|0|1|307|95|NA|15032019|1|12032019|NA|1|M|NA|NA|NA|NA|NA|NA|1182092
1|2|16082018|0220|829|293330|29121983|434|2|1|1|3|2|NA|513205|293330|1|2402076|NA|293330|NA|NA|NA|NA|NA|NA|NA|NA|NA|NA|NA|NA|NA|5|2|2|NA|NA|NA|NA|*R092|*R090|*I269|*O994|*I509|O994|NA|31361|NA|16082018|NA|NA|NA|20180018|S|17092018|O96|26102018|NA|S|S|3.2.02|3.2|8|03122018|R092/R090/I269/O994*I509|26102018|NA|NA|11|0|1|109|32|NA|31102018|6|17092018|NA|1|M|NA|NA|NA|NA|NA|NA|1184834
1|2|17082018|0000|829|293330|04121985|432|2|2|1|4|3|NA|999992|293330|1|2402076|NA|293330|NA|NA|NA|NA|NA|NA|NA|NA|NA|NA|NA|NA|NA|4|2|1|1|NA|NA|2|*T811|*Y836|*O721|NA|NA|O721|NA|19281|NA|17082018|NA|NA|NA|20190010|S|28052019|O720|12092018|2|S|S|3.2.00|3.2|8|25062019|T811/Y836/O721|17092018|NA|NA|12|0|1|312|31|NA|17092018|5|17092018|NA|1|M|NA|NA|NA|NA|NA|NA|1185118
1|2|09082018|1445|829|292910|03111975|442|2|2|1|4|3|NA|999992|292940|1|6414702|NA|292870|NA|NA|NA|NA|NA|NA|NA|NA|NA|NA|NA|NA|NA|NA|NA|NA|1|NA|NA|2|*J969|*O019|NA|NA|NA|O019|NA|21410|NA|09082018|NA|NA|NA|20180028|NA|NA|O019|14082018|2|S|S|3.2.02|3.2|NA|13022019|J969/O019|13022019|NA|NA|12|0|1|188|NA|NA|NA|NA|NA|NA|NA|NA|NA|NA|NA|NA|NA|NA|1187317
1|2|30082018|2200|829|291072|02081996|422|2|4|1|2|1|NA|999992|291072|1|2507447|NA|291072|NA|NA|NA|NA|NA|NA|NA|NA|NA|NA|NA|NA|NA|5|2|2|NA|NA|NA|NA|*A419|*J168|*O993*G700|NA|NA|O993|NA|20059|NA|30082018|NA|NA|NA|20190022|S|14012019|G700|31082018|1|S|S|3.2.00|3.2|3|28052019|A419/J168/O993 G700|04092018|NA|NA|10|0|1|271|137|NA|11022019|6|14012019|NA|1|M|NA|NA|NA|NA|NA|NA|1188539
1|2|21062018|1421|829|290850|13081992|425|2|2|5|5|4|NA|999991|290850|1|6602533|NA|291080|NA|NA|NA|NA|NA|NA|NA|NA|NA|NA|NA|NA|NA|4|2|1|1|NA|NA|2|*O85X|*O721|*O266|*O150|*O102|O150|NA|28714|NA|21062018|NA|NA|NA|20190041|NA|NA|O72|28062018|1|S|S|3.2.00|3.2|NA|24052019|O85/O721/O266/O150*O102|28062018|NA|NA|07|0|1|337|NA|NA|NA|NA|NA|NA|NA|NA|NA|NA|NA|NA|NA|NA|1190119
1|2|20082018|2212|829|290040|05091981|436|2|4|1|4|2|8|NA|292330|1|6602533|NA|291080|NA|NA|NA|NA|NA|NA|NA|NA|NA|NA|NA|NA|NA|NA|NA|NA|1|NA|NA|NA|*R578|*R100|NA|*O759*N179|NA|O759|NA|29895|NA|20082018|NA|NA|NA|20190071|NA|NA|N179|22082018|5|S|S|3.2.00|3.2|NA|03102019|R578/R100/ /O759 N179|24082018|NA|NA|04|0|1|409|122|NA|03042019|5|20122018|NA|1|M|NA|NA|NA|NA|NA|NA|1190743
1|2|04082018|2000|829|290450|27061995|423|2|2|5|3|2|5|622020|290300|1|4026896|NA|291460|NA|NA|NA|NA|NA|NA|NA|NA|NA|NA|NA|NA|NA|1|1|3|1|NA|NA|2|*R688|*A419|*O95X*J988|NA|NA|O95|NA|18108|NA|04082018|NA|NA|NA|20200006|S|27082018|J988|10082018|2|S|S|3.2.00|3.2|8|19022020|R688/A419/O95 J988|10082018|NA|NA|03|0|1|564|23|NA|31012020|1|27082018|NA|1|R|NA|NA|NA|NA|NA|NA|1194545
1|2|13092018|0037|829|290300|04091983|435|2|4|1|3|1|4|999993|291460|1|4026896|NA|291460|NA|NA|NA|NA|NA|NA|NA|NA|NA|NA|NA|NA|NA|4|2|1|1|NA|NA|2|*A419|*R688|*O95X*N19X|NA|NA|O95|NA|19488|NA|13092018|NA|NA|NA|20190019|S|26102018|N19|24092018|1|S|S|3.2.00|3.2|8|16072019|A419/R688/O95 N19|24092018|NA|NA|02|0|1|306|43|NA|09112018|6|26102018|NA|1|M|NA|NA|NA|NA|NA|NA|1194941
1|2|15102018|0945|829|291120|21041991|427|2|4|1|5|4|NA|999992|291120|1|2525569|NA|291480|NA|NA|NA|NA|NA|NA|NA|NA|NA|NA|NA|NA|NA|NA|NA|NA|NA|NA|NA|NA|*I10X|*O141|*R092|NA|NA|O141|NA|4813|NA|15102018|NA|NA|NA|20180024|NA|NA|O141|24102018|NA|S|S|3.2.02|3.2|NA|31102018|I10/O141/R092|31102018|NA|NA|07|0|1|016|NA|NA|NA|NA|NA|NA|NA|NA|NA|NA|NA|NA|NA|NA|1196488
1|2|08112018|0420|829|292740|03111990|428|2|4|1|4|3|NA|252105|292070|1|9388133|NA|291360|NA|NA|NA|NA|NA|NA|NA|NA|NA|NA|NA|NA|NA|NA|NA|NA|1|NA|NA|1|*D62X|*R58X|*O001|NA|NA|O001|NA|8452|291360|08112018|NA|NA|NA|20180040|NA|NA|O001|21122018|3|S|S|3.2.00|3.2|NA|21122018|D62/R58/O001|21122018|NA|NA|12|0|1|043|NA|NA|NA|NA|NA|NA|NA|NA|NA|NA|NA|NA|NA|NA|1197741
1|2|17092018|1000|829|291390|03051993|425|2|2|1|4|3|NA|999992|291830|5|NA|NA|291800|NA|NA|NA|NA|NA|NA|NA|NA|NA|NA|NA|NA|NA|4|2|1|1|NA|NA|2|*R99X|*O998|NA|NA|NA|O998|NA|18060|NA|17092018|NA|NA|NA|20190016|S|22042019|O998|05112018|1|S|S|3.2.02|3.2|8|08112019|R99/O998|07112018|NA|NA|12|0|1|417|217|NA|22042019|5|22042019|NA|2|M|NA|NA|NA|NA|NA|NA|1198054
1|2|21092018|NA|829|292860|28031993|425|2|4|1|3|2|NA|999992|290650|1|2387581|NA|290650|NA|NA|NA|NA|NA|NA|NA|NA|NA|NA|NA|NA|NA|1|1|3|NA|NA|NA|NA|*R578|*O459|*O441|NA|NA|O459|NA|4220|NA|21092018|NA|NA|NA|20180012|NA|NA|O459|25092018|1|S|S|3.2.00|3.2|NA|01102018|R578/O459/O441|01102018|NA|NA|11|0|1|010|NA|NA|NA|NA|NA|NA|NA|NA|NA|NA|NA|NA|NA|NA|1200173
1|2|05082018|0512|829|290530|31032004|414|2|4|1|9|9|NA|999991|290530|1|3956369|NA|292740|NA|NA|NA|NA|NA|NA|NA|NA|NA|NA|NA|NA|NA|8|2|3|1|NA|NA|2|*A419|*J988|*D619|*O988*A308|NA|O988|NA|21011|NA|05082018|NA|NA|NA|20190113|S|27022019|O988|16082018|5|S|S|3.2.02|3.2|8|13092019|A419/J988/D619/O988 A308|20082018|NA|NA|09|0|1|404|206|NA|27022019|9|27022019|NA|NA|M|NA|NA|NA|NA|NA|NA|1201451
1|2|05082018|2030|829|290450|13072002|416|2|4|1|4|3|NA|999991|290450|1|3956369|NA|292740|NA|NA|NA|NA|NA|NA|NA|NA|NA|NA|NA|NA|NA|5|2|2|1|NA|NA|2|*R570|*J81X|*N179|*O994*I500|NA|O994|NA|30039|NA|05082018|NA|NA|NA|20190113|S|03122018|O994|16082018|5|S|S|3.2.02|3.2|8|13092019|R570/J81/N179/O994 I500|20082018|NA|NA|12|0|1|404|120|NA|03122018|6|03122018|NA|1|M|NA|NA|NA|NA|NA|NA|1202255
1|2|17092018|2047|829|292740|21051996|422|2|2|1|4|3|NA|999994|292740|1|3956369|NA|292740|NA|NA|NA|NA|NA|NA|NA|NA|NA|NA|NA|NA|NA|3|1|3|1|NA|NA|2|*A419|*O411*O065|*O429|*O309|*N390|O411|NA|28999|NA|17092018|NA|NA|NA|20190114|S|14012019|O065|26122018|2|S|S|3.2.02|3.2|8|13092019|A419/O411 O065/O429/O309*N390|04012019|NA|NA|12|0|1|361|119|NA|14012019|3|14012019|NA|3|M|NA|NA|NA|NA|NA|NA|1203519
1|2|27112018|1547|829|293060|05071973|445|2|4|1|2|1|NA|999993|291920|2|3956369|NA|292740|NA|NA|NA|NA|NA|NA|NA|NA|NA|NA|NA|NA|NA|4|2|1|1|NA|NA|2|*R090|*R570|*O994*Q213|NA|NA|O994|NA|28494|NA|27112018|NA|NA|NA|20190114|N|NA|O994|20122018|5|S|S|3.2.02|3.2|NA|13092019|R090/R570/O994 Q213|21122018|NA|NA|10|0|1|290|NA|NA|NA|NA|NA|NA|NA|NA|NA|NA|NA|NA|NA|NA|1203520
1|2|24082018|1456|829|292740|01031984|434|2|2|1|3|2|NA|NA|292740|1|0004073|NA|292740|NA|NA|NA|NA|NA|NA|NA|NA|NA|NA|NA|NA|NA|1|1|3|1|NA|NA|2|*R58X|*O009|NA|NA|NA|O009|NA|27431|NA|25082018|NA|NA|NA|20190113|S|11122018|O009|31082018|1|S|S|3.2.02|3.2|2|13092019|R58/O009|04092018|NA|NA|11|0|1|385|109|NA|19122018|3|11122018|NA|3|M|NA|NA|NA|NA|NA|NA|1203834
1|2|24112018|0100|829|293330|19121985|432|2|4|2|3|2|7|622020|290200|1|2402564|NA|293330|NA|NA|NA|NA|NA|NA|NA|NA|NA|NA|NA|NA|NA|2|1|3|1|NA|NA|2|*R092|*J960*O95X|NA|NA|NA|O95|NA|25196|NA|24112018|NA|NA|NA|20190010|S|28052019|O95|05122018|1|S|S|3.2.00|3.2|8|25062019|R092/J960 O95|10122018|NA|NA|03|0|1|213|159|NA|02052019|4|02052019|NA|1|M|NA|NA|NA|NA|NA|NA|1205718
1|2|20092018|0105|829|293080|19071998|420|2|4|4|9|9|NA|NA|293080|1|9383298|NA|292990|NA|NA|NA|NA|NA|NA|NA|NA|NA|NA|NA|NA|NA|4|2|1|NA|NA|NA|NA|*R571|*O723|*O722|NA|NA|O723|NA|27653|NA|20092018|NA|NA|NA|20190033|N|NA|O723|04102018|5|S|S|3.2.00|3.2|NA|27092019|R571/O723/O722|04102018|NA|NA|09|0|1|372|NA|NA|NA|NA|NA|NA|NA|NA|NA|NA|NA|NA|NA|NA|1206967
1|2|19102018|1915|829|291080|04071982|436|2|4|2|4|3|3|516120|291080|1|6602533|NA|291080|NA|NA|NA|NA|NA|NA|NA|NA|NA|NA|NA|NA|NA|2|1|3|1|NA|NA|2|*I64X|*O15X|*O141|NA|NA|O159|NA|31407|NA|20102018|NA|NA|NA|20190084|S|30012019|O15|23102018|5|S|S|3.2.02|3.2|8|04122019|I64/O15/O141|26102018|NA|NA|06|0|1|411|91|NA|13022019|5|18012019|NA|1|M|NA|NA|NA|NA|NA|NA|1207963
1|2|15112018|1015|829|291080|22121981|436|2|2|2|4|3|3|NA|291080|1|6602533|NA|291080|NA|NA|NA|NA|NA|NA|NA|NA|NA|NA|NA|NA|NA|1|1|3|NA|NA|NA|NA|*R688|*O150|*O109|*K769|NA|O150|NA|29896|NA|15112018|NA|NA|NA|20190084|S|01022019|O150|29112018|5|S|S|3.2.02|3.2|8|04122019|R688/O150/O109/K769|29112018|NA|NA|06|0|1|384|64|NA|13022019|5|18012019|NA|1|M|NA|NA|NA|NA|NA|NA|1208267
1|2|18112018|1005|829|293050|05021996|422|2|4|1|4|2|8|999991|293050|1|6602533|NA|291080|NA|NA|NA|NA|NA|NA|NA|NA|NA|NA|NA|NA|NA|4|2|1|1|NA|NA|NA|*R571|*O759*D589|*D571|NA|NA|O759|NA|29301|NA|18112018|NA|NA|NA|20190041|NA|NA|D589|22112018|1|S|S|3.2.00|3.2|NA|24052019|R571/O759 D589/D571|22112018|NA|NA|04|0|1|187|40|NA|28122018|5|28122018|NA|1|M|NA|NA|NA|NA|NA|NA|1208271
1|2|29112018|2315|829|292720|03031976|442|2|1|1|5|5|NA|NA|292720|1|3037495|NA|291080|NA|NA|NA|NA|NA|NA|NA|NA|NA|NA|NA|NA|NA|2|1|3|NA|NA|NA|NA|*R571|*K729|*O149|*O149|*N179*I10X|O149|NA|17548|NA|29112018|NA|NA|NA|20190041|NA|NA|O149|30112018|5|S|S|3.2.00|3.2|NA|24052019|R571/K729/O149/O149*N179 I10|04122018|NA|NA|08|0|1|176|180|NA|19062019|6|28052019|NA|1|M|NA|NA|NA|NA|NA|NA|1208369
1|2|22112018|2045|829|292720|06042003|415|2|4|1|3|2|NA|999991|292720|1|2510391|NA|292720|NA|NA|NA|NA|NA|NA|NA|NA|NA|NA|NA|NA|NA|NA|NA|NA|1|NA|NA|2|*R092|*A419|*O068|NA|NA|O068|NA|16159|NA|22112018|NA|NA|NA|20180016|NA|NA|O068|26122018|NA|S|S|3.2.00|3.2|NA|26122018|R092/A419/O068|26122018|NA|NA|11|0|1|034|194|NA|19062019|7|04062019|NA|1|M|NA|NA|NA|NA|NA|NA|1208791
1|2|05102018|1228|829|292740|17101986|431|2|4|2|5|5|NA|241005|290750|1|5136385|NA|290750|NA|NA|NA|NA|NA|NA|NA|NA|NA|NA|NA|NA|NA|4|2|1|1|NA|NA|2|*D65X|*O459|*O141|*O13X|NA|O13|NA|26864|NA|05102018|NA|NA|NA|20190025|NA|NA|O13|16102018|5|S|S|3.2.00|3.2|NA|25072019|D65/O459/O141/O13|16102018|NA|NA|08|0|1|293|4|NA|03102019|5|09102018|NA|3|M|NA|NA|NA|NA|NA|NA|1210672
1|2|15102018|1848|829|291760|03071997|421|2|NA|2|NA|NA|NA|999994|291760|1|2400693|NA|291800|NA|NA|NA|NA|NA|NA|NA|NA|NA|NA|NA|NA|NA|NA|NA|NA|NA|NA|NA|NA|*R578|*O008|NA|NA|NA|O008|NA|32463|NA|15102018|NA|NA|NA|20180012|N|NA|O008|05112018|1|S|S|3.2.00|3.2|NA|07112018|R578/O008|07112018|NA|NA|NA|0|1|023|322|NA|06112019|1|02092019|NA|1|M|NA|NA|NA|NA|NA|NA|1212701
1|2|21102018|0905|832|320530|11071991|427|2|1|1|3|2|NA|999992|291465|1|2802090|NA|292530|NA|NA|NA|NA|NA|NA|NA|NA|NA|NA|NA|NA|NA|4|2|1|1|NA|NA|2|*O748*R570|*Y838|*J690|*G939|*Y349*T782*B589|O748|NA|25278|NA|31102018|NA|NA|NA|20200003|S|11032019|O748|21112018|2|S|S|3.2.02|3.2|8|18022020|O748 R570/Y838/J690/G939*Y349 T782 B589|22112018|NA|NA|11|0|1|485|141|NA|22052019|5|11032019|NA|2|M|NA|NA|NA|NA|NA|NA|1213327
1|2|03122018|0750|829|292130|26041979|439|2|4|2|4|3|NA|999992|290100|1|6414702|NA|292870|NA|NA|NA|NA|NA|NA|NA|NA|NA|NA|NA|NA|NA|4|2|1|1|NA|NA|2|*A419|*J698|*O141|NA|NA|O141|NA|23923|NA|03122018|NA|NA|NA|20180045|NA|NA|O141|05122018|2|S|S|3.2.02|3.2|NA|28122018|A419/J698/O141|06122018|NA|NA|12|0|1|025|193|NA|14062019|6|14062019|NA|1|M|NA|NA|NA|NA|NA|NA|1215366
1|2|08122018|0817|825|251610|04011979|439|2|4|NA|NA|NA|NA|999992|291030|1|2799286|NA|292870|NA|NA|NA|NA|NA|NA|NA|NA|NA|NA|NA|NA|NA|4|2|1|NA|NA|NA|NA|*O152|*I10X|NA|NA|NA|O152|NA|28281|NA|23122018|NA|NA|NA|20190001|NA|NA|O152|02012019|5|S|S|3.2.02|3.2|NA|10012019|O152/I10|10012019|NA|NA|NA|0|1|033|209|NA|05072019|4|05072019|NA|1|M|NA|NA|NA|NA|NA|NA|1215390
1|2|21122018|2115|829|292910|02101979|439|2|1|2|4|3|NA|231205|292910|1|2799286|NA|292870|NA|NA|NA|NA|NA|NA|NA|NA|NA|NA|NA|NA|NA|4|2|1|1|NA|NA|2|*O141|*O152|*O16X|NA|NA|O152|NA|9997|NA|21122018|NA|NA|NA|20190001|NA|NA|O152|02012019|2|S|S|3.2.02|3.2|NA|10012019|O141/O152/O16|10012019|NA|NA|12|0|1|020|NA|NA|NA|NA|NA|NA|NA|NA|NA|NA|NA|NA|NA|NA|1215416
1|2|27102018|0820|829|292100|17101977|441|2|4|2|3|2|NA|141410|292100|5|NA|NA|292100|NA|NA|NA|NA|NA|NA|NA|NA|NA|NA|NA|NA|NA|1|1|3|NA|NA|NA|1|*J81X|*O994*I517|NA|NA|NA|O994|NA|10423|292740|27102018|NA|NA|NA|20190114|S|NA|I517|23112018|3|S|S|3.2.02|3.2|8|13092019|J81/O994 I517|26112018|NA|NA|11|0|1|321|53|NA|05122019|1|19122018|NA|1|M|NA|NA|NA|NA|NA|NA|1217099
1|2|02112018|0721|829|292740|01121987|430|2|4|5|NA|NA|NA|513425|292740|1|0003859|NA|292740|NA|NA|NA|NA|NA|NA|NA|NA|NA|NA|NA|NA|NA|2|1|3|9|NA|NA|2|*R092|*O994*I519|NA|NA|*J459|O994|NA|28806|NA|02112018|NA|NA|NA|20190137|S|23052019|O994|26112018|5|S|S|3.2.02|3.2|8|18112019|R092/O994 I519*J459|28112018|NA|NA|NA|0|1|381|202|NA|24052019|5|23052019|NA|3|M|NA|NA|NA|NA|NA|NA|1217463
1|2|09102018|1335|829|290100|25121972|445|2|2|NA|1|0|NA|521110|292740|1|0003859|NA|292740|NA|NA|NA|NA|NA|NA|NA|NA|NA|NA|NA|NA|NA|4|2|1|1|NA|NA|2|*R571|*O996*K768*I850|NA|NA|NA|O996|NA|31927|NA|09102018|NA|NA|NA|20190114|S|11122018|O996|06112018|5|S|S|3.2.02|3.2|8|13092019|R571/O996 K768 I850|13112018|NA|NA|00|0|1|339|63|NA|19122018|5|11122018|NA|3|M|NA|NA|NA|NA|NA|NA|1218606
1|2|01112018|1710|829|292740|07031982|436|2|4|4|3|2|6|NA|290570|1|2388057|NA|290570|NA|NA|NA|NA|NA|NA|NA|NA|NA|NA|NA|NA|NA|4|2|1|1|NA|NA|2|*R571|*O141|NA|NA|NA|O141|NA|32469|NA|01112018|NA|NA|NA|20180042|NA|NA|O141|07112018|2|S|S|3.2.02|3.2|NA|14112018|R571/O141|14112018|NA|NA|03|0|1|013|105|NA|05092019|5|14022019|NA|1|M|NA|NA|NA|NA|NA|NA|1219353
1|2|02082018|1750|842|421690|29011988|430|2|1|2|4|3|3|521105|432040|1|2246988|NA|431410|NA|NA|NA|NA|NA|NA|NA|NA|NA|NA|NA|NA|NA|1|1|3|1|NA|NA|2|*G932|*O994*I619|NA|NA|NA|O994|NA|41505|NA|02082018|NA|NA|NA|20190050|S|22082018|O994|07082018|5|S|S|3.2.00|3.2|3|26122019|G932/O994 I619|10082018|NA|NA|06|0|1|511|119|NA|30112018|1|29112018|NA|2|R|NA|NA|NA|NA|NA|NA|1220828
1|2|09082018|2220|843|431842|25041982|436|2|1|2|9|9|NA|611005|431842|1|2246988|NA|431410|NA|NA|NA|NA|NA|NA|NA|NA|NA|NA|NA|NA|NA|4|2|1|1|NA|NA|2|*R688|*R571|*Y836|*O721|*D65X|O721|NA|13320|NA|09082018|NA|NA|NA|20190050|S|22082018|O722|14082018|1|S|S|3.2.00|3.2|3|26122019|R688/R571/Y836/O721*D65|17082018|NA|NA|09|0|1|504|120|NA|17012019|5|07122018|NA|2|R|NA|NA|NA|NA|NA|NA|1220855
1|2|23072018|0645|843|431450|01081991|426|2|1|1|4|2|8|999992|430435|1|2261987|NA|430160|NA|NA|NA|NA|NA|NA|NA|NA|NA|NA|NA|NA|NA|4|2|1|1|NA|NA|2|*R092|*R571|*O722|NA|NA|O722|NA|14960|NA|23072018|NA|NA|NA|20180029|S|13092018|R571|06082018|1|S|S|3.2.00|3.2|1|25092018|R092/R571/O722|13082018|NA|NA|04|0|1|064|51|NA|14092018|5|12092018|NA|3|R|NA|NA|NA|NA|NA|NA|1221520
1|2|12112018|0600|843|430610|13121976|441|2|1|2|5|5|NA|999992|432100|3|NA|NA|432100|NA|NA|NA|NA|NA|NA|NA|NA|NA|NA|NA|NA|NA|1|1|3|NA|NA|NA|NA|*R99X|*O993|NA|NA|NA|O993|NA|28722|NA|12112018|NA|NA|NA|20190032|S|08082019|R99|17122018|5|S|S|3.2.00|3.2|1|19082019|R99/O993|21122018|NA|NA|08|0|1|280|254|NA|08082019|1|24072019|NA|2|R|NA|NA|NA|NA|NA|NA|1222304
1|2|11122018|1145|843|431125|19072001|417|2|4|1|9|9|NA|999992|431125|1|2246988|NA|431410|NA|NA|NA|NA|NA|NA|NA|NA|NA|NA|NA|NA|NA|4|2|1|1|NA|NA|2|*A419|*R571|*D65X|*O460|*O821|O460|NA|35784|NA|11122018|NA|NA|NA|20200007|S|14122018|O460|18122018|1|S|S|3.2.00|3.2|3|14022020|A419/R571/D65/O460*O821|21122018|NA|NA|09|0|1|430|205|NA|08072019|5|04072019|NA|2|R|NA|NA|NA|NA|NA|NA|1223985
1|2|01102018|2235|843|431960|10111975|442|2|3|1|2|1|NA|999992|432345|1|2248204|NA|431830|NA|NA|NA|NA|NA|NA|NA|NA|NA|NA|NA|NA|NA|4|2|1|2|NA|NA|2|*O141|NA|NA|NA|NA|O141|NA|34484|NA|01102018|NA|NA|NA|20190032|S|27062019|O141|06112018|1|S|S|3.2.00|3.2|8|14112019|O141|06112018|NA|NA|10|0|1|409|269|NA|12092019|5|27062019|NA|1|R|NA|NA|NA|NA|NA|NA|1224290
1|2|22112018|0835|842|420700|12011988|430|2|1|4|9|9|NA|512105|430510|3|NA|NA|430510|NA|NA|NA|NA|NA|NA|NA|NA|NA|NA|NA|NA|NA|1|1|3|1|NA|NA|1|*O95X|NA|NA|NA|*J459|O95|NA|17476|430510|22112018|NA|NA|NA|20180050|N|NA|O95|30112018|3|S|S|3.2.00|3.2|NA|03122018|O95*J459|03122018|NA|NA|09|0|1|011|27|NA|20122018|1|19122018|NA|1|M|NA|NA|NA|NA|NA|NA|1225303
1|2|25122018|1020|813|130260|07011997|421|2|4|1|3|2|NA|999992|130260|1|3151794|NA|130260|NA|NA|NA|NA|NA|NA|NA|NA|NA|NA|NA|NA|NA|4|2|1|1|NA|NA|2|*R688|*A418|*J188|*O990|*D550|O990|NA|3854|NA|25122018|NA|NA|NA|20190015|S|11022019|O990|08012019|1|S|S|3.2.00|3.2|8|05042019|R688/A418/J188/O990*D550|14012019|NA|NA|11|0|1|101|48|NA|03042019|5|11022019|NA|1|M|NA|NA|NA|NA|NA|NA|1229229
1|2|30092018|1500|813|130340|13111979|438|2|4|1|3|2|7|622005|130340|5|NA|NA|130340|NA|NA|NA|NA|NA|NA|NA|NA|NA|NA|NA|NA|NA|2|1|3|2|NA|NA|2|*O751|*O720|NA|NA|NA|O720|NA|511|130340|12112018|NA|NA|NA|20190012|S|30092018|O720|23112018|3|S|S|3.2.00|3.2|3|30042019|O751/O720|29112018|NA|NA|03|0|1|212|0|NA|07012019|4|30092018|NA|1|M|NA|NA|NA|NA|NA|NA|1229698
1|2|11102018|0245|812|120040|06051972|446|2|4|5|2|1|NA|999992|120040|1|2000733|NA|120040|NA|NA|NA|NA|NA|NA|NA|NA|NA|NA|NA|NA|NA|1|1|3|1|NA|NA|2|*R571|*O469|*O036|NA|NA|O469|NA|367|NA|11102018|NA|NA|NA|20190004|S|28022019|O469|24102018|1|S|S|3.2.00|3.2|8|28022019|R571/O469/O036|07112018|NA|NA|10|0|1|140|140|NA|07032019|1|28022019|NA|2|M|NA|NA|NA|NA|NA|NA|1230354
1|2|23102018|1025|815|150320|27092000|418|2|4|9|9|9|NA|999991|150320|1|0007684|NA|150240|NA|NA|NA|NA|NA|NA|NA|NA|NA|NA|NA|NA|NA|4|2|1|1|NA|NA|2|*O994*I514*I509*R570|NA|NA|NA|NA|O994|NA|93150|NA|23102018|NA|NA|NA|20190069|S|11122018|I509|31102018|5|S|S|3.2.00|3.2|3|22082019|O994 I514 I509 R570|05112018|NA|NA|09|0|1|303|NA|NA|11122018|5|NA|NA|1|M|NA|NA|NA|NA|NA|NA|1231508
1|2|12112018|0630|815|150220|21021997|421|2|4|5|4|3|3|622020|150195|1|7360347|NA|150220|NA|NA|NA|NA|NA|NA|NA|NA|NA|NA|NA|NA|NA|NA|NA|NA|1|NA|NA|2|*R092|*O150|NA|NA|NA|O150|NA|2221|NA|12112018|NA|NA|NA|20180018|N|NA|O150|20112018|1|S|S|3.2.00|3.2|NA|21122018|R092/O150|21122018|NA|NA|06|0|1|039|245|NA|01082019|5|15072019|NA|1|M|NA|NA|NA|NA|NA|NA|1232247
1|2|21112018|1855|NA|NA|21121987|430|2|4|5|3|1|4|612005|150610|1|2678403|NA|150170|NA|NA|NA|NA|NA|NA|NA|NA|NA|NA|NA|NA|NA|2|1|3|1|NA|NA|2|*O141|NA|NA|NA|NA|O141|NA|5843|NA|21112018|NA|NA|NA|20180027|NA|NA|O141|07122018|NA|S|S|3.2.00|3.2|NA|07122018|O141|07122018|NA|NA|02|0|1|016|266|NA|14082019|7|14082019|NA|1|M|NA|NA|NA|NA|NA|NA|1232368
1|2|30112018|1800|815|150330|09031992|426|2|1|1|4|3|NA|521130|150010|5|NA|NA|150130|NA|NA|NA|NA|NA|NA|NA|NA|NA|NA|NA|NA|NA|9|9|9|9|NA|NA|9|*R58X|*O009*N839|NA|NA|NA|O009|NA|10349|150010|01122018|NA|NA|NA|20190003|N|NA|N839|24012019|3|S|S|3.2.00|3.2|NA|08032019|R58/O009 N839|08032019|NA|NA|12|0|1|098|NA|NA|NA|NA|NA|NA|NA|NA|NA|NA|NA|NA|NA|NA|1232938
1|2|19102018|1705|815|150020|25042000|418|2|4|1|3|2|NA|999992|150020|1|2752700|NA|150140|NA|NA|NA|NA|NA|NA|NA|NA|NA|NA|NA|NA|NA|8|2|3|1|NA|NA|2|*I499|*R688|*I619|*O998*C710|NA|O998|NA|4851|NA|19102018|NA|NA|NA|20190006|NA|NA|O998|31102018|2|S|S|3.2.00|3.2|NA|30012019|I499/R688/I619/O998 C710|31102018|NA|NA|11|0|1|103|18|NA|30042019|5|06112018|NA|3|M|NA|NA|NA|NA|NA|NA|1233374
1|2|22102018|0005|815|150020|29081991|427|2|4|2|4|3|NA|999992|150140|2|2752700|NA|150140|NA|NA|NA|NA|NA|NA|NA|NA|NA|NA|NA|NA|NA|4|2|1|1|NA|NA|2|*T811|*O721|*O459|*O266|*N179*O829*Y836|O459|NA|4788|NA|22102018|NA|NA|NA|20200017|S|13112018|O722|24102018|2|S|S|3.2.00|3.2|8|17022020|T811/O721/O459/O266*N179 O829 Y836|25102018|NA|NA|12|0|1|483|22|NA|15052019|5|13112018|NA|2|M|NA|NA|NA|NA|NA|NA|1233380
1|2|29102018|0130|815|150140|25111985|432|2|4|1|4|3|NA|354705|150140|1|2752700|NA|150140|NA|NA|NA|NA|NA|NA|NA|NA|NA|NA|NA|NA|NA|4|2|1|1|NA|NA|2|*T811|*J690|*O864|*O429|*O829*Y838|O864|NA|6995|NA|29102018|NA|NA|NA|20200017|S|23112018|O995|07112018|5|S|S|3.2.00|3.2|8|17022020|T811/J690/O864/O429*O829 Y838|08112018|NA|NA|12|0|1|476|25|NA|04072019|5|23112018|NA|2|E|NA|NA|NA|NA|NA|NA|1233589
1|2|05112018|2330|815|150140|20121999|418|2|4|5|3|2|NA|354705|150140|1|2752700|NA|150140|NA|NA|NA|NA|NA|NA|NA|NA|NA|NA|NA|NA|NA|4|2|1|1|NA|NA|2|*A419|*J939|*J189|*O141|*O829|O141|NA|4360|NA|05112018|NA|NA|NA|20200015|S|09012019|O903|08112018|5|S|S|3.2.00|3.2|8|17022020|A419/J939/J189/O141*O829|19112018|NA|NA|11|0|1|469|65|NA|18022019|5|09012019|NA|2|M|NA|NA|NA|NA|NA|NA|1233874
1|2|10112018|2100|815|150140|24031993|425|2|1|5|4|3|NA|354705|150080|1|2752700|NA|150140|NA|NA|NA|NA|NA|NA|NA|NA|NA|NA|NA|NA|NA|4|2|1|1|NA|NA|2|NA|*I619|*O152|*O13X|NA|O152|NA|6799|NA|10112018|NA|NA|NA|20200015|S|17022020|O150|19112018|2|S|S|3.2.00|3.2|3|17022020|/I619/O152/O13|20112018|NA|NA|12|0|1|464|163|NA|22042019|5|22042019|NA|2|M|NA|NA|NA|NA|NA|NA|1233884
1|2|05122018|0900|815|150140|04021988|430|2|4|5|4|3|NA|NA|150442|1|7283458|NA|150080|NA|NA|NA|NA|NA|NA|NA|NA|NA|NA|NA|NA|NA|4|2|1|1|NA|NA|2|*O871|*O622|*O820|NA|*O622|O871|NA|9627|NA|05122018|NA|NA|NA|20190021|S|17052019|O622|10122018|1|S|S|3.2.02|3.2|3|29052019|O871/O622/O820*O622|18122018|NA|NA|12|0|1|175|161|NA|22052019|4|15052019|NA|2|M|NA|NA|NA|NA|NA|NA|1234024
1|2|18112018|2018|821|210620|01051986|432|2|4|5|4|3|NA|521110|210620|1|2337339|NA|150140|NA|NA|NA|NA|NA|NA|NA|NA|NA|NA|NA|NA|NA|4|2|1|2|NA|NA|1|*A419|*O995*J984|NA|*O829|NA|O995|NA|6081|150140|19112018|NA|NA|NA|20200015|S|17022020|O995|23112018|4|S|S|3.2.00|3.2|3|17022020|A419/O995 J984/ /O829|28112018|NA|NA|12|0|1|456|225|NA|01072019|5|01072019|NA|1|M|NA|NA|NA|NA|NA|NA|1234358
1|2|26122018|0730|815|150140|12062001|417|2|4|1|3|1|4|999991|150130|1|9617868|NA|150140|NA|NA|NA|NA|NA|NA|NA|NA|NA|NA|NA|NA|NA|1|1|3|2|NA|NA|1|*R571|*R58X|*O001|NA|NA|O001|NA|792|150140|26122018|NA|NA|NA|20190015|S|16012019|O001|09012019|4|S|S|3.2.00|3.2|8|28022019|R571/R58/O001|23012019|NA|NA|02|0|1|064|21|NA|14022019|7|16012019|NA|1|M|NA|NA|NA|NA|NA|NA|1234496
1|2|21112018|0315|815|150210|08011999|419|2|1|5|4|3|NA|999991|150130|1|2752700|NA|150140|NA|NA|NA|NA|NA|NA|NA|NA|NA|NA|NA|NA|NA|3|1|3|1|NA|NA|2|*R092|*I619|*O994*I609|NA|NA|O994|NA|7679|NA|21112018|NA|NA|NA|20190050|S|24072019|I619|22112018|5|S|S|3.2.00|3.2|3|19082019|R092/I619/O994 I609|28112018|NA|NA|12|0|1|271|316|NA|28112019|2|03102019|NA|2|M|NA|NA|NA|NA|NA|NA|1234737
1|2|02122018|0510|815|150140|22021994|424|2|4|1|4|3|NA|999992|150140|1|2752700|NA|150140|NA|NA|NA|NA|NA|NA|NA|NA|NA|NA|NA|NA|NA|4|2|1|1|NA|NA|2|*J81X|*O152|NA|NA|*O829*E669|O152|NA|4190|NA|02122018|NA|NA|NA|20200015|S|23012019|O150|07122018|2|S|S|3.2.00|3.2|8|17022020|J81/O152*O829 E669|17122018|NA|NA|12|0|1|442|52|NA|02052019|5|23012019|NA|3|M|NA|NA|NA|NA|NA|NA|1234977
1|2|20112018|1631|815|150120|23031990|428|2|4|1|5|5|NA|NA|150120|5|NA|NA|150080|NA|NA|NA|NA|NA|NA|NA|NA|NA|NA|NA|NA|NA|4|2|1|2|NA|NA|1|*O990|*O722|*O629|NA|NA|O990|NA|3225|150140|21112018|NA|NA|NA|20190049|NA|NA|O990|30112018|3|S|S|3.2.02|3.2|NA|11122019|O990/O722/O629|18122018|NA|NA|08|0|1|386|81|NA|29112019|5|09022019|NA|1|E|NA|NA|NA|NA|NA|NA|1235013
1|2|17122018|2047|815|150330|30011991|427|2|4|1|4|3|NA|999992|150140|1|2752700|NA|150140|NA|NA|NA|NA|NA|NA|NA|NA|NA|NA|NA|NA|NA|4|2|1|1|NA|NA|2|*A419|*J189|NA|*O230*B24X|NA|O230|NA|6995|NA|17122018|NA|NA|NA|20200015|S|08012019|J189|21122018|2|S|S|3.2.00|3.2|8|17022020|A419/J189/ /O230 B24|02012019|NA|NA|12|0|1|427|22|NA|02052019|5|08012019|NA|2|M|NA|NA|NA|NA|NA|NA|1235443
1|2|26122018|2030|815|150140|18091980|438|2|4|1|2|1|NA|322205|150140|1|2752700|NA|150140|NA|NA|NA|NA|NA|NA|NA|NA|NA|NA|NA|NA|NA|3|1|3|1|NA|NA|2|*A419|*L023|*O241|NA|*O021*O13X|O241|NA|4190|NA|26122018|NA|NA|NA|20190030|S|30012019|N768|02012019|2|S|S|3.2.00|3.2|8|15052019|A419/L023/O241*O021 O13|03012019|NA|NA|10|0|1|140|35|NA|27022019|3|30012019|NA|3|M|NA|NA|NA|NA|NA|NA|1235840
1|2|18112018|2330|815|150360|05051991|427|2|1|5|4|3|3|322205|150277|1|2614634|NA|150553|NA|NA|NA|NA|NA|NA|NA|NA|NA|NA|NA|NA|NA|2|1|3|1|NA|NA|2|*O754|*O751|NA|NA|NA|O751|NA|6262|NA|18112018|NA|NA|NA|20190004|S|23012019|O751|22112018|1|S|S|3.2.02|3.2|8|08022019|O754/O751|29112018|NA|NA|06|0|1|082|72|NA|29012019|4|29012019|NA|1|M|NA|NA|NA|NA|NA|NA|1236393
1|2|31122018|2315|815|150370|17021999|419|2|4|5|2|1|NA|NA|150420|1|2615797|NA|150420|NA|NA|NA|NA|NA|NA|NA|NA|NA|NA|NA|NA|NA|1|1|3|1|NA|NA|9|*R571|*O208|*O009|NA|NA|O208|NA|NA|NA|01012019|NA|NA|NA|20190047|S|22012019|O208|09012019|5|S|S|3.2.02|3.2|3|26112019|R571/O208/O009|15012019|NA|NA|10|0|1|330|22|NA|23012019|1|22012019|NA|1|M|NA|NA|NA|NA|NA|NA|1237373
1|2|30092018|1530|821|210637|12101985|432|2|4|5|1|0|NA|622005|150510|1|2332299|NA|150510|NA|NA|NA|NA|NA|NA|NA|NA|NA|NA|NA|NA|NA|2|1|3|1|NA|NA|2|*R092|*R571|*O622|NA|NA|O622|NA|5157|NA|03102018|NA|NA|NA|20180025|S|25102018|O622|08102018|1|S|S|3.2.00|3.2|2|19122018|R092/R571/O622|23102018|NA|NA|00|0|1|080|25|NA|28122018|4|25102018|NA|1|M|NA|NA|NA|NA|NA|NA|1237661
1|2|08112018|1903|815|150680|09092000|418|2|1|5|3|2|NA|999992|150680|1|2329905|NA|150680|NA|NA|NA|NA|NA|NA|NA|NA|NA|NA|NA|NA|NA|4|2|1|1|NA|NA|2|*R578|*O721|*O809|NA|NA|O721|NA|11628|NA|08112018|NA|NA|NA|20180088|S|13112018|O721|12112018|2|S|S|3.2.02|3.2|8|29112018|R578/O721/O809|14112018|NA|NA|11|0|1|021|5|NA|26112018|5|13112018|NA|1|M|NA|NA|NA|NA|NA|NA|1237839
1|2|14112018|1340|815|150680|03091987|431|2|4|2|3|2|NA|999992|150145|1|2329905|NA|150680|NA|NA|NA|NA|NA|NA|NA|NA|NA|NA|NA|NA|NA|1|1|3|1|NA|NA|2|*R570|*O150|NA|NA|NA|O150|NA|12005|NA|14112018|NA|NA|NA|20180086|NA|NA|O150|19112018|1|S|S|3.2.02|3.2|NA|28112018|R570/O150|28112018|NA|NA|11|0|1|014|2|NA|08112019|1|16112018|NA|1|M|NA|NA|NA|NA|NA|NA|1237929
1|2|18112018|0550|815|150145|11021991|427|2|4|NA|4|3|NA|999992|150680|1|2329905|NA|150680|NA|NA|NA|NA|NA|NA|NA|NA|NA|NA|NA|NA|NA|5|2|2|1|NA|NA|2|*I269|*O228|NA|NA|NA|O228|NA|11300|NA|18112018|NA|NA|NA|20180090|S|28112018|I269|19112018|2|S|S|3.2.02|3.2|8|17122018|I269/O228|28112018|NA|NA|12|0|1|029|10|NA|03122018|6|28112018|NA|2|M|NA|NA|NA|NA|NA|NA|1238078
1|2|21112018|0934|821|210005|06042000|418|2|1|1|3|2|5|621005|210005|1|9065768|NA|210530|NA|NA|NA|NA|NA|NA|NA|NA|NA|NA|NA|NA|NA|4|2|1|1|NA|NA|2|*O751|*O996|*O85X|*O038|NA|O996|NA|8175|NA|21112018|NA|NA|NA|20180022|NA|NA|O996|23112018|5|S|S|3.2.02|3.2|NA|07122018|O751/O996/O85/O038|07122018|NA|NA|03|0|1|016|204|NA|19062019|5|13062019|NA|1|M|NA|NA|NA|NA|NA|NA|1238808
1|2|03122018|1000|822|220390|01041981|437|2|4|1|4|2|8|999992|210530|1|2452383|NA|210530|NA|NA|NA|NA|NA|NA|NA|NA|NA|NA|NA|NA|NA|1|1|3|1|NA|NA|1|*O751|*O998|NA|NA|NA|O998|NA|4961|210530|03122018|NA|NA|NA|20180022|NA|NA|O998|06122018|4|S|S|3.2.02|3.2|NA|07122018|O751/O998|07122018|NA|NA|04|0|1|004|11|NA|11012019|1|14122018|NA|1|M|NA|NA|NA|NA|NA|NA|1239044
1|2|05112018|0103|821|210990|15101991|427|2|4|1|3|1|4|621005|210850|1|2772299|NA|210990|NA|NA|NA|NA|NA|NA|NA|NA|NA|NA|NA|NA|NA|2|1|3|1|NA|NA|2|*O151|*O149|NA|NA|NA|O151|NA|3133|NA|05112018|NA|NA|NA|20190002|S|05112018|O151|22112018|1|S|S|3.2.02|3.2|3|25032019|O151/O149|30112018|NA|NA|02|0|1|140|0|NA|08032019|4|05112018|NA|1|M|NA|NA|NA|NA|NA|NA|1240109
1|2|09122018|1234|822|221100|14021991|427|2|2|1|5|5|NA|999991|211130|1|2726653|NA|211130|NA|NA|NA|NA|NA|NA|NA|NA|NA|NA|NA|NA|NA|1|1|3|1|NA|NA|2|*R578|*A419|*O998|*K350|NA|O998|NA|3470|NA|09122018|NA|NA|NA|20180052|NA|NA|O998|18122018|2|S|S|3.2.02|3.2|NA|27122018|R578/A419/O998/K350|27122018|NA|NA|08|0|1|018|32|NA|10012019|5|10012019|NA|1|M|NA|NA|NA|NA|NA|NA|1240739
1|2|26122018|2050|814|140010|30031999|419|2|1|1|4|3|3|999991|210120|1|2309254|NA|211130|NA|NA|NA|NA|NA|NA|NA|NA|NA|NA|NA|NA|NA|8|2|3|1|NA|NA|2|*A419|*J984|*J180|NA|*O601*B24X|O601|NA|5273|NA|27122018|NA|NA|NA|20190002|NA|NA|B207|07012019|2|S|S|3.2.02|3.2|NA|09012019|A419/J984/J180*O601 B24|09012019|NA|NA|06|0|1|014|61|NA|25022019|1|25022019|NA|1|M|NA|NA|NA|NA|NA|NA|1240764
1|2|27122018|1940|821|211130|20121981|437|2|4|1|3|1|4|999992|211130|1|2309254|NA|211130|NA|NA|NA|NA|NA|NA|NA|NA|NA|NA|NA|NA|NA|4|2|1|1|NA|NA|2|*O109|*D65X|*R17X|*K800|*O829|O109|NA|5273|NA|27122018|NA|NA|NA|20190021|NA|NA|O109|07012019|1|S|S|3.2.02|3.2|NA|03062019|O109/D65/R17/K800*O829|09012019|NA|NA|02|0|1|158|20|NA|07012020|5|16012019|NA|1|M|NA|NA|NA|NA|NA|NA|1240765
1|2|14122018|1550|821|211240|24071984|434|2|4|5|1|0|NA|999993|210630|1|2309513|NA|210630|NA|NA|NA|NA|NA|NA|NA|NA|NA|NA|NA|NA|NA|2|1|3|1|NA|NA|NA|*R092|*I219|*O159|NA|NA|O159|NA|6703|NA|18122018|NA|NA|NA|20190001|NA|NA|O159|15012019|1|S|S|3.2.02|3.2|NA|15012019|R092/I219/O159|15012019|NA|NA|00|0|1|032|96|NA|20052019|4|20032019|NA|1|M|NA|NA|NA|NA|NA|NA|1241401
1|2|20082018|0540|821|210690|24021976|442|2|4|2|5|5|NA|232115|210850|1|9077413|NA|210990|NA|NA|NA|NA|NA|NA|NA|NA|NA|NA|NA|NA|NA|8|2|3|1|NA|NA|2|*A419|*O021|NA|NA|NA|O021|NA|6545|NA|20082018|NA|NA|NA|20190002|S|20082018|O021|19122018|5|S|S|3.2.02|3.2|3|25032019|A419/O021|21122018|NA|NA|08|0|1|217|94|NA|08032019|3|22112018|NA|1|M|NA|NA|NA|NA|NA|NA|1242139
1|2|29122018|0318|821|211130|16032001|417|2|4|1|4|3|NA|999991|211130|1|2308762|NA|211130|NA|NA|NA|NA|NA|NA|NA|NA|NA|NA|NA|NA|NA|NA|NA|NA|1|NA|NA|1|*I269|*O001|NA|NA|NA|O001|NA|1081|211130|29122018|NA|NA|NA|20190002|S|29122018|O001|07012019|4|S|S|3.2.02|3.2|5|09012019|I269/O001|09012019|NA|NA|12|0|1|011|17|NA|31012019|3|15012019|NA|1|M|NA|NA|NA|NA|NA|NA|1242686
1|2|13112018|2300|822|221100|03121978|439|2|4|5|3|2|NA|513205|221100|1|2679639|NA|221100|NA|NA|NA|NA|NA|NA|NA|NA|NA|NA|NA|NA|NA|1|1|3|1|NA|NA|2|*I312|*D65X|*O230|*O109|NA|O230|NA|2125|221100|14112018|NA|NA|NA|20190021|S|14122018|O998|06122018|4|S|S|3.2.00|3.2|8|15022019|I312/D65/O230/O109|06122018|NA|NA|11|0|1|094|31|NA|09012019|1|14122018|NA|1|M|NA|NA|NA|NA|NA|NA|1244023
1|2|16122018|1845|823|230440|17111994|424|2|4|1|4|3|NA|622005|230495|1|2481286|NA|230440|NA|NA|NA|NA|NA|NA|NA|NA|NA|NA|NA|NA|NA|4|2|1|1|NA|NA|2|*G931|NA|*G936|*O159|NA|O159|NA|6254|NA|17122018|NA|NA|NA|20190002|NA|NA|O159|19122018|2|S|S|3.2.00|NA|NA|31012019|G931/ /G936/O159|28122018|NA|NA|12|0|1|046|NA|NA|NA|NA|NA|NA|NA|NA|NA|NA|NA|NA|NA|NA|1245606
1|2|30122018|2150|823|231390|25032001|417|2|4|1|3|2|NA|999992|231390|1|2497654|NA|230440|NA|NA|NA|NA|NA|NA|NA|NA|NA|NA|NA|NA|NA|4|2|1|1|NA|NA|2|*O998*C480|NA|NA|NA|NA|O998|NA|15173|NA|30122018|NA|NA|NA|20190026|S|16012019|C480|03012019|5|S|S|3.2.00|NA|3|11072019|O998 C480|31012019|NA|NA|11|0|1|193|15|NA|20022019|5|14012019|NA|1|M|NA|NA|NA|NA|NA|NA|1245918
1|2|04122018|1810|823|230210|06081990|428|2|4|1|3|2|NA|622005|230210|1|7047428|NA|230440|NA|NA|NA|NA|NA|NA|NA|NA|NA|NA|NA|NA|NA|4|2|1|1|NA|NA|1|*R578|*K661|*K711|*O996|NA|O996|NA|8740|230440|05122018|NA|NA|NA|20190041|S|01022019|K711|14122018|4|S|S|3.2.00|NA|8|22112019|R578/K661/K711/O996|28122018|NA|NA|11|0|1|353|59|NA|23072019|5|01022019|NA|2|M|NA|NA|NA|NA|NA|NA|1246009
1|2|02112018|2206|823|230440|09111981|436|2|4|2|3|2|NA|512110|230440|2|6999506|NA|230440|NA|NA|NA|NA|NA|NA|NA|NA|NA|NA|NA|NA|NA|1|1|3|1|NA|NA|1|*R571|*D65X|*O459|NA|NA|O459|NA|15336|230440|03112018|NA|NA|NA|20190007|S|13022019|O459|03122018|4|S|S|3.2.00|NA|8|18022019|R571/D65/O459|28122018|NA|NA|11|0|1|108|103|NA|13022019|1|13022019|NA|1|M|NA|NA|NA|NA|NA|NA|1246354
1|2|03112018|2335|823|230680|19111992|425|2|4|1|3|2|NA|999992|230760|1|2481286|NA|230440|NA|NA|NA|NA|NA|NA|NA|NA|NA|NA|NA|NA|NA|NA|NA|NA|1|NA|NA|1|*I269|*O994|NA|NA|NA|O994|NA|5959|230440|04112018|NA|NA|NA|20190045|S|09102019|I269|30052019|4|S|S|3.2.00|NA|8|19122019|I269/O994|05062019|NA|NA|11|0|1|411|340|NA|09102019|5|09102019|NA|1|M|NA|NA|NA|NA|NA|NA|1246356
1|2|14122018|0340|823|230820|04081987|431|2|4|2|5|5|NA|333115|230820|1|6848710|NA|231290|NA|NA|NA|NA|NA|NA|NA|NA|NA|NA|NA|NA|NA|8|2|3|1|NA|NA|2|*R571|*D759|*N179|*O998*N019|NA|O998|NA|10855|NA|14122018|NA|NA|NA|20190013|S|11022019|N019|19122018|1|S|S|3.2.00|3.2|8|01082019|R571/D759/N179/O998 N019|21122018|NA|NA|08|0|1|230|59|NA|28062019|6|11022019|NA|1|M|NA|NA|NA|NA|NA|NA|1246478
1|2|08122018|0610|823|230435|21101983|435|2|4|2|3|2|NA|999992|230435|1|3021114|NA|231290|NA|NA|NA|NA|NA|NA|NA|NA|NA|NA|NA|NA|NA|5|2|2|1|NA|NA|2|*R571|*O994*I710|NA|NA|NA|O994|NA|13886|NA|08122018|NA|NA|NA|20190013|S|13122018|O994|21122018|1|S|S|3.2.00|3.2|2|01082019|R571/O994 I710|15012019|NA|NA|11|0|1|236|5|NA|25012019|4|13122018|NA|1|M|NA|NA|NA|NA|NA|NA|1246610
1|2|13092018|0615|823|230270|17111977|440|2|4|1|3|1|4|999992|230130|1|2415488|NA|230420|NA|NA|NA|NA|NA|NA|NA|NA|NA|NA|NA|NA|NA|4|2|1|1|NA|NA|1|*A419|*O864|*O730|NA|*R760*N179|O864|NA|10244|230190|13092018|NA|NA|NA|20190012|S|18122018|O864|17092018|4|S|S|3.2.00|3.2|8|26032019|A419/O864/O730*R760 N179|24092018|NA|NA|02|0|1|194|96|NA|09012019|5|18122018|NA|2|R|NA|NA|NA|NA|NA|NA|1246868
1|2|14092018|1528|823|230330|15102001|416|2|4|1|4|2|8|999991|231325|1|2415488|NA|230420|NA|NA|NA|NA|NA|NA|NA|NA|NA|NA|NA|NA|NA|4|2|1|1|NA|NA|1|*R571|*O721|*O712|NA|*D65X*N390|O721|NA|11890|230190|15092018|NA|NA|NA|20190012|S|18122018|O721|17092018|4|S|S|3.2.00|3.2|8|26032019|R571/O721/O712*D65 N390|24092018|NA|NA|04|0|1|193|95|NA|14032019|5|18122018|NA|1|M|NA|NA|NA|NA|NA|NA|1246872
1|2|31122018|1707|823|230650|05071982|436|2|1|2|4|3|NA|421125|230650|2|9411798|NA|230765|NA|NA|NA|NA|NA|NA|NA|NA|NA|NA|NA|NA|NA|1|1|3|1|NA|NA|1|*R571|*K661|*O001|NA|NA|O001|NA|5959|230440|31122018|NA|NA|NA|20190021|S|13032019|O001|07012019|4|S|S|3.2.00|NA|8|30052019|R571/K661/O001|31012019|NA|NA|12|0|1|150|70|NA|13032019|1|11032019|NA|2|M|NA|NA|NA|NA|NA|NA|1248690
1|2|23122018|2107|823|231330|23092000|418|2|4|1|4|3|NA|999991|230150|1|2497654|NA|230440|NA|NA|NA|NA|NA|NA|NA|NA|NA|NA|NA|NA|NA|4|2|1|1|NA|NA|2|*J150|*I678|*I619|*O994|NA|O994|NA|10833|NA|24122018|NA|NA|NA|20190031|S|04012019|O994|27122018|5|S|S|3.2.00|NA|8|05092019|J150/I678/I619/O994|31012019|NA|NA|12|0|1|256|80|NA|02082019|5|13032019|NA|3|M|NA|NA|NA|NA|NA|NA|1249377
1|2|24122018|2346|823|231130|06051982|436|2|1|2|5|5|NA|NA|231130|1|2328399|NA|231130|NA|NA|NA|NA|NA|NA|NA|NA|NA|NA|NA|NA|NA|4|2|1|1|NA|NA|1|*J960|*J81X|*O109|NA|NA|O109|NA|14257|230440|25122018|NA|NA|NA|20190036|S|11012019|O109|09012019|4|S|S|3.2.00|NA|8|17102019|J960/J81/O109|31012019|NA|NA|08|0|1|297|18|NA|30092019|5|11012019|NA|1|R|NA|NA|NA|NA|NA|NA|1249608
1|2|08092018|1535|823|231290|26011998|420|2|NA|1|3|2|NA|999992|230800|1|3021114|NA|231290|NA|NA|NA|NA|NA|NA|NA|NA|NA|NA|NA|NA|NA|4|2|1|1|NA|NA|2|*O988|*O85X|NA|NA|NA|O988|NA|14570|NA|08092018|NA|NA|NA|20190011|S|17102018|O85|14092018|1|S|S|3.2.00|3.2|8|09072019|O988/O85|26092018|NA|NA|11|0|1|304|40|NA|05112018|5|18102018|NA|1|M|NA|NA|NA|NA|NA|NA|1250655
1|2|18102018|1430|822|220200|25081976|442|2|4|1|9|9|NA|999992|230190|1|2564211|NA|230190|NA|NA|NA|NA|NA|NA|NA|NA|NA|NA|NA|NA|NA|4|2|1|NA|NA|NA|NA|*R571|*O821|*Y836|*O341|NA|O341|NA|10499|NA|18102018|NA|NA|NA|20180047|S|27112018|O341|23102018|2|S|S|3.2.00|3.2|8|17122018|R571/O821/Y836/O341|31102018|NA|NA|09|0|1|060|40|NA|03122018|5|27112018|NA|1|M|NA|NA|NA|NA|NA|NA|1251241
1|2|19102018|1044|823|230190|24101989|428|2|4|1|5|5|NA|999991|230190|1|2564211|NA|230190|NA|NA|NA|NA|NA|NA|NA|NA|NA|NA|NA|NA|NA|4|2|1|1|NA|NA|1|*I319|*I301|*O85X|NA|NA|O85|NA|10244|230190|19102018|NA|NA|NA|20180045|S|14112018|O85|23102018|4|S|S|3.2.00|3.2|8|23112018|I319/I301/O85|31102018|NA|NA|08|0|1|035|26|NA|19112018|5|14112018|NA|1|M|NA|NA|NA|NA|NA|NA|1251269
1|2|06112018|2233|823|231270|05031998|420|2|4|5|4|3|NA|763010|231270|1|2497654|NA|230440|NA|NA|NA|NA|NA|NA|NA|NA|NA|NA|NA|NA|NA|1|1|3|1|NA|NA|2|*I619|*O998*C920|NA|NA|NA|O998|NA|14614|NA|06112018|NA|NA|NA|20190027|S|13112018|C920|07112018|5|S|S|3.2.00|NA|3|16082019|I619/O998 C920|08112018|NA|NA|12|0|1|283|79|NA|10102019|1|24012019|NA|2|M|NA|NA|NA|NA|NA|NA|1252176
1|2|08122018|0900|823|230730|31051999|419|2|1|1|3|2|NA|999991|230730|3|NA|NA|230730|NA|NA|NA|NA|NA|NA|NA|NA|NA|NA|NA|NA|NA|1|1|3|9|NA|NA|1|*I269|*E878|*O988*A09X|NA|*R631*D649*F99X|O988|NA|2677|230190|09122018|NA|NA|NA|20190047|S|02012019|A09|19122018|4|S|S|3.2.00|3.2|8|25112019|I269/E878/O988 A09*R631 D649 F99|28122018|NA|NA|11|0|1|352|25|NA|19032019|1|02012019|NA|2|M|NA|NA|NA|NA|NA|NA|1252489
1|2|27112018|0833|823|230420|18021993|425|2|4|1|5|5|NA|421125|230420|1|2415488|NA|230420|NA|NA|NA|NA|NA|NA|NA|NA|NA|NA|NA|NA|NA|4|2|1|1|NA|NA|1|*I219|*A419|*O85X|*O864|*O266*N179|O85|NA|11890|230190|27112018|NA|NA|NA|20190006|S|18122018|O85|29112018|4|S|S|3.2.00|3.2|8|08022019|I219/A419/O85/O864*O266 N179|03122018|NA|NA|08|0|1|073|21|NA|20122018|5|18122018|NA|1|M|NA|NA|NA|NA|NA|NA|1252600
1|2|27122018|0220|823|230550|17011981|437|2|4|2|3|1|4|763210|230550|1|2675560|NA|230550|NA|NA|NA|NA|NA|NA|NA|NA|NA|NA|NA|NA|NA|1|1|3|1|NA|NA|2|*R092|*K922|*O150|NA|NA|O150|NA|5758|NA|27122018|NA|NA|NA|20190008|S|03042019|O150|27122018|1|S|S|3.2.00|3.2|3|25042019|R092/K922/O150|28122018|NA|NA|02|0|1|119|97|NA|17042019|1|03042019|NA|1|M|NA|NA|NA|NA|NA|NA|1252921
1|2|22112018|2255|823|230230|12111991|427|2|4|2|4|3|NA|999992|230230|4|NA|NA|230890|NA|NA|NA|NA|NA|NA|NA|NA|NA|NA|NA|NA|NA|4|2|1|1|NA|NA|1|*J969|*O882|*O829|NA|NA|O882|NA|5327|230440|04122018|NA|NA|NA|20190035|S|18122018|O882|18122018|3|S|S|3.2.00|NA|6|03102019|J969/O882/O829|28122018|NA|NA|12|0|1|315|67|NA|30012019|5|28012019|NA|1|M|NA|NA|NA|NA|NA|NA|1253880
1|2|26112018|1615|823|231130|31101994|424|2|4|2|3|2|NA|512105|230440|1|2497654|NA|230440|NA|NA|NA|NA|NA|NA|NA|NA|NA|NA|NA|NA|NA|1|1|3|1|NA|NA|2|*I609|*O994|NA|NA|NA|O994|NA|4970|NA|26112018|NA|NA|NA|20190007|S|05122018|I609|03122018|2|S|S|3.2.00|NA|1|18022019|I609/O994|28122018|NA|NA|11|0|1|084|39|NA|13022019|1|04012019|NA|3|M|NA|NA|NA|NA|NA|NA|1253899
1|2|04122018|2047|835|355030|28012000|418|2|1|1|3|2|NA|998999|355030|3|NA|NA|355030|NA|NA|NA|NA|NA|NA|NA|NA|NA|NA|NA|NA|NA|1|1|3|9|NA|NA|1|*O95X|*T71X|*X700|NA|NA|O95|NA|74314|355030|05122018|NA|NA|NA|20180046|N|NA|O95|10122018|3|S|S|3.2.01|3.2|NA|12122018|O95/T71/X700|12122018|NA|NA|11|0|1|008|NA|NA|NA|NA|NA|NA|NA|NA|NA|NA|NA|NA|NA|NA|1254755
1|2|05112018|0930|826|260800|26071972|446|2|4|5|3|2|NA|998999|355030|1|2082225|NA|355030|NA|NA|NA|NA|NA|NA|NA|NA|NA|NA|NA|NA|NA|4|2|1|NA|NA|NA|NA|NA|*T810|*T814|*O998*K800*Y836|*E149*I10X|O998|NA|82400|NA|05112018|NA|NA|NA|20190015|S|29032019|O758|13122018|2|S|S|3.2.01|3.2|1|10042019|/T810/T814/O998 K800 Y836*E149 I10|19122018|NA|NA|11|0|1|156|144|NA|02042019|5|29032019|NA|1|M|NA|NA|NA|NA|NA|NA|1255121
1|2|23112018|0440|822|220220|31051984|434|2|1|1|4|2|8|513425|355030|1|3045625|NA|355030|NA|NA|NA|NA|NA|NA|NA|NA|NA|NA|NA|NA|NA|4|2|1|1|NA|NA|2|*I269|*D688|*O882|NA|NA|O882|NA|189359|NA|23112018|NA|NA|NA|20190017|S|25022019|O998|29112018|2|S|S|3.2.01|3.2|1|24042019|I269/D688/O882|05122018|NA|NA|04|0|1|152|94|NA|26022019|5|25022019|NA|1|M|NA|NA|NA|NA|NA|NA|1259255
1|2|30122018|0520|835|355030|25061981|437|2|1|2|4|3|NA|998999|355030|1|2823209|NA|355030|NA|NA|NA|NA|NA|NA|NA|NA|NA|NA|NA|NA|NA|4|2|1|1|NA|NA|9|*O995|*A419|*J189|NA|*N390|O995|NA|151446|NA|30122018|NA|NA|NA|20190001|N|NA|O995|03012019|5|S|S|3.2.01|3.2|NA|09012019|O995/A419/J189*N390|09012019|NA|NA|12|0|1|010|382|NA|17012020|5|16012020|NA|1|M|NA|NA|NA|NA|NA|NA|1260186
1|2|26122018|1005|835|355030|30071988|430|2|4|2|2|1|NA|521110|355030|1|2080346|NA|355030|NA|NA|NA|NA|NA|NA|NA|NA|NA|NA|NA|NA|NA|5|2|2|1|NA|NA|1|*R570|*I269*O882|NA|NA|NA|O882|NA|171407|NA|26122018|NA|NA|NA|20190001|N|NA|O882|03012019|5|S|S|3.2.01|3.2|NA|09012019|R570/I269 O882|09012019|NA|NA|10|0|1|014|NA|NA|NA|NA|NA|NA|NA|NA|NA|NA|NA|NA|NA|NA|1262098
1|2|26122018|NA|835|355030|23061993|425|2|1|1|2|1|NA|998999|355030|1|2066092|NA|355030|NA|NA|NA|NA|NA|NA|NA|NA|NA|NA|NA|NA|NA|4|2|1|1|NA|NA|1|*O882*I269|NA|NA|NA|NA|O882|NA|70357|NA|26122018|NA|NA|NA|20190019|S|13032019|O882|10012019|3|S|S|3.2.01|3.2|1|02052019|O882 I269|21012019|NA|NA|10|0|1|127|75|NA|12032019|5|11032019|NA|1|M|NA|NA|NA|NA|NA|NA|1263721
1|2|14122018|NA|835|353440|24051979|439|2|1|2|4|3|NA|421125|353440|1|7711980|NA|355030|NA|NA|NA|NA|NA|NA|NA|NA|NA|NA|NA|NA|NA|4|2|1|1|NA|NA|2|*A419|*J189|*O718|*O821|*Y840*K754|O718|NA|162819|NA|14122018|NA|NA|NA|20200006|S|07032019|O718|26022019|2|S|S|3.2.01|3.2|1|12022020|A419/J189/O718/O821*Y840 K754|07032019|NA|NA|12|0|1|425|NA|NA|NA|NA|NA|NA|NA|NA|NA|NA|NA|NA|NA|NA|1263770
1|2|21122018|2050|835|352940|14071979|439|2|1|2|5|5|NA|413225|352940|1|2688611|NA|355030|NA|NA|NA|NA|NA|NA|NA|NA|NA|NA|NA|NA|NA|4|2|1|1|NA|NA|2|*R688|*D65X|*O881|NA|NA|O881|NA|164157|NA|21122018|NA|NA|NA|20190001|N|NA|O881|02012019|5|S|S|3.2.01|3.2|NA|09012019|R688/D65/O881|09012019|NA|NA|08|0|1|019|195|NA|04092019|5|04072019|NA|1|M|NA|NA|NA|NA|NA|NA|1263919
1|2|23122018|0005|835|355030|28021998|420|2|1|1|4|3|NA|999994|351380|1|3367371|NA|355030|NA|NA|NA|NA|NA|NA|NA|NA|NA|NA|NA|NA|NA|4|2|1|1|NA|NA|2|*R571|*K729|*O141|NA|NA|O141|NA|159495|NA|23122018|NA|NA|NA|20190001|N|NA|O141|07012019|1|S|S|3.2.01|3.2|NA|09012019|R571/K729/O141|09012019|NA|NA|12|0|1|017|67|NA|07032019|1|28022019|NA|1|M|NA|NA|NA|NA|NA|NA|1264282
1|2|22122018|2230|835|355030|14091981|437|2|1|1|9|9|NA|514210|355030|1|2077620|NA|355030|NA|NA|NA|NA|NA|NA|NA|NA|NA|NA|NA|NA|NA|1|1|3|1|NA|NA|2|*A419|NA|*N390|NA|*O053|O053|NA|107427|NA|22122018|NA|NA|NA|20190030|S|03072019|O06|02012019|5|S|S|3.2.01|3.2|1|11072019|A419/ /N390*O053|09012019|NA|NA|09|0|1|201|193|NA|03072019|3|03072019|NA|1|M|NA|NA|NA|NA|NA|NA|1264322
1|2|28122018|0045|835|355030|25101979|439|2|1|2|3|2|NA|998999|355030|1|2082225|NA|355030|NA|NA|NA|NA|NA|NA|NA|NA|NA|NA|NA|NA|NA|4|2|1|1|NA|NA|2|*I619|NA|NA|*O150|NA|O150|NA|81419|NA|28122018|NA|NA|NA|20190031|S|14052019|O159|03012019|1|S|S|3.2.01|3.2|1|17072019|I619/ / /O150|09012019|NA|NA|11|0|1|201|118|NA|15052019|5|25042019|NA|1|M|NA|NA|NA|NA|NA|NA|1264531
1|2|14092018|0301|010|NA|20051973|445|2|2|2|4|3|3|514210|355030|1|2077639|NA|355030|NA|NA|NA|NA|NA|NA|NA|NA|NA|NA|NA|NA|NA|NA|NA|NA|1|NA|NA|1|*J81X|*O149|NA|NA|NA|O149|NA|39852|355030|15092018|NA|NA|NA|20190015|S|23012019|O13|01102018|4|S|S|3.2.01|3.2|1|10042019|J81/O149|04102018|NA|NA|06|0|1|208|123|NA|24012019|5|15012019|NA|1|M|NA|NA|NA|NA|NA|NA|1264846
1|2|29092018|2041|827|270840|22021969|449|2|4|1|3|1|4|998999|355030|1|2080583|NA|355030|NA|NA|NA|NA|NA|NA|NA|NA|NA|NA|NA|NA|NA|5|2|2|1|NA|NA|1|*O994*I619|NA|NA|NA|*I119|O994|NA|56895|355030|30092018|NA|NA|NA|20180038|N|NA|O994|02102018|4|S|S|3.2.01|3.2|NA|04102018|O994 I619*I119|04102018|NA|NA|02|0|1|005|NA|NA|NA|NA|NA|NA|NA|NA|NA|NA|NA|NA|NA|NA|1265001
1|2|30092018|1505|829|291470|03111998|419|2|1|1|4|3|1|999992|355030|1|2065665|NA|355030|NA|NA|NA|NA|NA|NA|NA|NA|NA|NA|NA|NA|NA|4|2|1|1|NA|NA|1|*O882|NA|NA|*O150|NA|O882|NA|49181|355030|01102018|NA|NA|NA|20190019|S|11122018|I269|07112018|4|S|S|3.2.01|3.2|1|02052019|O882/ / /O150|14112018|NA|NA|05|0|1|214|72|NA|13122018|5|11122018|NA|1|M|NA|NA|NA|NA|NA|NA|1265190
1|2|06102018|1345|835|355030|28091982|436|2|4|2|4|3|NA|999992|355030|1|3212130|NA|355030|NA|NA|NA|NA|NA|NA|NA|NA|NA|NA|NA|NA|NA|4|2|1|1|NA|NA|1|*O994*J159|*I517|*I129|*E669|NA|O994|NA|53350|355030|07102018|NA|NA|NA|20190035|S|31052019|E669|13112018|4|S|S|3.2.01|3.2|1|14082019|O994 J159/I517/I129/E669|14112018|NA|NA|12|0|1|312|237|NA|04062019|5|31052019|NA|1|M|NA|NA|NA|NA|NA|NA|1265595
1|2|09102018|1625|835|355030|25101982|435|2|4|1|2|1|NA|517330|355030|1|2091585|NA|355030|NA|NA|NA|NA|NA|NA|NA|NA|NA|NA|NA|NA|NA|5|2|2|1|NA|NA|1|*O994*J81X|*I269|NA|NA|*I10X|O994|NA|73593|355030|10102018|NA|NA|NA|20190014|S|24032019|I269|22112018|4|S|S|3.2.01|3.2|1|03042019|O994 J81/I269*I10|04122018|NA|NA|10|0|1|176|167|NA|26032019|6|25032019|NA|1|M|NA|NA|NA|NA|NA|NA|1265643
1|2|18102018|1558|835|355030|14041990|428|2|4|1|4|2|8|NA|355030|1|2091755|NA|355030|NA|NA|NA|NA|NA|NA|NA|NA|NA|NA|NA|NA|NA|4|2|1|1|NA|NA|1|*I269|*A419|*O860|NA|*A160*J180|O860|NA|109349|355030|19102018|NA|NA|NA|20190031|S|15052019|I269|23102018|4|S|S|3.2.01|3.2|1|17072019|I269/A419/O860*A160 J180|31102018|NA|NA|04|0|1|272|201|NA|16052019|5|07052019|NA|1|M|NA|NA|NA|NA|NA|NA|1265774
1|2|20102018|1900|835|355030|08031996|422|2|1|1|3|2|7|999992|355030|1|2082829|NA|355030|NA|NA|NA|NA|NA|NA|NA|NA|NA|NA|NA|NA|NA|1|1|3|1|NA|NA|1|*J849|*O985*B24X|NA|NA|*I10X*A162|O985|NA|85806|355030|21102018|NA|NA|NA|20190041|S|19072019|B24|23102018|4|S|S|3.2.01|3.2|1|25092019|J849/O985 B24*I10 A162|31102018|NA|NA|03|0|1|340|268|NA|17072019|1|15072019|NA|1|M|NA|NA|NA|NA|NA|NA|1265820
1|2|15122018|0340|835|355030|14061981|437|2|1|2|4|3|NA|998999|355030|1|2077701|NA|355030|NA|NA|NA|NA|NA|NA|NA|NA|NA|NA|NA|NA|NA|4|2|1|1|NA|NA|1|*O622*J81X|NA|NA|NA|*O829|O622|NA|56895|355030|15122018|NA|NA|NA|20190017|S|26022019|O995|18122018|4|S|S|3.2.01|3.2|1|24042019|O622 J81*O829|09012019|NA|NA|12|0|1|130|73|NA|26022019|5|26022019|NA|1|M|NA|NA|NA|NA|NA|NA|1267809
1|2|18092018|1900|835|352940|24061987|431|2|1|1|3|1|4|999992|352940|1|2082349|NA|352940|NA|NA|NA|NA|NA|NA|NA|NA|NA|NA|NA|NA|NA|1|1|3|1|NA|NA|1|*A419|*O995*J189|NA|NA|NA|O995|NA|120041|354780|29092018|NA|NA|NA|20190041|N|NA|O995|03102018|3|S|S|3.2.00|3.2|NA|11092019|A419/O995 J189|10102018|NA|NA|02|0|1|358|289|NA|04072019|1|04072019|NA|1|M|NA|NA|NA|NA|NA|NA|1269881
1|2|05122018|2110|841|410830|14071990|428|2|1|2|4|3|3|999992|354870|3|NA|NA|354870|NA|NA|NA|NA|NA|NA|NA|NA|NA|NA|NA|NA|NA|1|1|3|2|NA|NA|1|*O994*I609|NA|NA|NA|NA|O994|NA|112860|354870|06122018|NA|NA|NA|20190052|N|NA|O994|11122018|3|S|S|3.2.00|3.2|NA|27092019|O994 I609|19122018|NA|NA|06|0|1|296|97|NA|12032019|1|12032019|NA|1|M|NA|NA|NA|NA|NA|NA|1271348
1|2|01112018|0550|835|355030|26091987|431|2|1|1|5|5|NA|262705|355100|1|2025760|NA|354850|NA|NA|NA|NA|NA|NA|NA|NA|NA|NA|NA|NA|NA|4|2|1|1|NA|NA|2|*O751|*O670|*O758|NA|NA|O670|NA|65426|NA|01112018|NA|NA|NA|20180048|S|22112018|O670|05112018|2|S|S|3.2.00|3.2|8|27112018|O751/O670/O758|07112018|NA|NA|08|0|1|026|21|NA|22112018|5|22112018|NA|1|M|NA|NA|NA|NA|NA|NA|1272802
1|2|03122018|0120|835|351300|12051999|419|2|4|1|4|2|8|999992|353780|1|2083175|NA|353780|NA|NA|NA|NA|NA|NA|NA|NA|NA|NA|NA|NA|NA|4|2|1|1|NA|NA|NA|*O150|*O151|*I469|NA|NA|O151|NA|197181|NA|03122018|NA|NA|NA|20190001|N|NA|O151|10122018|1|S|S|3.2.00|3.2|NA|16012019|O150/O151/I469|12122018|NA|NA|04|0|1|044|105|NA|18032019|4|18032019|NA|1|M|NA|NA|NA|NA|NA|NA|1275659
1|2|18112018|1300|835|352050|30011985|433|2|1|1|4|2|8|999992|354520|1|2784602|NA|352050|NA|NA|NA|NA|NA|NA|NA|NA|NA|NA|NA|NA|NA|5|2|2|2|NA|NA|2|*O882|NA|NA|NA|NA|O882|NA|21580|352050|19112018|NA|NA|NA|20180051|S|NA|I269|22112018|4|S|S|3.2.00|3.2|8|05122018|O882|28112018|NA|NA|04|0|1|017|16|NA|18022019|6|04122018|NA|1|M|NA|NA|NA|NA|NA|NA|1281488
1|2|04102018|0500|835|352050|22101987|430|2|4|1|4|2|8|999992|352050|1|2784602|NA|352050|NA|NA|NA|NA|NA|NA|NA|NA|NA|NA|NA|NA|NA|5|2|2|1|NA|NA|2|*A419|*J189|*O723*N170|NA|NA|O723|NA|104128|NA|04102018|NA|NA|NA|20180052|S|19102018|N170|08102018|2|S|S|3.2.00|3.2|1|12122018|A419/J189/O723 N170|10102018|NA|NA|04|0|1|069|5|NA|12122018|5|09102018|NA|1|M|NA|NA|NA|NA|NA|NA|1283226
1|2|22122018|0020|835|350650|27102002|416|2|4|1|4|3|2|999991|350150|1|2025507|NA|352900|NA|NA|NA|NA|NA|NA|NA|NA|NA|NA|NA|NA|NA|4|2|1|1|NA|NA|2|*A419|*O234*N390|NA|NA|*R99X|O234|NA|101640|NA|22122018|NA|NA|NA|20190008|N|NA|O234|02012019|NA|S|S|3.2.00|3.2|NA|20022019|A419/O234 N390*R99|04012019|NA|NA|05|0|1|060|100|NA|01042019|5|01042019|NA|1|M|NA|NA|NA|NA|NA|NA|1284159
1|2|19122018|NA|826|261230|19091991|427|2|4|4|2|1|NA|621005|261230|1|2702983|NA|260600|NA|NA|NA|NA|NA|NA|NA|NA|NA|NA|NA|NA|NA|3|1|3|1|NA|NA|1|*R58X|NA|NA|NA|*O036|O036|NA|9916|260410|19122018|NA|NA|NA|20190029|S|19122018|R98|21012019|3|S|S|3.2.00|3.2|6|27062019|R58*O036|24012019|NA|NA|10|0|1|190|42|NA|29102019|2|30012019|NA|2|R|NA|NA|NA|NA|NA|NA|1285527
1|2|04122018|0520|826|260930|11022000|418|2|2|5|3|2|7|621005|260930|3|NA|NA|260930|NA|NA|NA|NA|NA|NA|NA|NA|NA|NA|NA|NA|NA|1|1|3|2|NA|NA|1|*O95X|NA|NA|NA|NA|O95|NA|21157|261110|05122018|NA|NA|NA|20180049|S|04122018|O95|10122018|3|S|S|3.2.00|3.2|6|12122018|O95|12122018|NA|NA|03|0|1|008|223|NA|03102019|1|15072019|NA|2|M|NA|NA|NA|NA|NA|NA|1285852
1|2|05122018|1920|826|261110|26061984|434|2|1|1|4|3|NA|421125|261110|1|2430711|NA|261110|NA|NA|NA|NA|NA|NA|NA|NA|NA|NA|NA|NA|NA|1|1|3|1|NA|NA|2|*A419|*J189|*O998*C921|NA|*D65X*N179|O998|NA|13753|NA|05122018|NA|NA|NA|20190003|S|09012019|O998|06122018|2|S|S|3.2.00|3.2|3|16012019|A419/J189/O998 C921*D65 N179|12122018|NA|NA|12|0|1|042|35|NA|21102019|1|09012019|NA|1|M|NA|NA|NA|NA|NA|NA|1285862
1|2|08122018|2230|827|270430|17122001|416|2|4|2|9|9|NA|999992|270430|1|6303153|NA|270430|NA|NA|NA|NA|NA|NA|NA|NA|NA|NA|NA|NA|NA|NA|NA|NA|1|NA|NA|1|*J969|*O880|NA|NA|NA|O880|NA|2558|270430|10122018|NA|NA|NA|20190008|S|29012019|O880|31012019|3|S|S|3.2.02|3.2|8|11022019|J969/O880|05022019|NA|NA|09|0|1|065|52|NA|11022019|5|29012019|NA|1|M|NA|NA|NA|NA|NA|NA|1286107
1|2|23122018|2034|828|280670|03112002|416|2|4|1|3|1|4|999991|280300|1|2546124|NA|280300|NA|NA|NA|NA|NA|NA|NA|NA|NA|NA|NA|NA|NA|1|1|3|1|NA|NA|1|*R99X|NA|NA|NA|*O211|O211|NA|3185|280030|24122018|NA|NA|NA|20190011|S|01022019|R99|07012019|3|S|S|3.2.00|3.2|1|01072019|R99*O211|10012019|NA|NA|02|0|1|190|158|NA|21082019|1|30052019|NA|1|M|NA|NA|NA|NA|NA|NA|1286844
1|2|08122018|0230|829|292660|17041995|423|2|1|NA|NA|NA|NA|622020|292660|1|2802104|NA|292740|NA|NA|NA|NA|NA|NA|NA|NA|NA|NA|NA|NA|NA|5|2|2|1|NA|NA|2|*A419|*O995*K501|NA|NA|NA|O995|NA|30518|NA|08122018|NA|NA|NA|20190114|S|18022019|K501|08012019|5|S|S|3.2.02|3.2|8|13092019|A419/O995 K501|10012019|NA|NA|NA|0|1|279|72|NA|18022019|6|18022019|NA|1|M|NA|NA|NA|NA|NA|NA|1288566
1|2|06102018|1440|852|521570|11121995|422|2|1|2|5|4|NA|999992|520870|1|2339196|NA|520870|NA|NA|NA|NA|NA|NA|NA|NA|NA|NA|NA|NA|NA|4|2|1|1|NA|NA|2|*A419|*J189|*O234|NA|*N200*O809|O234|NA|7509|NA|06102018|NA|NA|NA|20190085|S|23102018|N390|17122018|2|S|S|3.2.00|3.2|8|12122019|A419/J189/O234*N200 O809|19122018|NA|NA|07|0|1|432|17|NA|15012019|5|23102018|NA|2|M|NA|NA|NA|NA|NA|NA|1290255
1|2|13102018|0930|852|520330|21051988|430|2|1|NA|4|3|NA|999992|520330|1|2339196|NA|520870|NA|NA|NA|NA|NA|NA|NA|NA|NA|NA|NA|NA|NA|4|2|1|NA|NA|NA|NA|*A419|*O85X|NA|NA|NA|O85|NA|11768|NA|13102018|NA|NA|NA|20190082|NA|NA|O85|31012019|5|S|S|3.2.00|3.2|NA|02122019|A419/O85|01022019|NA|NA|12|0|1|415|247|NA|17062019|5|17062019|NA|1|M|NA|NA|NA|NA|NA|NA|1290717
1|2|18102018|1245|822|220050|06101986|432|2|2|2|4|3|NA|999992|521190|1|2338424|NA|520870|NA|NA|NA|NA|NA|NA|NA|NA|NA|NA|NA|NA|NA|4|2|1|1|NA|NA|2|*J960|*A419|*J189|*O995*J47X|*I270*J459*I429|O995|NA|18634|NA|18102018|NA|NA|NA|20190085|S|28012019|J47|03122018|1|S|S|3.2.00|3.2|1|12122019|J960/A419/J189/O995 J47*I270 J459 I429|03122018|NA|NA|12|0|1|420|102|NA|05122019|5|28012019|NA|3|E|NA|NA|NA|NA|NA|NA|1291163
1|2|25102018|1759|852|522020|25111983|434|2|4|2|4|3|NA|999992|520140|1|2339196|NA|520870|NA|NA|NA|NA|NA|NA|NA|NA|NA|NA|NA|NA|NA|4|2|1|NA|NA|NA|NA|*A419|*B459|*O988*B24X|NA|*E669*E149*N390|O988|NA|19967|NA|25102018|NA|NA|NA|20190085|S|29032019|B207|13122018|5|S|S|3.2.00|3.2|1|12122019|A419/B459/O988 B24*E669 E149 N390|19122018|NA|NA|12|0|1|413|113|NA|15102019|3|15022019|NA|2|E|NA|NA|NA|NA|NA|NA|1291317
1|2|11112018|1925|852|520910|17052001|417|2|4|1|4|3|NA|NA|520910|1|2339196|NA|520870|NA|NA|NA|NA|NA|NA|NA|NA|NA|NA|NA|NA|NA|3|1|3|1|NA|NA|1|*A419|*O075|NA|NA|NA|O075|NA|14382|520870|11112018|NA|NA|NA|20190085|S|07062019|R99|21112018|3|S|S|3.2.00|3.2|1|12122019|A419/O075|27112018|NA|NA|12|0|1|396|0|NA|15102019|3|11112018|NA|1|E|NA|NA|NA|NA|NA|NA|1292169
1|2|01122018|2110|817|170210|20121990|427|2|1|5|2|1|NA|999992|520640|1|2339196|NA|520870|NA|NA|NA|NA|NA|NA|NA|NA|NA|NA|NA|NA|NA|4|2|1|1|NA|NA|2|*I509|*R571|*O722|NA|*I517|O722|NA|11146|NA|01122018|NA|NA|NA|20200001|NA|NA|O722|13092019|1|S|S|3.2.00|3.2|NA|09012020|I509/R571/O722*I517|17092019|NA|NA|10|0|1|404|293|NA|20092019|5|20092019|NA|1|E|NA|NA|NA|NA|NA|NA|1292318
1|2|13122018|1120|852|520870|29071977|441|2|2|NA|NA|NA|NA|NA|520350|1|2339196|NA|520870|NA|NA|NA|NA|NA|NA|NA|NA|NA|NA|NA|NA|NA|4|2|1|1|NA|NA|2|*I619|*O152|NA|NA|*J449|O152|NA|11048|NA|13122018|NA|NA|NA|20190085|S|07062019|O994|04022019|1|S|S|3.2.00|3.2|1|12122019|I619/O152*J449|08022019|NA|NA|NA|0|1|364|176|NA|26062019|5|07062019|NA|3|E|NA|NA|NA|NA|NA|NA|1292764
1|2|02122018|1740|852|520140|22092004|414|2|1|1|3|2|NA|999991|520140|1|2338424|NA|520870|NA|NA|NA|NA|NA|NA|NA|NA|NA|NA|NA|NA|NA|4|2|1|1|NA|NA|2|*A419|*O230*O234|NA|NA|*I330*J189*N179|O230|NA|13497|NA|02122018|NA|NA|NA|20190085|S|11062019|I330|11122018|NA|S|S|3.2.00|3.2|1|12122019|A419/O230 O234*I330 J189 N179|19122018|NA|NA|11|0|1|375|117|NA|15102019|5|29032019|NA|2|E|NA|NA|NA|NA|NA|NA|1292812
1|2|05122018|2200|821|210900|26031997|421|2|4|2|4|3|NA|999992|520140|1|2589516|NA|520140|NA|NA|NA|NA|NA|NA|NA|NA|NA|NA|NA|NA|NA|4|2|1|1|NA|NA|1|*J81X|*O721*O754|*O622|NA|*O820*O321|O622|NA|13123|520870|06122018|NA|NA|NA|20190074|S|11062019|O751|26122018|4|S|S|3.2.00|3.2|1|17102019|J81/O721 O754/O622*O820 O321|27122018|NA|NA|12|0|1|316|142|NA|15102019|5|26042019|NA|2|E|NA|NA|NA|NA|NA|NA|1292857
1|2|21122018|0140|817|171320|13101980|438|2|4|2|9|9|NA|411010|522045|1|2519208|NA|520870|NA|NA|NA|NA|NA|NA|NA|NA|NA|NA|NA|NA|NA|4|2|1|1|NA|NA|2|*R571|*O720|*O438|NA|NA|O438|NA|16881|NA|21122018|NA|NA|NA|20190085|S|15102019|O438|16022019|2|S|S|3.2.00|3.2|3|12122019|R571/O720/O438|18022019|NA|NA|09|0|1|356|298|NA|15012020|5|15102019|NA|1|M|NA|NA|NA|NA|NA|NA|1292926
1|2|16122018|0905|852|520740|16041976|442|2|4|1|3|1|4|999992|520995|1|2343185|NA|520995|NA|NA|NA|NA|NA|NA|NA|NA|NA|NA|NA|NA|NA|3|1|3|1|NA|NA|1|*J81X|*I260|NA|*O032|NA|O032|NA|200083|520140|16122018|NA|NA|NA|20190063|S|05072019|O032|04022019|4|S|S|3.2.00|3.2|2|06092019|J81/I260/ /O032|08022019|NA|NA|02|0|1|264|201|NA|29082019|3|05072019|NA|1|M|NA|NA|NA|NA|NA|NA|1293539
1|2|21102018|1300|841|410840|11021992|426|2|4|1|4|3|3|999992|521880|1|2340690|NA|521880|NA|NA|NA|NA|NA|NA|NA|NA|NA|NA|NA|NA|NA|1|1|3|1|NA|NA|2|*O751|*O459|*O601|NA|*O244*O829*Y836|O459|NA|22326|NA|21102018|NA|NA|NA|20190061|S|14012019|O450|23102018|1|S|S|3.2.00|3.2|8|02092019|O751/O459/O601*O244 O829 Y836|26102018|NA|NA|06|0|1|316|85|NA|14012019|1|14012019|NA|1|M|NA|NA|NA|NA|NA|NA|1294189
1|2|10122018|1730|831|310620|08061990|428|2|1|1|2|1|NA|999992|310620|1|0026727|NA|310620|NA|NA|NA|NA|NA|NA|NA|NA|NA|NA|NA|NA|NA|1|1|3|1|NA|NA|2|*I619|*K767|*A491|*O995|*F102*F172|O995|NA|54641|NA|10122018|NA|NA|NA|20200002|S|27092019|A279|20122018|2|S|S|3.2.00|3.2|1|15012020|I619/K767/A491/O995*F102 F172|02012019|NA|NA|10|0|1|401|66|NA|01102019|1|14022019|NA|3|M|NA|NA|NA|NA|NA|NA|1296942
1|2|26112018|0930|831|310620|11061979|439|2|1|1|4|3|NA|517310|317120|1|0027014|NA|310620|NA|NA|NA|NA|NA|NA|NA|NA|NA|NA|NA|NA|NA|4|2|1|1|NA|NA|2|*I619|*O11X|NA|NA|NA|O11|NA|37719|NA|26112018|NA|NA|NA|20190041|S|28032019|O141|05122018|2|S|S|3.2.00|3.2|3|19092019|I619/O11|12122018|NA|NA|12|0|1|297|122|NA|28032019|5|28032019|NA|1|R|NA|NA|NA|NA|NA|NA|1297608
1|2|09122018|0830|831|311610|01031989|429|2|2|2|5|5|NA|231205|311610|1|0027014|NA|310620|NA|NA|NA|NA|NA|NA|NA|NA|NA|NA|NA|NA|NA|4|2|1|1|NA|NA|2|*O994*I011*I619|NA|NA|NA|NA|O994|NA|62454|NA|09122018|NA|NA|NA|20190053|S|06112019|I099|26122018|2|S|S|3.2.00|3.2|1|13112019|O994 I011 I619|02012019|NA|NA|08|0|1|339|100|NA|18102019|1|19032019|NA|3|M|NA|NA|NA|NA|NA|NA|1297936
1|2|14122018|1920|831|314480|14031975|443|2|4|3|4|3|NA|521110|314480|1|0027049|NA|310620|NA|NA|NA|NA|NA|NA|NA|NA|NA|NA|NA|NA|NA|NA|NA|NA|1|NA|NA|2|*R578|*O903*I500|NA|NA|*N19X|O903|NA|49756|NA|14122018|NA|NA|NA|20190037|S|22012019|I500|09012019|1|S|S|3.2.00|3.2|1|28082019|R578/O903 I500*N19|15012019|NA|NA|12|0|1|257|39|NA|22012019|9|22012019|NA|NA|R|NA|NA|NA|NA|NA|NA|1298134
1|2|30122018|1505|831|317020|11121985|433|2|2|1|9|9|NA|512105|317020|1|2146355|NA|317020|NA|NA|NA|NA|NA|NA|NA|NA|NA|NA|NA|NA|NA|1|1|3|1|NA|NA|2|*D65X|NA|*A419|*O411|NA|O411|NA|65125|NA|30122018|NA|NA|NA|20190004|S|04022019|O411|10012019|5|S|S|3.2.02|3.2|1|27022019|D65/ /A419/O411|30012019|NA|NA|09|0|1|059|33|NA|08022019|1|01022019|NA|1|M|NA|NA|NA|NA|NA|NA|1300359
1|2|10122018|0010|831|312770|23041983|435|2|4|1|3|1|4|999992|312770|1|2222043|NA|312770|NA|NA|NA|NA|NA|NA|NA|NA|NA|NA|NA|NA|NA|4|2|1|1|NA|NA|2|*J81X|*J159|*O995|NA|*F192*F172*D649|O995|NA|46769|NA|10122018|NA|NA|NA|20190011|S|04012019|O995|06032019|2|S|S|3.2.02|3.2|1|28032019|J81/J159/O995*F192 F172 D649|28032019|NA|NA|02|0|1|108|25|NA|30032019|5|04012019|NA|2|M|NA|NA|NA|NA|NA|NA|1300617
1|2|27112018|1720|831|312770|23091988|430|2|4|2|4|3|NA|999992|314995|1|7455038|NA|312770|NA|NA|NA|NA|NA|NA|NA|NA|NA|NA|NA|NA|NA|1|1|3|1|NA|NA|2|*R571|*O001|NA|NA|NA|O001|NA|68100|NA|27112018|NA|NA|NA|20190010|S|10012019|O001|03122018|2|S|S|3.2.02|3.2|3|13032019|R571/O001|13122018|NA|NA|12|0|1|106|118|NA|25032019|1|25032019|NA|1|M|NA|NA|NA|NA|NA|NA|1300965
1|2|13112018|1600|831|312770|13012001|417|2|4|1|4|3|1|999991|312770|1|2222043|NA|312770|NA|NA|NA|NA|NA|NA|NA|NA|NA|NA|NA|NA|NA|4|2|1|1|NA|NA|2|*R570|*O994*Q249|NA|NA|NA|O994|NA|42684|NA|13112018|NA|NA|NA|20200004|S|08022019|Q249|21112018|NA|S|S|3.2.02|3.2|8|31012020|R570/O994 Q249|30112018|NA|NA|05|0|1|444|87|NA|30032019|5|08022019|NA|3|M|NA|NA|NA|NA|NA|NA|1301006
1|2|07112018|0015|831|316940|19111997|420|2|1|1|4|2|8|999992|315830|1|2775999|NA|314790|NA|NA|NA|NA|NA|NA|NA|NA|NA|NA|NA|NA|NA|4|2|1|1|NA|NA|2|*R571|*O441|NA|NA|NA|O441|NA|50041|NA|07112018|NA|NA|NA|20190027|S|23122019|O411|22112018|2|S|S|3.2.02|3.2|1|26122019|R571/O441|29112018|NA|NA|04|0|1|414|98|NA|14022019|5|13022019|NA|1|M|NA|NA|NA|NA|NA|NA|1302220
1|2|21122018|1955|835|355030|16011976|442|2|1|2|NA|NA|NA|422105|310160|1|2171945|NA|310160|NA|NA|NA|NA|NA|NA|NA|NA|NA|NA|NA|NA|NA|5|2|2|NA|NA|NA|NA|*O998|*C028|NA|NA|NA|O998|NA|57165|NA|21122018|NA|NA|NA|20190028|S|11032019|C028|06022019|2|S|S|3.2.02|3.2|1|18092019|O998/C028|13022019|NA|NA|NA|0|1|271|61|NA|01042019|6|20022019|NA|1|M|NA|NA|NA|NA|NA|NA|1303397
1|2|18122018|NA|831|313270|04011996|422|2|4|9|4|3|3|999992|313130|3|NA|NA|313130|NA|NA|NA|NA|NA|NA|NA|NA|NA|NA|NA|NA|NA|1|1|3|9|NA|NA|1|*A419|*O230|*N390|NA|NA|O230|NA|43935|313130|18122018|NA|NA|NA|20190006|S|20032019|N390|11012019|3|S|S|3.2.02|3.2|1|28032019|A419/O230/N390|15012019|NA|NA|06|0|1|100|92|NA|28032019|1|20032019|NA|2|M|NA|NA|NA|NA|NA|NA|1303611
1|2|27122018|0333|831|314400|02061981|437|2|3|1|4|3|3|422305|312000|1|2205440|NA|313130|NA|NA|NA|NA|NA|NA|NA|NA|NA|NA|NA|NA|NA|4|2|1|1|NA|NA|2|*R571|*O721|NA|NA|NA|O721|NA|58518|NA|27122018|NA|NA|NA|20190018|S|20082019|O722|11012019|NA|S|S|3.2.02|3.2|2|30082019|R571/O721|15012019|NA|NA|06|0|1|246|81|NA|18032019|5|18032019|NA|2|M|NA|NA|NA|NA|NA|NA|1303683
1|2|31122018|1255|841|410940|15011983|435|2|1|1|4|3|3|521115|420240|1|2522101|NA|420240|NA|NA|NA|NA|NA|NA|NA|NA|NA|NA|NA|NA|NA|4|2|1|1|NA|NA|2|*O988*A419|*O988*J189|*O988*M329|NA|NA|O988|NA|17041|NA|31122018|NA|NA|NA|20190028|S|31122018|M328|15012019|5|S|S|3.2.02|3.2|3|17062019|O988 A419/O988 J189/O988 M329|21012019|NA|NA|06|0|1|168|91|NA|09072019|5|01042019|NA|1|M|NA|NA|NA|NA|NA|NA|1304671
1|2|14112018|0135|842|420240|29031999|419|2|1|1|4|3|3|999992|421250|1|2522691|NA|420820|NA|NA|NA|NA|NA|NA|NA|NA|NA|NA|NA|NA|NA|8|2|3|1|NA|NA|2|*O998|NA|NA|NA|*O064|O998|NA|19897|NA|14112018|NA|NA|NA|20180094|S|20112018|O998|23112018|5|S|S|3.2.02|3.2|4|23112018|O998*O064|23112018|NA|NA|06|0|1|009|36|NA|19022020|3|20122018|NA|3|M|NA|NA|NA|NA|NA|NA|1306506
1|2|26122018|1020|835|355030|02101987|431|2|2|1|3|1|4|514210|355030|2|6160824|NA|355030|NA|NA|NA|NA|NA|NA|NA|NA|NA|NA|NA|NA|NA|5|2|2|1|NA|NA|1|*O994*J81X|*J90X|*I269|NA|*I10X*I509*F172*F102*F142|O994|NA|39852|355030|26122018|NA|NA|NA|20190035|S|20062019|O994|10012019|4|S|S|3.2.01|3.2|1|14082019|O994 J81/J90/I269*I10 I509 F172 F102 F142|21012019|NA|NA|02|0|1|231|224|NA|08082019|6|07082019|NA|1|M|NA|NA|NA|NA|NA|NA|1307283
1|2|16122018|1710|835|355030|20051986|432|2|1|4|4|3|NA|999992|355030|1|2080583|NA|355030|NA|NA|NA|NA|NA|NA|NA|NA|NA|NA|NA|NA|NA|4|2|1|1|NA|NA|1|*O882|NA|NA|NA|NA|O882|NA|49181|355030|17122018|NA|NA|NA|20190040|S|18122018|O882|28012019|4|S|S|3.2.01|3.2|1|18092019|O882|30012019|NA|NA|12|0|1|276|262|NA|05092019|5|04092019|NA|1|M|NA|NA|NA|NA|NA|NA|1307654
1|2|27122018|0855|835|355030|29061987|431|2|2|1|4|3|NA|422105|355030|1|2077485|NA|355030|NA|NA|NA|NA|NA|NA|NA|NA|NA|NA|NA|NA|NA|1|1|3|1|NA|NA|1|*O994*I219|*I119|NA|NA|NA|O994|NA|73593|355030|27122018|NA|NA|NA|20190030|S|29062019|I219|01022019|4|S|S|3.2.01|3.2|1|11072019|O994 I219/I119|07022019|NA|NA|12|0|1|196|181|NA|01072019|1|26062019|NA|1|M|NA|NA|NA|NA|NA|NA|1307844
1|2|28112018|2200|831|316540|22031993|425|2|1|2|4|3|3|521110|350850|1|2082764|NA|355410|NA|NA|NA|NA|NA|NA|NA|NA|NA|NA|NA|NA|NA|4|2|1|1|NA|NA|2|*O141|*O150|NA|NA|NA|O150|NA|115208|NA|28112018|NA|NA|NA|20180052|N|NA|O150|03122018|5|S|S|3.2.00|3.2|NA|05122018|O141/O150|05122018|NA|NA|06|0|1|007|420|NA|22012020|5|22012020|NA|1|M|NA|NA|NA|NA|NA|NA|1308432
1|2|17122018|0335|841|410710|25031975|443|2|4|2|4|3|3|411010|351380|2|2801051|NA|351380|NA|NA|NA|NA|NA|NA|NA|NA|NA|NA|NA|NA|NA|1|1|3|1|NA|NA|1|*D649|*R58X|*O001|*O009|NA|O001|NA|129679|351380|17122018|NA|NA|NA|20190042|S|08032019|O001|20122018|3|S|S|3.2.00|3.2|8|25092019|D649/R58/O001/O009|27122018|NA|NA|06|0|1|282|80|NA|08032019|1|07032019|NA|1|M|NA|NA|NA|NA|NA|NA|1309207
1|2|25122018|2245|835|355220|10111980|438|2|1|9|5|5|NA|515120|355220|1|2078732|NA|355220|NA|NA|NA|NA|NA|NA|NA|NA|NA|NA|NA|NA|NA|4|2|1|NA|NA|NA|NA|*E878|*R578|*K920|*O996*K259|NA|O996|NA|138315|NA|25122018|NA|NA|NA|20190004|N|NA|O996|04012019|5|S|S|3.2.00|3.2|NA|23012019|E878/R578/K920/O996 K259|09012019|NA|NA|08|0|1|029|NA|NA|NA|NA|NA|NA|NA|NA|NA|NA|NA|NA|NA|NA|1311673
1|2|16122018|0037|835|355400|13091983|435|2|1|5|9|9|NA|999992|355400|1|2079135|NA|355400|NA|NA|NA|NA|NA|NA|NA|NA|NA|NA|NA|NA|NA|4|2|1|1|NA|NA|2|NA|*R571|*O141|*O459|NA|O141|NA|168706|NA|16122018|NA|NA|NA|20190003|S|03012019|O141|17122018|5|S|S|3.2.00|3.2|1|30012019|/R571/O141/O459|19122018|NA|NA|09|0|1|045|18|NA|03012019|5|03012019|NA|1|M|NA|NA|NA|NA|NA|NA|1312542
1|2|17122018|0650|835|352690|05081984|434|2|1|5|NA|NA|NA|231205|352690|1|2081458|NA|352690|NA|NA|NA|NA|NA|NA|NA|NA|NA|NA|NA|NA|NA|4|2|1|1|NA|NA|1|*O998|NA|NA|NA|NA|O998|NA|71538|352690|17122018|NA|NA|NA|20190013|S|15052019|O909|07012019|4|S|S|3.2.00|3.2|8|13062019|O998|09012019|NA|NA|NA|0|1|178|149|NA|07062019|5|15052019|NA|2|M|NA|NA|NA|NA|NA|NA|1313528
1|2|27122018|1643|835|353060|07101996|422|2|2|5|3|2|NA|513205|353060|3|NA|NA|353060|NA|NA|NA|NA|NA|NA|NA|NA|NA|NA|NA|NA|NA|5|2|2|2|NA|NA|1|*O95X|NA|NA|NA|NA|O95|NA|99736|353060|28122018|NA|NA|NA|20190022|N|NA|O95|07012019|3|S|S|3.2.00|3.2|NA|03062019|O95|09012019|NA|NA|11|0|1|158|32|NA|28012019|6|28012019|NA|1|M|NA|NA|NA|NA|NA|NA|1314274
2|2|11122018|0300|826|261485|26071985|433|2|1|1|4|3|NA|622005|241000|1|2409275|NA|240940|NA|NA|NA|NA|NA|NA|NA|NA|NA|NA|NA|NA|NA|1|1|3|1|NA|NA|1|*D649|*K661|*O710|NA|NA|O710|NA|5976|240800|12122018|NA|NA|NA|20190002|NA|NA|NA|20022019|4|S|S|3.2.00|3.2|NA|20022019|D649/K661/O710|20022019|NA|NA|12|0|1|071|NA|NA|NA|NA|NA|NA|NA|NA|NA|NA|NA|NA|NA|NA|1315074
1|2|19122018|1544|824|241110|29031997|421|2|4|1|3|1|4|622020|240190|1|2408570|NA|240810|NA|NA|NA|NA|NA|NA|NA|NA|NA|NA|NA|NA|NA|4|2|1|1|NA|NA|2|*O85X|*O080|*O075|NA|*N179|O85|NA|2495|NA|19122018|NA|NA|NA|20190013|S|25032019|O85|27122018|2|S|S|3.2.00|3.2|8|27052019|O85/O080/O075*N179|28122018|NA|NA|02|0|1|159|96|NA|04042019|5|25032019|NA|1|E|NA|NA|NA|NA|NA|NA|1315965
1|2|26042018|0500|814|140005|05041995|423|2|5|1|1|0|NA|NA|140005|3|NA|NA|140005|NA|NA|NA|NA|NA|NA|NA|NA|NA|NA|NA|NA|NA|NA|NA|NA|NA|NA|NA|NA|*R092|*K117|*O068|*T509|*R102|O068|NA|NA|NA|NA|NA|NA|NA|20180019|S|30042018|O068|21082018|NA|S|S|3.2.02|3.2|3|21082018|R092/K117/O068/T509*R102|21082018|NA|NA|00|1|1|117|340|NA|01042019|3|01042019|NA|1|E|NA|NA|NA|NA|NA|NA|1316623
